測項,違規列序,違規全文
自檢,0,"[自檢] 多列 ('R5', '左', '628-53(2)')"
自檢,1,"[自檢] ('R4', '左', '628(1)') 欄「真交集(㎡)」: baseline='999.99' got='109.15'"
自檢,2,"[自檢] ('R4', '右', '628-1(1)') 欄「選中」: baseline='' got='✅'"
參數0m,0,"[參數0m] ('R1',) 欄「街廓分配深度(m)」: baseline='32.97' got=33.15"
參數0m,1,"[參數0m] ('R1',) 欄「【左】街角最小面積(㎡)」: baseline='109.79' got=114.76"
參數0m,2,"[參數0m] ('R1',) 欄「【右】街角最小面積(㎡)」: baseline='110.56' got=116.84"
參數0m,3,"[參數0m] ('R2',) 欄「街廓分配深度(m)」: baseline='43.9' got=44.47"
參數0m,4,"[參數0m] ('R2',) 欄「【左】街角最小面積(㎡)」: baseline='151.44' got=225.69"
參數0m,5,"[參數0m] ('R3',) 欄「街廓分配深度(m)」: baseline='43.64' got=44.34"
參數0m,6,"[參數0m] ('R3',) 欄「【右】街角最小面積(㎡)」: baseline='152.82' got=226.91"
參數0m,7,"[參數0m] ('R4',) 欄「街廓分配深度(m)」: baseline='32.59' got=33.1"
參數0m,8,"[參數0m] ('R4',) 欄「【左】街角最小面積(㎡)」: baseline='109.2' got=135.15"
參數0m,9,"[參數0m] ('R4',) 欄「【右】街角最小面積(㎡)」: baseline='109.7' got=137.03"
參數0m,10,"[參數0m] ('R5',) 欄「街廓分配深度(m)」: baseline='45.04' got=45.71"
參數0m,11,"[參數0m] ('R5',) 欄「【左】街角最小面積(㎡)」: baseline='146.93' got=225.24"
參數0m,12,"[參數0m] ('R6',) 欄「街廓分配深度(m)」: baseline='44.59' got=45.51"
參數0m,13,"[參數0m] ('R6',) 欄「【右】街角最小面積(㎡)」: baseline='146.38' got=145.88"
參數3.5m,0,"[參數3.5m] ('R1',) 欄「街廓分配深度(m)」: baseline='32.97' got=33.15"
參數3.5m,1,"[參數3.5m] ('R1',) 欄「【左】街角最小面積(㎡)」: baseline='226.18' got=230.81"
參數3.5m,2,"[參數3.5m] ('R1',) 欄「【右】街角最小面積(㎡)」: baseline='226.88' got=232.79"
參數3.5m,3,"[參數3.5m] ('R2',) 欄「街廓分配深度(m)」: baseline='43.9' got=44.47"
參數3.5m,4,"[參數3.5m] ('R2',) 欄「【左】街角最小面積(㎡)」: baseline='309.05' got=382.85"
參數3.5m,5,"[參數3.5m] ('R3',) 欄「街廓分配深度(m)」: baseline='43.64' got=44.34"
參數3.5m,6,"[參數3.5m] ('R3',) 欄「【右】街角最小面積(㎡)」: baseline='308.93' got=383.67"
參數3.5m,7,"[參數3.5m] ('R4',) 欄「街廓分配深度(m)」: baseline='32.59' got=33.1"
參數3.5m,8,"[參數3.5m] ('R4',) 欄「【左】街角最小面積(㎡)」: baseline='225.25' got=251.08"
參數3.5m,9,"[參數3.5m] ('R4',) 欄「【右】街角最小面積(㎡)」: baseline='225.67' got=252.88"
參數3.5m,10,"[參數3.5m] ('R5',) 欄「街廓分配深度(m)」: baseline='45.04' got=45.71"
參數3.5m,11,"[參數3.5m] ('R5',) 欄「【左】街角最小面積(㎡)」: baseline='300.52' got=378.47"
參數3.5m,12,"[參數3.5m] ('R6',) 欄「街廓分配深度(m)」: baseline='44.59' got=45.51"
參數3.5m,13,"[參數3.5m] ('R6',) 欄「【右】街角最小面積(㎡)」: baseline='299.13' got=298.14"
v3·診斷0m,0,"[v3·診斷0m] 多列 ('R5', '左', '628-7(2)')"
v3·診斷0m,1,"[v3·診斷0m] 多列 ('R2', '左', '628-40(1)')"
v3·診斷0m,2,"[v3·診斷0m] ('R4', '左', '628(1)') 欄「真交集(㎡)」: baseline='109.15' got=135.05"
v3·診斷0m,3,"[v3·診斷0m] ('R4', '左', '628(1)') 欄「範圍面積(㎡)」: baseline='109.2' got=135.15"
v3·診斷0m,4,"[v3·診斷0m] ('R4', '左', '628(1)') 欄「門檻(㎡)」: baseline='109.2' got=135.15"
v3·診斷0m,5,"[v3·診斷0m] ('R4', '右', '628-1(1)') 欄「真交集(㎡)」: baseline='109.65' got=136.93"
v3·診斷0m,6,"[v3·診斷0m] ('R4', '右', '628-1(1)') 欄「範圍面積(㎡)」: baseline='109.7' got=137.03"
v3·診斷0m,7,"[v3·診斷0m] ('R4', '右', '628-1(1)') 欄「門檻(㎡)」: baseline='109.7' got=137.03"
v3·診斷0m,8,"[v3·診斷0m] ('R6', '右', '628-18(1)') 欄「真交集(㎡)」: baseline='16.81' got=16.67"
v3·診斷0m,9,"[v3·診斷0m] ('R6', '右', '628-18(1)') 欄「範圍面積(㎡)」: baseline='146.38' got=145.88"
v3·診斷0m,10,"[v3·診斷0m] ('R6', '右', '628-18(1)') 欄「門檻(㎡)」: baseline='146.38' got=145.88"
v3·診斷0m,11,"[v3·診斷0m] ('R6', '右', '628-38(1)') 欄「真交集(㎡)」: baseline='129.13' got=128.78"
v3·診斷0m,12,"[v3·診斷0m] ('R6', '右', '628-38(1)') 欄「範圍面積(㎡)」: baseline='146.38' got=145.88"
v3·診斷0m,13,"[v3·診斷0m] ('R6', '右', '628-38(1)') 欄「門檻(㎡)」: baseline='146.38' got=145.88"
v3·診斷0m,14,"[v3·診斷0m] ('R5', '左', '628-18(2)') 欄「真交集(㎡)」: baseline='130.41' got=199.89"
v3·診斷0m,15,"[v3·診斷0m] ('R5', '左', '628-18(2)') 欄「範圍面積(㎡)」: baseline='146.93' got=225.24"
v3·診斷0m,16,"[v3·診斷0m] ('R5', '左', '628-18(2)') 欄「門檻(㎡)」: baseline='146.93' got=225.24"
v3·診斷0m,17,"[v3·診斷0m] ('R5', '左', '628-18(2)') 欄「達標」: baseline='達標' got='未達標'"
v3·診斷0m,18,"[v3·診斷0m] ('R5', '左', '628-18(2)') 欄「正街角分(0.4)」: baseline='0.0' got='—'"
v3·診斷0m,19,"[v3·診斷0m] ('R5', '左', '628-18(2)') 欄「側街分(0.2)」: baseline='0.1697' got='—'"
v3·診斷0m,20,"[v3·診斷0m] ('R5', '左', '628-18(2)') 欄「跨占分(0.4)」: baseline='0.355' got='—'"
v3·診斷0m,21,"[v3·診斷0m] ('R5', '左', '628-18(2)') 欄「總分」: baseline='0.5247' got='—'"
v3·診斷0m,22,"[v3·診斷0m] ('R5', '左', '628-18(2)') 欄「選中」: baseline='✅' got=''"
v3·診斷0m,23,"[v3·診斷0m] ('R5', '左', '628-53(2)') 欄「範圍面積(㎡)」: baseline='146.93' got=225.24"
v3·診斷0m,24,"[v3·診斷0m] ('R5', '左', '628-53(2)') 欄「門檻(㎡)」: baseline='146.93' got=225.24"
v3·診斷0m,25,"[v3·診斷0m] ('R5', '左', '628-53(2)') 欄「項三比(≤1)」: baseline='0.019' got=0.0124"
v3·診斷0m,26,"[v3·診斷0m] ('R5', '左', '628-45(1)') 欄「真交集(㎡)」: baseline='13.73' got=20.97"
v3·診斷0m,27,"[v3·診斷0m] ('R5', '左', '628-45(1)') 欄「範圍面積(㎡)」: baseline='146.93' got=225.24"
v3·診斷0m,28,"[v3·診斷0m] ('R5', '左', '628-45(1)') 欄「門檻(㎡)」: baseline='146.93' got=225.24"
v3·診斷0m,29,"[v3·診斷0m] ('R2', '左', '628-41(1)') 欄「真交集(㎡)」: baseline='140.87' got=199.71"
v3·診斷0m,30,"[v3·診斷0m] ('R2', '左', '628-41(1)') 欄「範圍面積(㎡)」: baseline='151.44' got=225.69"
v3·診斷0m,31,"[v3·診斷0m] ('R2', '左', '628-41(1)') 欄「門檻(㎡)」: baseline='151.44' got=225.69"
v3·診斷0m,32,"[v3·診斷0m] ('R2', '左', '628-41(1)') 欄「項三比(≤1)」: baseline='0.9302' got=0.8849"
v3·診斷0m,33,"[v3·診斷0m] ('R2', '左', '628-41(1)') 欄「達標」: baseline='達標' got='未達標'"
v3·診斷0m,34,"[v3·診斷0m] ('R2', '左', '628-41(1)') 欄「正街角分(0.4)」: baseline='0.4' got='—'"
v3·診斷0m,35,"[v3·診斷0m] ('R2', '左', '628-41(1)') 欄「側街分(0.2)」: baseline='0.1588' got='—'"
v3·診斷0m,36,"[v3·診斷0m] ('R2', '左', '628-41(1)') 欄「跨占分(0.4)」: baseline='0.3721' got='—'"
v3·診斷0m,37,"[v3·診斷0m] ('R2', '左', '628-41(1)') 欄「總分」: baseline='0.9309' got='—'"
v3·診斷0m,38,"[v3·診斷0m] ('R2', '左', '628-41(1)') 欄「選中」: baseline='✅' got=''"
v3·診斷0m,39,"[v3·診斷0m] ('R2', '左', '628-42(1)') 欄「真交集(㎡)」: baseline='8.27' got=8.3"
v3·診斷0m,40,"[v3·診斷0m] ('R2', '左', '628-42(1)') 欄「範圍面積(㎡)」: baseline='151.44' got=225.69"
v3·診斷0m,41,"[v3·診斷0m] ('R2', '左', '628-42(1)') 欄「門檻(㎡)」: baseline='151.44' got=225.69"
v3·診斷0m,42,"[v3·診斷0m] ('R2', '左', '628-42(1)') 欄「項三比(≤1)」: baseline='0.0546' got=0.0368"
v3·診斷0m,43,"[v3·診斷0m] ('R2', '左', '628-27(1)') 欄「真交集(㎡)」: baseline='1.97' got=9.02"
v3·診斷0m,44,"[v3·診斷0m] ('R2', '左', '628-27(1)') 欄「範圍面積(㎡)」: baseline='151.44' got=225.69"
v3·診斷0m,45,"[v3·診斷0m] ('R2', '左', '628-27(1)') 欄「門檻(㎡)」: baseline='151.44' got=225.69"
v3·診斷0m,46,"[v3·診斷0m] ('R2', '左', '628-27(1)') 欄「項三比(≤1)」: baseline='0.013' got=0.04"
v3·診斷0m,47,"[v3·診斷0m] ('R3', '右', '628-45(2)') 欄「真交集(㎡)」: baseline='36.27' got=63.47"
v3·診斷0m,48,"[v3·診斷0m] ('R3', '右', '628-45(2)') 欄「範圍面積(㎡)」: baseline='152.82' got=226.91"
v3·診斷0m,49,"[v3·診斷0m] ('R3', '右', '628-45(2)') 欄「門檻(㎡)」: baseline='152.82' got=226.91"
v3·診斷0m,50,"[v3·診斷0m] ('R3', '右', '628-45(2)') 欄「項三比(≤1)」: baseline='0.2373' got=0.2797"
v3·診斷0m,51,"[v3·診斷0m] ('R3', '右', '628-45(2)') 欄「達標」: baseline='達標' got='未達標'"
v3·診斷0m,52,"[v3·診斷0m] ('R3', '右', '628-45(2)') 欄「截角邊(range)」: baseline='2.682' got=4.854"
v3·診斷0m,53,"[v3·診斷0m] ('R3', '右', '628-45(2)') 欄「臨截角」: baseline='2.682' got=4.854"
v3·診斷0m,54,"[v3·診斷0m] ('R3', '右', '628-45(2)') 欄「正街角分(0.4)」: baseline='0.4' got='—'"
v3·診斷0m,55,"[v3·診斷0m] ('R3', '右', '628-45(2)') 欄「側街分(0.2)」: baseline='0.0635' got='—'"
v3·診斷0m,56,"[v3·診斷0m] ('R3', '右', '628-45(2)') 欄「跨占分(0.4)」: baseline='0.0949' got='—'"
v3·診斷0m,57,"[v3·診斷0m] ('R3', '右', '628-45(2)') 欄「總分」: baseline='0.5585' got='—'"
v3·診斷0m,58,"[v3·診斷0m] ('R3', '右', '628-45(2)') 欄「選中」: baseline='✅' got=''"
v3·診斷0m,59,"[v3·診斷0m] ('R3', '右', '628-42(2)') 欄「真交集(㎡)」: baseline='102.31' got=129.29"
v3·診斷0m,60,"[v3·診斷0m] ('R3', '右', '628-42(2)') 欄「範圍面積(㎡)」: baseline='152.82' got=226.91"
v3·診斷0m,61,"[v3·診斷0m] ('R3', '右', '628-42(2)') 欄「門檻(㎡)」: baseline='152.82' got=226.91"
v3·診斷0m,62,"[v3·診斷0m] ('R3', '右', '628-42(2)') 欄「項三比(≤1)」: baseline='0.6695' got=0.5698"
v3·診斷0m,63,"[v3·診斷0m] ('R3', '右', '628-42(2)') 欄「截角邊(range)」: baseline='2.682' got=4.854"
v3·診斷0m,64,"[v3·診斷0m] ('R3', '右', '628-27(2)') 欄「真交集(㎡)」: baseline='11.96' got=20.32"
v3·診斷0m,65,"[v3·診斷0m] ('R3', '右', '628-27(2)') 欄「範圍面積(㎡)」: baseline='152.82' got=226.91"
v3·診斷0m,66,"[v3·診斷0m] ('R3', '右', '628-27(2)') 欄「門檻(㎡)」: baseline='152.82' got=226.91"
v3·診斷0m,67,"[v3·診斷0m] ('R3', '右', '628-27(2)') 欄「項三比(≤1)」: baseline='0.0783' got=0.0896"
v3·診斷0m,68,"[v3·診斷0m] ('R3', '右', '628-27(2)') 欄「截角邊(range)」: baseline='2.682' got=4.854"
v3·診斷0m,69,"[v3·診斷0m] ('R3', '右', '628-28(1)') 欄「真交集(㎡)」: baseline='2.29' got=13.83"
v3·診斷0m,70,"[v3·診斷0m] ('R3', '右', '628-28(1)') 欄「範圍面積(㎡)」: baseline='152.82' got=226.91"
v3·診斷0m,71,"[v3·診斷0m] ('R3', '右', '628-28(1)') 欄「門檻(㎡)」: baseline='152.82' got=226.91"
v3·診斷0m,72,"[v3·診斷0m] ('R3', '右', '628-28(1)') 欄「項三比(≤1)」: baseline='0.015' got=0.0609"
v3·診斷0m,73,"[v3·診斷0m] ('R3', '右', '628-28(1)') 欄「截角邊(range)」: baseline='2.682' got=4.854"
v3·診斷0m,74,"[v3·診斷0m] ('R1', '左', '628-37(1)') 欄「真交集(㎡)」: baseline='32.55' got=34.2"
v3·診斷0m,75,"[v3·診斷0m] ('R1', '左', '628-37(1)') 欄「範圍面積(㎡)」: baseline='109.79' got=114.76"
v3·診斷0m,76,"[v3·診斷0m] ('R1', '左', '628-37(1)') 欄「門檻(㎡)」: baseline='109.79' got=114.76"
v3·診斷0m,77,"[v3·診斷0m] ('R1', '左', '628-37(1)') 欄「截角邊(range)」: baseline='4.569' got=4.773"
v3·診斷0m,78,"[v3·診斷0m] ('R1', '左', '628-37(1)') 欄「臨截角」: baseline='4.569' got=4.773"
v3·診斷0m,79,"[v3·診斷0m] ('R1', '左', '628-36(1)') 欄「真交集(㎡)」: baseline='43.57' got=45.44"
v3·診斷0m,80,"[v3·診斷0m] ('R1', '左', '628-36(1)') 欄「範圍面積(㎡)」: baseline='109.79' got=114.76"
v3·診斷0m,81,"[v3·診斷0m] ('R1', '左', '628-36(1)') 欄「門檻(㎡)」: baseline='109.79' got=114.76"
v3·診斷0m,82,"[v3·診斷0m] ('R1', '左', '628-36(1)') 欄「截角邊(range)」: baseline='4.569' got=4.773"
v3·診斷0m,83,"[v3·診斷0m] ('R1', '左', '628-35(2)') 欄「真交集(㎡)」: baseline='33.67' got=35.12"
v3·診斷0m,84,"[v3·診斷0m] ('R1', '左', '628-35(2)') 欄「範圍面積(㎡)」: baseline='109.79' got=114.76"
v3·診斷0m,85,"[v3·診斷0m] ('R1', '左', '628-35(2)') 欄「門檻(㎡)」: baseline='109.79' got=114.76"
v3·診斷0m,86,"[v3·診斷0m] ('R1', '左', '628-35(2)') 欄「截角邊(range)」: baseline='4.569' got=4.773"
v3·診斷0m,87,"[v3·診斷0m] ('R1', '右', '628(5)') 欄「真交集(㎡)」: baseline='110.56' got=116.83"
v3·診斷0m,88,"[v3·診斷0m] ('R1', '右', '628(5)') 欄「範圍面積(㎡)」: baseline='110.56' got=116.84"
v3·診斷0m,89,"[v3·診斷0m] ('R1', '右', '628(5)') 欄「門檻(㎡)」: baseline='110.56' got=116.84"
v3·診斷0m,90,"[v3·診斷0m] ('R1', '右', '628(5)') 欄「截角邊(range)」: baseline='4.927' got=5.033"
v3·診斷0m,91,"[v3·診斷0m] ('R1', '右', '628(5)') 欄「正街角分(0.4)」: baseline='0.4' got=0.392"
v3·診斷0m,92,"[v3·診斷0m] ('R1', '右', '628(5)') 欄「總分」: baseline='1.0' got=0.9919"
無串聯0m,0,"[無串聯0m] 多列 ('R5', '左', '628-7(2)')"
無串聯0m,1,"[無串聯0m] 多列 ('R2', '左', '628-40(1)')"
無串聯0m,2,"[無串聯0m] ('R4', '左', '628(1)') 欄「真交集(㎡)」: baseline='109.15' got=135.05"
無串聯0m,3,"[無串聯0m] ('R4', '左', '628(1)') 欄「範圍面積(㎡)」: baseline='109.2' got=135.15"
無串聯0m,4,"[無串聯0m] ('R4', '左', '628(1)') 欄「門檻(㎡)」: baseline='109.2' got=135.15"
無串聯0m,5,"[無串聯0m] ('R4', '右', '628-1(1)') 欄「真交集(㎡)」: baseline='109.65' got=136.93"
無串聯0m,6,"[無串聯0m] ('R4', '右', '628-1(1)') 欄「範圍面積(㎡)」: baseline='109.7' got=137.03"
無串聯0m,7,"[無串聯0m] ('R4', '右', '628-1(1)') 欄「門檻(㎡)」: baseline='109.7' got=137.03"
無串聯0m,8,"[無串聯0m] ('R6', '右', '628-18(1)') 欄「真交集(㎡)」: baseline='16.81' got=16.67"
無串聯0m,9,"[無串聯0m] ('R6', '右', '628-18(1)') 欄「範圍面積(㎡)」: baseline='146.38' got=145.88"
無串聯0m,10,"[無串聯0m] ('R6', '右', '628-18(1)') 欄「門檻(㎡)」: baseline='146.38' got=145.88"
無串聯0m,11,"[無串聯0m] ('R6', '右', '628-38(1)') 欄「真交集(㎡)」: baseline='129.13' got=128.78"
無串聯0m,12,"[無串聯0m] ('R6', '右', '628-38(1)') 欄「範圍面積(㎡)」: baseline='146.38' got=145.88"
無串聯0m,13,"[無串聯0m] ('R6', '右', '628-38(1)') 欄「門檻(㎡)」: baseline='146.38' got=145.88"
無串聯0m,14,"[無串聯0m] ('R5', '左', '628-18(2)') 欄「真交集(㎡)」: baseline='130.41' got=199.89"
無串聯0m,15,"[無串聯0m] ('R5', '左', '628-18(2)') 欄「範圍面積(㎡)」: baseline='146.93' got=225.24"
無串聯0m,16,"[無串聯0m] ('R5', '左', '628-18(2)') 欄「門檻(㎡)」: baseline='146.93' got=225.24"
無串聯0m,17,"[無串聯0m] ('R5', '左', '628-18(2)') 欄「達標」: baseline='達標' got='未達標'"
無串聯0m,18,"[無串聯0m] ('R5', '左', '628-18(2)') 欄「正街角分(0.4)」: baseline='0.0' got='—'"
無串聯0m,19,"[無串聯0m] ('R5', '左', '628-18(2)') 欄「側街分(0.2)」: baseline='0.1697' got='—'"
無串聯0m,20,"[無串聯0m] ('R5', '左', '628-18(2)') 欄「跨占分(0.4)」: baseline='0.355' got='—'"
無串聯0m,21,"[無串聯0m] ('R5', '左', '628-18(2)') 欄「總分」: baseline='0.5247' got='—'"
無串聯0m,22,"[無串聯0m] ('R5', '左', '628-18(2)') 欄「選中」: baseline='✅' got=''"
無串聯0m,23,"[無串聯0m] ('R5', '左', '628-53(2)') 欄「範圍面積(㎡)」: baseline='146.93' got=225.24"
無串聯0m,24,"[無串聯0m] ('R5', '左', '628-53(2)') 欄「門檻(㎡)」: baseline='146.93' got=225.24"
無串聯0m,25,"[無串聯0m] ('R5', '左', '628-53(2)') 欄「項三比(≤1)」: baseline='0.019' got=0.0124"
無串聯0m,26,"[無串聯0m] ('R5', '左', '628-45(1)') 欄「真交集(㎡)」: baseline='13.73' got=20.97"
無串聯0m,27,"[無串聯0m] ('R5', '左', '628-45(1)') 欄「範圍面積(㎡)」: baseline='146.93' got=225.24"
無串聯0m,28,"[無串聯0m] ('R5', '左', '628-45(1)') 欄「門檻(㎡)」: baseline='146.93' got=225.24"
無串聯0m,29,"[無串聯0m] ('R2', '左', '628-41(1)') 欄「真交集(㎡)」: baseline='140.87' got=199.71"
無串聯0m,30,"[無串聯0m] ('R2', '左', '628-41(1)') 欄「範圍面積(㎡)」: baseline='151.44' got=225.69"
無串聯0m,31,"[無串聯0m] ('R2', '左', '628-41(1)') 欄「門檻(㎡)」: baseline='151.44' got=225.69"
無串聯0m,32,"[無串聯0m] ('R2', '左', '628-41(1)') 欄「項三比(≤1)」: baseline='0.9302' got=0.8849"
無串聯0m,33,"[無串聯0m] ('R2', '左', '628-41(1)') 欄「達標」: baseline='達標' got='未達標'"
無串聯0m,34,"[無串聯0m] ('R2', '左', '628-41(1)') 欄「正街角分(0.4)」: baseline='0.4' got='—'"
無串聯0m,35,"[無串聯0m] ('R2', '左', '628-41(1)') 欄「側街分(0.2)」: baseline='0.1588' got='—'"
無串聯0m,36,"[無串聯0m] ('R2', '左', '628-41(1)') 欄「跨占分(0.4)」: baseline='0.3721' got='—'"
無串聯0m,37,"[無串聯0m] ('R2', '左', '628-41(1)') 欄「總分」: baseline='0.9309' got='—'"
無串聯0m,38,"[無串聯0m] ('R2', '左', '628-41(1)') 欄「選中」: baseline='✅' got=''"
無串聯0m,39,"[無串聯0m] ('R2', '左', '628-42(1)') 欄「真交集(㎡)」: baseline='8.27' got=8.3"
無串聯0m,40,"[無串聯0m] ('R2', '左', '628-42(1)') 欄「範圍面積(㎡)」: baseline='151.44' got=225.69"
無串聯0m,41,"[無串聯0m] ('R2', '左', '628-42(1)') 欄「門檻(㎡)」: baseline='151.44' got=225.69"
無串聯0m,42,"[無串聯0m] ('R2', '左', '628-42(1)') 欄「項三比(≤1)」: baseline='0.0546' got=0.0368"
無串聯0m,43,"[無串聯0m] ('R2', '左', '628-27(1)') 欄「真交集(㎡)」: baseline='1.97' got=9.02"
無串聯0m,44,"[無串聯0m] ('R2', '左', '628-27(1)') 欄「範圍面積(㎡)」: baseline='151.44' got=225.69"
無串聯0m,45,"[無串聯0m] ('R2', '左', '628-27(1)') 欄「門檻(㎡)」: baseline='151.44' got=225.69"
無串聯0m,46,"[無串聯0m] ('R2', '左', '628-27(1)') 欄「項三比(≤1)」: baseline='0.013' got=0.04"
無串聯0m,47,"[無串聯0m] ('R3', '右', '628-45(2)') 欄「真交集(㎡)」: baseline='36.27' got=63.47"
無串聯0m,48,"[無串聯0m] ('R3', '右', '628-45(2)') 欄「範圍面積(㎡)」: baseline='152.82' got=226.91"
無串聯0m,49,"[無串聯0m] ('R3', '右', '628-45(2)') 欄「門檻(㎡)」: baseline='152.82' got=226.91"
無串聯0m,50,"[無串聯0m] ('R3', '右', '628-45(2)') 欄「項三比(≤1)」: baseline='0.2373' got=0.2797"
無串聯0m,51,"[無串聯0m] ('R3', '右', '628-45(2)') 欄「達標」: baseline='達標' got='未達標'"
無串聯0m,52,"[無串聯0m] ('R3', '右', '628-45(2)') 欄「截角邊(range)」: baseline='2.682' got=4.854"
無串聯0m,53,"[無串聯0m] ('R3', '右', '628-45(2)') 欄「臨截角」: baseline='2.682' got=4.854"
無串聯0m,54,"[無串聯0m] ('R3', '右', '628-45(2)') 欄「正街角分(0.4)」: baseline='0.4' got='—'"
無串聯0m,55,"[無串聯0m] ('R3', '右', '628-45(2)') 欄「側街分(0.2)」: baseline='0.0635' got='—'"
無串聯0m,56,"[無串聯0m] ('R3', '右', '628-45(2)') 欄「跨占分(0.4)」: baseline='0.0949' got='—'"
無串聯0m,57,"[無串聯0m] ('R3', '右', '628-45(2)') 欄「總分」: baseline='0.5585' got='—'"
無串聯0m,58,"[無串聯0m] ('R3', '右', '628-45(2)') 欄「選中」: baseline='✅' got=''"
無串聯0m,59,"[無串聯0m] ('R3', '右', '628-42(2)') 欄「真交集(㎡)」: baseline='102.31' got=129.29"
無串聯0m,60,"[無串聯0m] ('R3', '右', '628-42(2)') 欄「範圍面積(㎡)」: baseline='152.82' got=226.91"
無串聯0m,61,"[無串聯0m] ('R3', '右', '628-42(2)') 欄「門檻(㎡)」: baseline='152.82' got=226.91"
無串聯0m,62,"[無串聯0m] ('R3', '右', '628-42(2)') 欄「項三比(≤1)」: baseline='0.6695' got=0.5698"
無串聯0m,63,"[無串聯0m] ('R3', '右', '628-42(2)') 欄「截角邊(range)」: baseline='2.682' got=4.854"
無串聯0m,64,"[無串聯0m] ('R3', '右', '628-27(2)') 欄「真交集(㎡)」: baseline='11.96' got=20.32"
無串聯0m,65,"[無串聯0m] ('R3', '右', '628-27(2)') 欄「範圍面積(㎡)」: baseline='152.82' got=226.91"
無串聯0m,66,"[無串聯0m] ('R3', '右', '628-27(2)') 欄「門檻(㎡)」: baseline='152.82' got=226.91"
無串聯0m,67,"[無串聯0m] ('R3', '右', '628-27(2)') 欄「項三比(≤1)」: baseline='0.0783' got=0.0896"
無串聯0m,68,"[無串聯0m] ('R3', '右', '628-27(2)') 欄「截角邊(range)」: baseline='2.682' got=4.854"
無串聯0m,69,"[無串聯0m] ('R3', '右', '628-28(1)') 欄「真交集(㎡)」: baseline='2.29' got=13.83"
無串聯0m,70,"[無串聯0m] ('R3', '右', '628-28(1)') 欄「範圍面積(㎡)」: baseline='152.82' got=226.91"
無串聯0m,71,"[無串聯0m] ('R3', '右', '628-28(1)') 欄「門檻(㎡)」: baseline='152.82' got=226.91"
無串聯0m,72,"[無串聯0m] ('R3', '右', '628-28(1)') 欄「項三比(≤1)」: baseline='0.015' got=0.0609"
無串聯0m,73,"[無串聯0m] ('R3', '右', '628-28(1)') 欄「截角邊(range)」: baseline='2.682' got=4.854"
無串聯0m,74,"[無串聯0m] ('R1', '左', '628-37(1)') 欄「真交集(㎡)」: baseline='32.55' got=34.2"
無串聯0m,75,"[無串聯0m] ('R1', '左', '628-37(1)') 欄「範圍面積(㎡)」: baseline='109.79' got=114.76"
無串聯0m,76,"[無串聯0m] ('R1', '左', '628-37(1)') 欄「門檻(㎡)」: baseline='109.79' got=114.76"
無串聯0m,77,"[無串聯0m] ('R1', '左', '628-37(1)') 欄「截角邊(range)」: baseline='4.569' got=4.773"
無串聯0m,78,"[無串聯0m] ('R1', '左', '628-37(1)') 欄「臨截角」: baseline='4.569' got=4.773"
無串聯0m,79,"[無串聯0m] ('R1', '左', '628-36(1)') 欄「真交集(㎡)」: baseline='43.57' got=45.44"
無串聯0m,80,"[無串聯0m] ('R1', '左', '628-36(1)') 欄「範圍面積(㎡)」: baseline='109.79' got=114.76"
無串聯0m,81,"[無串聯0m] ('R1', '左', '628-36(1)') 欄「門檻(㎡)」: baseline='109.79' got=114.76"
無串聯0m,82,"[無串聯0m] ('R1', '左', '628-36(1)') 欄「截角邊(range)」: baseline='4.569' got=4.773"
無串聯0m,83,"[無串聯0m] ('R1', '左', '628-35(2)') 欄「真交集(㎡)」: baseline='33.67' got=35.12"
無串聯0m,84,"[無串聯0m] ('R1', '左', '628-35(2)') 欄「範圍面積(㎡)」: baseline='109.79' got=114.76"
無串聯0m,85,"[無串聯0m] ('R1', '左', '628-35(2)') 欄「門檻(㎡)」: baseline='109.79' got=114.76"
無串聯0m,86,"[無串聯0m] ('R1', '左', '628-35(2)') 欄「截角邊(range)」: baseline='4.569' got=4.773"
無串聯0m,87,"[無串聯0m] ('R1', '右', '628(5)') 欄「真交集(㎡)」: baseline='110.56' got=116.83"
無串聯0m,88,"[無串聯0m] ('R1', '右', '628(5)') 欄「範圍面積(㎡)」: baseline='110.56' got=116.84"
無串聯0m,89,"[無串聯0m] ('R1', '右', '628(5)') 欄「門檻(㎡)」: baseline='110.56' got=116.84"
無串聯0m,90,"[無串聯0m] ('R1', '右', '628(5)') 欄「截角邊(range)」: baseline='4.927' got=5.033"
無串聯0m,91,"[無串聯0m] ('R1', '右', '628(5)') 欄「正街角分(0.4)」: baseline='0.4' got=0.392"
無串聯0m,92,"[無串聯0m] ('R1', '右', '628(5)') 欄「總分」: baseline='1.0' got=0.9919"
指配0m,0,"[指配0m] ('R4',) 欄「【左】最小面積(㎡)」: baseline='109.2' got='135.15'"
指配0m,1,"[指配0m] ('R4',) 欄「【右】最小面積(㎡)」: baseline='109.7' got='137.03'"
指配0m,2,"[指配0m] ('R6',) 欄「【右】最小面積(㎡)」: baseline='146.38' got='145.88'"
指配0m,3,"[指配0m] ('R5',) 欄「【左】最小面積(㎡)」: baseline='146.93' got='225.24'"
指配0m,4,"[指配0m] ('R5',) 欄「【左】第1宗指配」: baseline='G005（628-18）[628-18(2)]' got='G022（628-7）[628-7(2)]'"
指配0m,5,"[指配0m] ('R5',) 欄「【左】優先權指數」: baseline='0.5247' got=0.0028"
指配0m,6,"[指配0m] ('R2',) 欄「【左】最小面積(㎡)」: baseline='151.44' got='225.69'"
指配0m,7,"[指配0m] ('R2',) 欄「【左】第1宗指配」: baseline='G023（628-41）[628-41(1)]' got='G010（628-40）[628-40(1)]'"
指配0m,8,"[指配0m] ('R2',) 欄「【左】優先權指數」: baseline='0.9309' got=0.0153"
指配0m,9,"[指配0m] ('R3',) 欄「【右】最小面積(㎡)」: baseline='152.82' got='226.91'"
指配0m,10,"[指配0m] ('R3',) 欄「【右】達資格候選」: baseline='1' got=0"
指配0m,11,"[指配0m] ('R3',) 欄「【右】第1宗指配」: baseline='G007（628-45）[628-45(2)]' got='⚠️ 強制抵費地'"
指配0m,12,"[指配0m] ('R3',) 欄「【右】優先權指數」: baseline='0.5585' got='—'"
指配0m,13,"[指配0m] ('R1',) 欄「【左】最小面積(㎡)」: baseline='109.79' got='114.76'"
指配0m,14,"[指配0m] ('R1',) 欄「【右】最小面積(㎡)」: baseline='110.56' got='116.84'"
指配0m,15,"[指配0m] ('R1',) 欄「【右】優先權指數」: baseline='1.0' got=0.9919"
v3·G值0m,0,"[v3·G值0m] 缺列 ('R3', 'R3-抵費地')"
v3·G值0m,1,"[v3·G值0m] 多列 ('R3', 'R3-抵費地-1')"
v3·G值0m,2,"[v3·G值0m] 多列 ('R3', 'R3-抵費地-2')"
v3·G值0m,3,"[v3·G值0m] ('R1', '628-37(1)') 欄「平均深度(m)」: baseline='32.97' got=33.15"
v3·G值0m,4,"[v3·G值0m] ('R1', '628-35(2)') 欄「平均深度(m)」: baseline='32.97' got=33.15"
v3·G值0m,5,"[v3·G值0m] ('R1', '628(5)') 欄「平均深度(m)」: baseline='32.97' got=33.15"
v3·G值0m,6,"[v3·G值0m] ('R1', '628-34(3)') 欄「平均深度(m)」: baseline='32.97' got=33.15"
v3·G值0m,7,"[v3·G值0m] ('R1', '628-36(1)') 欄「平均深度(m)」: baseline='32.97' got=33.15"
v3·G值0m,8,"[v3·G值0m] ('R1', 'R1-抵費地-1') 欄「平均深度(m)」: baseline='32.97' got=33.15"
v3·G值0m,9,"[v3·G值0m] ('R1', 'R1-抵費地-2') 欄「平均深度(m)」: baseline='32.97' got=33.15"
v3·G值0m,10,"[v3·G值0m] ('R2', '628-41(1)') 欄「平均深度(m)」: baseline='43.9' got=44.47"
v3·G值0m,11,"[v3·G值0m] ('R2', '628-41(1)') 欄「街角地」: baseline='是' got='否'"
v3·G值0m,12,"[v3·G值0m] ('R2', '628-41(1)') 欄「第1筆街角」: baseline='是' got='否'"
v3·G值0m,13,"[v3·G值0m] ('R2', '628-41(1)') 欄「街角側別」: baseline='左側' got='—'"
v3·G值0m,14,"[v3·G值0m] ('R2', '628-41(1)') 欄「W(m)」: baseline='3.98' got=10.61"
v3·G值0m,15,"[v3·G值0m] ('R2', '628-41(1)') 欄「Rw(%)」: baseline='37.69' got=20.81"
v3·G值0m,16,"[v3·G值0m] ('R2', '628-41(1)') 欄「S(m)」: baseline='5.69' got=4.08"
v3·G值0m,17,"[v3·G值0m] ('R2', '628-41(1)') 欄「幾何面積(㎡)」: baseline='173.16' got=182.99"
v3·G值0m,18,"[v3·G值0m] ('R2', '628-41(1)') 欄「G(㎡)」: baseline='173.16' got=182.99"
v3·G值0m,19,"[v3·G值0m] ('R2', '628-41(1)') 欄「累積S(m)」: baseline='5.69' got=12.33"
v3·G值0m,20,"[v3·G值0m] ('R2', '628-41(1)') 欄「負擔比率」: baseline='0.4577' got=0.4269"
v3·G值0m,21,"[v3·G值0m] ('R2', '628-41(1)') 欄「宗地寬度(m)」: baseline='5.68' got=4.07"
v3·G值0m,22,"[v3·G值0m] ('R2', '628-42(1)') 欄「平均深度(m)」: baseline='43.9' got=44.47"
v3·G值0m,23,"[v3·G值0m] ('R2', '628-42(1)') 欄「W(m)」: baseline='4.09' got=6.54"
v3·G值0m,24,"[v3·G值0m] ('R2', '628-42(1)') 欄「Rw(%)」: baseline='0.66' got=0.6"
v3·G值0m,25,"[v3·G值0m] ('R2', '628-42(1)') 欄「幾何面積(㎡)」: baseline='4.74' got=4.75"
v3·G值0m,26,"[v3·G值0m] ('R2', '628-42(1)') 欄「G(㎡)」: baseline='4.73' got=4.76"
v3·G值0m,27,"[v3·G值0m] ('R2', '628-42(1)') 欄「累積S(m)」: baseline='5.8' got=8.26"
v3·G值0m,28,"[v3·G值0m] ('R2', '628-42(1)') 欄「迭代次數」: baseline='18' got=17"
v3·G值0m,29,"[v3·G值0m] ('R2', '628-27(1)') 欄「平均深度(m)」: baseline='43.9' got=44.47"
v3·G值0m,30,"[v3·G值0m] ('R2', '628-27(1)') 欄「W(m)」: baseline='4.73' got=11.26"
v3·G值0m,31,"[v3·G值0m] ('R2', '628-27(1)') 欄「Rw(%)」: baseline='4.01' got=2.94"
v3·G值0m,32,"[v3·G值0m] ('R2', '628-27(1)') 欄「S(m)」: baseline='0.65' got=0.66"
v3·G值0m,33,"[v3·G值0m] ('R2', '628-27(1)') 欄「幾何面積(㎡)」: baseline='29.15' got=29.57"
v3·G值0m,34,"[v3·G值0m] ('R2', '628-27(1)') 欄「G(㎡)」: baseline='29.15' got=29.57"
v3·G值0m,35,"[v3·G值0m] ('R2', '628-27(1)') 欄「累積S(m)」: baseline='6.44' got=12.99"
v3·G值0m,36,"[v3·G值0m] ('R2', '628-27(1)') 欄「迭代次數」: baseline='18' got=17"
v3·G值0m,37,"[v3·G值0m] ('R2', '628-27(1)') 欄「負擔比率」: baseline='0.432' got=0.4238"
v3·G值0m,38,"[v3·G值0m] ('R2', '628-27(1)') 欄「宗地寬度(m)」: baseline='0.65' got=0.66"
v3·G值0m,39,"[v3·G值0m] ('R2', '628-40(1)') 欄「平均深度(m)」: baseline='43.9' got=44.47"
v3·G值0m,40,"[v3·G值0m] ('R2', '628-40(1)') 欄「街角地」: baseline='否' got='是'"
v3·G值0m,41,"[v3·G值0m] ('R2', '628-40(1)') 欄「第1筆街角」: baseline='否' got='是'"
v3·G值0m,42,"[v3·G值0m] ('R2', '628-40(1)') 欄「街角側別」: baseline='—' got='左側'"
v3·G值0m,43,"[v3·G值0m] ('R2', '628-40(1)') 欄「W(m)」: baseline='11.26' got=6.44"
v3·G值0m,44,"[v3·G值0m] ('R2', '628-40(1)') 欄「Rw(%)」: baseline='34.48' got=52.48"
v3·G值0m,45,"[v3·G值0m] ('R2', '628-40(1)') 欄「S(m)」: baseline='6.55' got=8.15"
v3·G值0m,46,"[v3·G值0m] ('R2', '628-40(1)') 欄「幾何面積(㎡)」: baseline='293.87' got=283.62"
v3·G值0m,47,"[v3·G值0m] ('R2', '628-40(1)') 欄「G(㎡)」: baseline='293.88' got=283.61"
v3·G值0m,48,"[v3·G值0m] ('R2', '628-40(1)') 欄「累積S(m)」: baseline='12.99' got=8.15"
v3·G值0m,49,"[v3·G值0m] ('R2', '628-40(1)') 欄「負擔比率」: baseline='0.4277' got=0.4477"
v3·G值0m,50,"[v3·G值0m] ('R2', '628-40(1)') 欄「宗地寬度(m)」: baseline='6.53' got=8.13"
v3·G值0m,51,"[v3·G值0m] ('R2', '628-43(1)') 欄「平均深度(m)」: baseline='43.9' got=44.47"
v3·G值0m,52,"[v3·G值0m] ('R2', '628-30(2)') 欄「平均深度(m)」: baseline='43.9' got=44.47"
v3·G值0m,53,"[v3·G值0m] ('R2', '628-39(1)') 欄「平均深度(m)」: baseline='43.9' got=44.47"
v3·G值0m,54,"[v3·G值0m] ('R2', '628-31(2)') 欄「平均深度(m)」: baseline='43.9' got=44.47"
v3·G值0m,55,"[v3·G值0m] ('R2', '628-35(1)') 欄「平均深度(m)」: baseline='43.9' got=44.47"
v3·G值0m,56,"[v3·G值0m] ('R2', '628-34(1)') 欄「平均深度(m)」: baseline='43.9' got=44.47"
v3·G值0m,57,"[v3·G值0m] ('R2', '628-49(1)') 欄「平均深度(m)」: baseline='43.9' got=44.47"
v3·G值0m,58,"[v3·G值0m] ('R2', '628-50(1)') 欄「平均深度(m)」: baseline='43.9' got=44.47"
v3·G值0m,59,"[v3·G值0m] ('R2', '628-51(1)') 欄「平均深度(m)」: baseline='43.9' got=44.47"
v3·G值0m,60,"[v3·G值0m] ('R2', '628-52(1)') 欄「平均深度(m)」: baseline='43.9' got=44.47"
v3·G值0m,61,"[v3·G值0m] ('R2', '628-32(2)') 欄「平均深度(m)」: baseline='43.9' got=44.47"
v3·G值0m,62,"[v3·G值0m] ('R2', 'R2-抵費地') 欄「平均深度(m)」: baseline='43.9' got=44.47"
v3·G值0m,63,"[v3·G值0m] ('R2', 'R2-抵費地') 欄「幾何面積(㎡)」: baseline='1799.4' got=1799.39"
v3·G值0m,64,"[v3·G值0m] ('R4', '628(1)') 欄「平均深度(m)」: baseline='32.59' got=33.1"
v3·G值0m,65,"[v3·G值0m] ('R4', '628-1(1)') 欄「平均深度(m)」: baseline='32.59' got=33.1"
v3·G值0m,66,"[v3·G值0m] ('R4', 'R4-抵費地') 欄「平均深度(m)」: baseline='32.59' got=33.1"
v3·G值0m,67,"[v3·G值0m] ('R6', '628(2)') 欄「平均深度(m)」: baseline='44.59' got=45.51"
v3·G值0m,68,"[v3·G值0m] ('R6', '628-1(2)') 欄「平均深度(m)」: baseline='44.59' got=45.51"
v3·G值0m,69,"[v3·G值0m] ('R6', '628-23(1)') 欄「平均深度(m)」: baseline='44.59' got=45.51"
v3·G值0m,70,"[v3·G值0m] ('R6', '628-4(1)') 欄「平均深度(m)」: baseline='44.59' got=45.51"
v3·G值0m,71,"[v3·G值0m] ('R6', '628-22(1)') 欄「平均深度(m)」: baseline='44.59' got=45.51"
v3·G值0m,72,"[v3·G值0m] ('R6', '628-21(1)') 欄「平均深度(m)」: baseline='44.59' got=45.51"
v3·G值0m,73,"[v3·G值0m] ('R6', '628-18(1)') 欄「平均深度(m)」: baseline='44.59' got=45.51"
v3·G值0m,74,"[v3·G值0m] ('R6', '628-53(1)') 欄「平均深度(m)」: baseline='44.59' got=45.51"
v3·G值0m,75,"[v3·G值0m] ('R6', '628-38(1)') 欄「平均深度(m)」: baseline='44.59' got=45.51"
v3·G值0m,76,"[v3·G值0m] ('R6', '628-7(1)') 欄「平均深度(m)」: baseline='44.59' got=45.51"
v3·G值0m,77,"[v3·G值0m] ('R6', '628-20(1)') 欄「平均深度(m)」: baseline='44.59' got=45.51"
v3·G值0m,78,"[v3·G值0m] ('R6', 'R6-抵費地-1') 欄「平均深度(m)」: baseline='44.59' got=45.51"
v3·G值0m,79,"[v3·G值0m] ('R6', 'R6-抵費地-2') 欄「平均深度(m)」: baseline='44.59' got=45.51"
v3·G值0m,80,"[v3·G值0m] ('R5', '628-18(2)') 欄「平均深度(m)」: baseline='45.04' got=45.71"
v3·G值0m,81,"[v3·G值0m] ('R5', '628-18(2)') 欄「街角地」: baseline='是' got='否'"
v3·G值0m,82,"[v3·G值0m] ('R5', '628-18(2)') 欄「第1筆街角」: baseline='是' got='否'"
v3·G值0m,83,"[v3·G值0m] ('R5', '628-18(2)') 欄「街角側別」: baseline='左側' got='—'"
v3·G值0m,84,"[v3·G值0m] ('R5', '628-18(2)') 欄「W(m)」: baseline='4.77' got=10.34"
v3·G值0m,85,"[v3·G值0m] ('R5', '628-18(2)') 欄「Rw(%)」: baseline='42.6' got=25.59"
v3·G值0m,86,"[v3·G值0m] ('R5', '628-18(2)') 欄「S(m)」: baseline='6.44' got=4.85"
v3·G值0m,87,"[v3·G值0m] ('R5', '628-18(2)') 欄「幾何面積(㎡)」: baseline='202.78' got=212.41"
v3·G值0m,88,"[v3·G值0m] ('R5', '628-18(2)') 欄「G(㎡)」: baseline='202.78' got=212.41"
v3·G值0m,89,"[v3·G值0m] ('R5', '628-18(2)') 欄「累積S(m)」: baseline='6.44' got=12.03"
v3·G值0m,90,"[v3·G值0m] ('R5', '628-18(2)') 欄「迭代次數」: baseline='17' got=18"
v3·G值0m,91,"[v3·G值0m] ('R5', '628-18(2)') 欄「負擔比率」: baseline='0.4679' got=0.4426"
v3·G值0m,92,"[v3·G值0m] ('R5', '628-18(2)') 欄「宗地寬度(m)」: baseline='6.41' got=4.83"
v3·G值0m,93,"[v3·G值0m] ('R5', '628-53(2)') 欄「平均深度(m)」: baseline='45.04' got=45.71"
v3·G值0m,94,"[v3·G值0m] ('R5', '628-53(2)') 欄「W(m)」: baseline='4.81' got=5.51"
v3·G值0m,95,"[v3·G值0m] ('R5', '628-53(2)') 欄「Rw(%)」: baseline='0.22' got=0.21"
v3·G值0m,96,"[v3·G值0m] ('R5', '628-53(2)') 欄「累積S(m)」: baseline='6.48' got=7.18"
v3·G值0m,97,"[v3·G值0m] ('R5', '628-53(2)') 欄「迭代次數」: baseline='18' got=16"
v3·G值0m,98,"[v3·G值0m] ('R5', '628-45(1)') 欄「平均深度(m)」: baseline='45.04' got=45.71"
v3·G值0m,99,"[v3·G值0m] ('R5', '628-45(1)') 欄「W(m)」: baseline='5.98' got=11.52"
v3·G值0m,100,"[v3·G值0m] ('R5', '628-45(1)') 欄「Rw(%)」: baseline='7.06' got=5.27"
v3·G值0m,101,"[v3·G值0m] ('R5', '628-45(1)') 欄「S(m)」: baseline='1.17' got=1.18"
v3·G值0m,102,"[v3·G值0m] ('R5', '628-45(1)') 欄「幾何面積(㎡)」: baseline='51.35' got=52.04"
v3·G值0m,103,"[v3·G值0m] ('R5', '628-45(1)') 欄「G(㎡)」: baseline='51.35' got=52.04"
v3·G值0m,104,"[v3·G值0m] ('R5', '628-45(1)') 欄「累積S(m)」: baseline='7.65' got=13.21"
v3·G值0m,105,"[v3·G值0m] ('R5', '628-45(1)') 欄「迭代次數」: baseline='14' got=17"
v3·G值0m,106,"[v3·G值0m] ('R5', '628-45(1)') 欄「負擔比率」: baseline='0.4461' got=0.4387"
v3·G值0m,107,"[v3·G值0m] ('R5', '628-7(2)') 欄「平均深度(m)」: baseline='45.04' got=45.71"
v3·G值0m,108,"[v3·G值0m] ('R5', '628-7(2)') 欄「街角地」: baseline='否' got='是'"
v3·G值0m,109,"[v3·G值0m] ('R5', '628-7(2)') 欄「第1筆街角」: baseline='否' got='是'"
v3·G值0m,110,"[v3·G值0m] ('R5', '628-7(2)') 欄「街角側別」: baseline='—' got='左側'"
v3·G值0m,111,"[v3·G值0m] ('R5', '628-7(2)') 欄「W(m)」: baseline='11.52' got=5.48"
v3·G值0m,112,"[v3·G值0m] ('R5', '628-7(2)') 欄「Rw(%)」: baseline='28.04' got=46.86"
v3·G值0m,113,"[v3·G值0m] ('R5', '628-7(2)') 欄「S(m)」: baseline='5.56' got=7.15"
v3·G值0m,114,"[v3·G值0m] ('R5', '628-7(2)') 欄「幾何面積(㎡)」: baseline='243.9' got=233.56"
v3·G值0m,115,"[v3·G值0m] ('R5', '628-7(2)') 欄「G(㎡)」: baseline='243.89' got=233.57"
v3·G值0m,116,"[v3·G值0m] ('R5', '628-7(2)') 欄「累積S(m)」: baseline='13.21' got=7.15"
v3·G值0m,117,"[v3·G值0m] ('R5', '628-7(2)') 欄「迭代次數」: baseline='13' got=16"
v3·G值0m,118,"[v3·G值0m] ('R5', '628-7(2)') 欄「負擔比率」: baseline='0.4415' got=0.4651"
v3·G值0m,119,"[v3·G值0m] ('R5', '628-7(2)') 欄「宗地寬度(m)」: baseline='5.54' got=7.12"
v3·G值0m,120,"[v3·G值0m] ('R5', '628-20(2)') 欄「平均深度(m)」: baseline='45.04' got=45.71"
v3·G值0m,121,"[v3·G值0m] ('R5', '628-30(1)') 欄「平均深度(m)」: baseline='45.04' got=45.71"
v3·G值0m,122,"[v3·G值0m] ('R5', '628-21(2)') 欄「平均深度(m)」: baseline='45.04' got=45.71"
v3·G值0m,123,"[v3·G值0m] ('R5', '628-21(2)') 欄「幾何面積(㎡)」: baseline='470.6' got=470.59"
v3·G值0m,124,"[v3·G值0m] ('R5', '628-21(2)') 欄「迭代次數」: baseline='18' got=13"
v3·G值0m,125,"[v3·G值0m] ('R5', '628(3)') 欄「平均深度(m)」: baseline='45.04' got=45.71"
v3·G值0m,126,"[v3·G值0m] ('R5', '628-23(2)') 欄「平均深度(m)」: baseline='45.04' got=45.71"
v3·G值0m,127,"[v3·G值0m] ('R5', '628-23(2)') 欄「幾何面積(㎡)」: baseline='423.56' got=423.55"
v3·G值0m,128,"[v3·G值0m] ('R5', '628-23(2)') 欄「迭代次數」: baseline='16' got=18"
v3·G值0m,129,"[v3·G值0m] ('R5', '628-22(2)') 欄「平均深度(m)」: baseline='45.04' got=45.71"
v3·G值0m,130,"[v3·G值0m] ('R5', '628-22(2)') 欄「幾何面積(㎡)」: baseline='520.36' got=520.37"
v3·G值0m,131,"[v3·G值0m] ('R5', '628-32(1)') 欄「平均深度(m)」: baseline='45.04' got=45.71"
v3·G值0m,132,"[v3·G值0m] ('R5', '628-31(1)') 欄「平均深度(m)」: baseline='45.04' got=45.71"
v3·G值0m,133,"[v3·G值0m] ('R5', 'R5-抵費地') 欄「平均深度(m)」: baseline='45.04' got=45.71"
v3·G值0m,134,"[v3·G值0m] ('R5', 'R5-抵費地') 欄「幾何面積(㎡)」: baseline='1766.08' got=1766.1"
v3·G值0m,135,"[v3·G值0m] ('R3', '628(4)') 欄「平均深度(m)」: baseline='43.64' got=44.34"
v3·G值0m,136,"[v3·G值0m] ('R3', '628(4)') 欄「幾何面積(㎡)」: baseline='44.89' got=44.9"
v3·G值0m,137,"[v3·G值0m] ('R3', '628-34(2)') 欄「平均深度(m)」: baseline='43.64' got=44.34"
v3·G值0m,138,"[v3·G值0m] ('R3', '628-34(2)') 欄「幾何面積(㎡)」: baseline='250.25' got=250.24"
v3·G值0m,139,"[v3·G值0m] ('R3', '628-34(2)') 欄「迭代次數」: baseline='18' got=16"
v3·G值0m,140,"[v3·G值0m] ('R3', '628-47(1)') 欄「平均深度(m)」: baseline='43.64' got=44.34"
v3·G值0m,141,"[v3·G值0m] ('R3', '628-47(1)') 欄「累積S(m)」: baseline='10.01' got=10.02"
v3·G值0m,142,"[v3·G值0m] ('R3', '628-47(1)') 欄「迭代次數」: baseline='15' got=9"
v3·G值0m,143,"[v3·G值0m] ('R3', '628-46(1)') 欄「平均深度(m)」: baseline='43.64' got=44.34"
v3·G值0m,144,"[v3·G值0m] ('R3', '628-46(1)') 欄「幾何面積(㎡)」: baseline='72.77' got=72.76"
v3·G值0m,145,"[v3·G值0m] ('R3', '628-46(1)') 欄「迭代次數」: baseline='13' got=17"
v3·G值0m,146,"[v3·G值0m] ('R3', '628-48(1)') 欄「平均深度(m)」: baseline='43.64' got=44.34"
v3·G值0m,147,"[v3·G值0m] ('R3', '628-48(1)') 欄「迭代次數」: baseline='14' got=17"
v3·G值0m,148,"[v3·G值0m] ('R3', '628-49(2)') 欄「平均深度(m)」: baseline='43.64' got=44.34"
v3·G值0m,149,"[v3·G值0m] ('R3', '628-49(2)') 欄「幾何面積(㎡)」: baseline='79.05' got=79.06"
v3·G值0m,150,"[v3·G值0m] ('R3', '628-32(3)') 欄「平均深度(m)」: baseline='43.64' got=44.34"
v3·G值0m,151,"[v3·G值0m] ('R3', '628-32(3)') 欄「幾何面積(㎡)」: baseline='421.41' got=421.42"
v3·G值0m,152,"[v3·G值0m] ('R3', '628-32(3)') 欄「迭代次數」: baseline='15' got=13"
v3·G值0m,153,"[v3·G值0m] ('R3', '628-45(2)') 欄「平均深度(m)」: baseline='43.64' got=44.34"
v3·G值0m,154,"[v3·G值0m] ('R3', '628-45(2)') 欄「街角地」: baseline='是' got='否'"
v3·G值0m,155,"[v3·G值0m] ('R3', '628-45(2)') 欄「第1筆街角」: baseline='是' got='否'"
v3·G值0m,156,"[v3·G值0m] ('R3', '628-45(2)') 欄「街角側別」: baseline='右側' got='—'"
v3·G值0m,157,"[v3·G值0m] ('R3', '628-45(2)') 欄「W(m)」: baseline='4.4' got=13.6"
v3·G值0m,158,"[v3·G值0m] ('R3', '628-45(2)') 欄「Rw(%)」: baseline='40.3' got=19.66"
v3·G值0m,159,"[v3·G值0m] ('R3', '628-45(2)') 欄「S(m)」: baseline='6.12' got=4.55"
v3·G值0m,160,"[v3·G值0m] ('R3', '628-45(2)') 欄「幾何面積(㎡)」: baseline='192.42' got=203.68"
v3·G值0m,161,"[v3·G值0m] ('R3', '628-45(2)') 欄「G(㎡)」: baseline='192.41' got=203.68"
v3·G值0m,162,"[v3·G值0m] ('R3', '628-45(2)') 欄「累積S(m)」: baseline='6.12' got=15.35"
v3·G值0m,163,"[v3·G值0m] ('R3', '628-45(2)') 欄「迭代次數」: baseline='18' got=13"
v3·G值0m,164,"[v3·G值0m] ('R3', '628-45(2)') 欄「負擔比率」: baseline='0.469' got=0.4379"
v3·G值0m,165,"[v3·G值0m] ('R3', '628-45(2)') 欄「宗地寬度(m)」: baseline='6.09' got=4.53"
v3·G值0m,166,"[v3·G值0m] ('R3', '628-42(2)') 欄「平均深度(m)」: baseline='43.64' got=44.34"
v3·G值0m,167,"[v3·G值0m] ('R3', '628-42(2)') 欄「W(m)」: baseline='6.3' got=7.07"
v3·G值0m,168,"[v3·G值0m] ('R3', '628-42(2)') 欄「Rw(%)」: baseline='11.41' got=11.02"
v3·G值0m,169,"[v3·G值0m] ('R3', '628-42(2)') 欄「S(m)」: baseline='1.91' got=1.9"
v3·G值0m,170,"[v3·G值0m] ('R3', '628-42(2)') 欄「幾何面積(㎡)」: baseline='85.04' got=85.21"
v3·G值0m,171,"[v3·G值0m] ('R3', '628-42(2)') 欄「G(㎡)」: baseline='85.04' got=85.2"
v3·G值0m,172,"[v3·G值0m] ('R3', '628-42(2)') 欄「累積S(m)」: baseline='8.03' got=8.8"
v3·G值0m,173,"[v3·G值0m] ('R3', '628-42(2)') 欄「迭代次數」: baseline='14' got=17"
v3·G值0m,174,"[v3·G值0m] ('R3', '628-42(2)') 欄「負擔比率」: baseline='0.4458' got=0.4448"
v3·G值0m,175,"[v3·G值0m] ('R3', '628-42(2)') 欄「宗地寬度(m)」: baseline='1.9' got=1.89"
v3·G值0m,176,"[v3·G值0m] ('R3', '628-27(2)') 欄「平均深度(m)」: baseline='43.64' got=44.34"
v3·G值0m,177,"[v3·G值0m] ('R3', '628-27(2)') 欄「W(m)」: baseline='6.88' got=7.65"
v3·G值0m,178,"[v3·G值0m] ('R3', '628-27(2)') 欄「Rw(%)」: baseline='3.29' got=3.12"
v3·G值0m,179,"[v3·G值0m] ('R3', '628-27(2)') 欄「幾何面積(㎡)」: baseline='25.94' got=26.01"
v3·G值0m,180,"[v3·G值0m] ('R3', '628-27(2)') 欄「G(㎡)」: baseline='25.94' got=26.01"
v3·G值0m,181,"[v3·G值0m] ('R3', '628-27(2)') 欄「累積S(m)」: baseline='8.61' got=9.38"
v3·G值0m,182,"[v3·G值0m] ('R3', '628-27(2)') 欄「迭代次數」: baseline='18' got=16"
v3·G值0m,183,"[v3·G值0m] ('R3', '628-28(1)') 欄「平均深度(m)」: baseline='43.64' got=44.34"
v3·G值0m,184,"[v3·G值0m] ('R3', '628-28(1)') 欄「W(m)」: baseline='8.29' got=9.06"
v3·G值0m,185,"[v3·G值0m] ('R3', '628-28(1)') 欄「Rw(%)」: baseline='7.61' got=7.4"
v3·G值0m,186,"[v3·G值0m] ('R3', '628-28(1)') 欄「幾何面積(㎡)」: baseline='63.52' got=63.6"
v3·G值0m,187,"[v3·G值0m] ('R3', '628-28(1)') 欄「G(㎡)」: baseline='63.52' got=63.6"
v3·G值0m,188,"[v3·G值0m] ('R3', '628-28(1)') 欄「累積S(m)」: baseline='10.02' got=10.8"
v3·G值0m,189,"[v3·G值0m] ('R3', '628-28(1)') 欄「迭代次數」: baseline='17' got=18"
v3·G值0m,190,"[v3·G值0m] ('R3', '628-29(1)') 欄「平均深度(m)」: baseline='43.64' got=44.34"
v3·G值0m,191,"[v3·G值0m] ('R3', '628-29(1)') 欄「W(m)」: baseline='9.71' got=15.03"
v3·G值0m,192,"[v3·G值0m] ('R3', '628-29(1)') 欄「Rw(%)」: baseline='7.09' got=5.13"
v3·G值0m,193,"[v3·G值0m] ('R3', '628-29(1)') 欄「S(m)」: baseline='1.42' got=1.44"
v3·G值0m,194,"[v3·G值0m] ('R3', '628-29(1)') 欄「幾何面積(㎡)」: baseline='63.72' got=64.48"
v3·G值0m,195,"[v3·G值0m] ('R3', '628-29(1)') 欄「G(㎡)」: baseline='63.72' got=64.49"
v3·G值0m,196,"[v3·G值0m] ('R3', '628-29(1)') 欄「累積S(m)」: baseline='11.45' got=16.8"
v3·G值0m,197,"[v3·G值0m] ('R3', '628-29(1)') 欄「負擔比率」: baseline='0.4411' got=0.4343"
v3·G值0m,198,"[v3·G值0m] ('R3', '628-29(1)') 欄「宗地寬度(m)」: baseline='1.41' got=1.43"
v3·G值0m,199,"[v3·G值0m] ('R3', '628-30(3)') 欄「平均深度(m)」: baseline='43.64' got=44.34"
v3·G值0m,200,"[v3·G值0m] ('R3', '628-30(3)') 欄「W(m)」: baseline='19.62' got=25.15"
v3·G值0m,201,"[v3·G值0m] ('R3', '628-30(3)') 欄「Rw(%)」: baseline='30.31' got=8.6"
v3·G值0m,202,"[v3·G值0m] ('R3', '628-30(3)') 欄「S(m)」: baseline='9.96' got=10.16"
v3·G值0m,203,"[v3·G值0m] ('R3', '628-30(3)') 欄「幾何面積(㎡)」: baseline='445.03' got=453.51"
v3·G值0m,204,"[v3·G值0m] ('R3', '628-30(3)') 欄「G(㎡)」: baseline='445.03' got=453.52"
v3·G值0m,205,"[v3·G值0m] ('R3', '628-30(3)') 欄「累積S(m)」: baseline='21.4' got=26.96"
v3·G值0m,206,"[v3·G值0m] ('R3', '628-30(3)') 欄「迭代次數」: baseline='15' got=17"
v3·G值0m,207,"[v3·G值0m] ('R3', '628-30(3)') 欄「負擔比率」: baseline='0.4318' got=0.421"
v3·G值0m,208,"[v3·G值0m] ('R3', '628-30(3)') 欄「宗地寬度(m)」: baseline='9.92' got=10.12"
v3·G值0m,209,"[v3·G值0m] ('R3', '628-31(3)') 欄「平均深度(m)」: baseline='43.64' got=44.34"
v3·G值0m,210,"[v3·G值0m] ('R3', '628-31(3)') 欄「W(m)」: baseline='28.13' got=33.67"
v3·G值0m,211,"[v3·G值0m] ('R3', '628-31(3)') 欄「S(m)」: baseline='8.54' got=8.55"
v3·G值0m,212,"[v3·G值0m] ('R3', '628-31(3)') 欄「幾何面積(㎡)」: baseline='380.81' got=380.79"
v3·G值0m,213,"[v3·G值0m] ('R3', '628-31(3)') 欄「G(㎡)」: baseline='380.81' got=380.79"
v3·G值0m,214,"[v3·G值0m] ('R3', '628-31(3)') 欄「累積S(m)」: baseline='29.95' got=35.51"
v3·G值0m,215,"[v3·G值0m] ('R3', '628-31(3)') 欄「迭代次數」: baseline='17' got=16"
v3·G值0m,216,"[v3·G值0m] ('R3', '628-31(3)') 欄「宗地寬度(m)」: baseline='8.5' got=8.51"
v3·滑池槽0m,0,"[v3·滑池槽0m] ('R2',) 欄「ΣRw_L實跑(%)」: baseline='100.01' got=100.0"
v3·滑池槽0m,1,"[v3·滑池槽0m] ('R2',) 欄「ΣG(㎡)」: baseline='2569.22' got=2569.23"
v3·滑池槽0m,2,"[v3·滑池槽0m] ('R2',) 欄「Σ配地幾何(㎡)」: baseline='2569.2' got=2569.21"
v3·滑池槽0m,3,"[v3·滑池槽0m] ('R2',) 欄「池總=幾何剩餘(㎡)」: baseline='1799.4' got=1799.39"
v3·滑池槽0m,4,"[v3·滑池槽0m] ('R2',) 欄「中央池(㎡)」: baseline='1799.4' got=1799.39"
v3·滑池槽0m,5,"[v3·滑池槽0m] ('R2',) 欄「守恆殘差(㎡)」: baseline='0.01' got=0.02"
v3·滑池槽0m,6,"[v3·滑池槽0m] ('R2',) 欄「幾何片明細(㎡)」: baseline='[1799.4]' got='[1799.39]'"
v3·滑池槽0m,7,"[v3·滑池槽0m] ('R3',) 欄「J(naive)」: baseline='44.8987' got=24.6668"
v3·滑池槽0m,8,"[v3·滑池槽0m] ('R3',) 欄「J(k*)」: baseline='44.8987' got=24.6668"
v3·滑池槽0m,9,"[v3·滑池槽0m] ('R3',) 欄「ΣRw_R理論@k*(%)」: baseline='100.0' got=54.94"
v3·滑池槽0m,10,"[v3·滑池槽0m] ('R3',) 欄「ΣRw_R實跑(%)」: baseline='100.01' got=54.93"
v3·滑池槽0m,11,"[v3·滑池槽0m] ('R3',) 欄「ΣG(㎡)」: baseline='2411.64' got=2432.46"
v3·滑池槽0m,12,"[v3·滑池槽0m] ('R3',) 欄「Σ配地幾何(㎡)」: baseline='2411.63' got=2432.44"
v3·滑池槽0m,13,"[v3·滑池槽0m] ('R3',) 欄「池總=幾何剩餘(㎡)」: baseline='1795.17' got=1774.36"
v3·滑池槽0m,14,"[v3·滑池槽0m] ('R3',) 欄「角落抵費地R(㎡)」: baseline='0.0' got=226.91"
v3·滑池槽0m,15,"[v3·滑池槽0m] ('R3',) 欄「中央池(㎡)」: baseline='1795.17' got=1547.45"
v3·滑池槽0m,16,"[v3·滑池槽0m] ('R3',) 欄「守恆殘差(㎡)」: baseline='0.01' got=0.02"
v3·滑池槽0m,17,"[v3·滑池槽0m] ('R3',) 欄「幾何片明細(㎡)」: baseline='[1795.17]' got='[1547.45, 226.91]'"
v3·滑池槽0m,18,"[v3·滑池槽0m] ('R3',) 欄「片數」: baseline='1' got=2"
v3·滑池槽0m,19,"[v3·滑池槽0m] ('R5',) 欄「ΣRw_L實跑(%)」: baseline='100.0' got=100.01"
v3·滑池槽0m,20,"[v3·滑池槽0m] ('R5',) 欄「Σ配地幾何(㎡)」: baseline='2384.14' got=2384.11"
v3·滑池槽0m,21,"[v3·滑池槽0m] ('R5',) 欄「池總=幾何剩餘(㎡)」: baseline='1766.08' got=1766.1"
v3·滑池槽0m,22,"[v3·滑池槽0m] ('R5',) 欄「中央池(㎡)」: baseline='1766.08' got=1766.1"
v3·滑池槽0m,23,"[v3·滑池槽0m] ('R5',) 欄「守恆殘差(㎡)」: baseline='-0.05' got=-0.03"
v3·滑池槽0m,24,"[v3·滑池槽0m] ('R5',) 欄「幾何片明細(㎡)」: baseline='[1766.08]' got='[1766.1]'"
v3·J表0m,0,"[v3·J表0m] ('R2', '1') 欄「J」: baseline='16.9522' got=23.5948"
v3·J表0m,1,"[v3·J表0m] ('R2', '1') 欄「dev(m)」: baseline='48.13' got=43.23"
v3·J表0m,2,"[v3·J表0m] ('R2', '1') 欄「ΣRw_L(%)」: baseline='37.71' got=52.49"
v3·J表0m,3,"[v3·J表0m] ('R2', '2') 欄「J」: baseline='17.2607' got=23.8767"
v3·J表0m,4,"[v3·J表0m] ('R2', '2') 欄「dev(m)」: baseline='47.91' got=43.01"
v3·J表0m,5,"[v3·J表0m] ('R2', '2') 欄「ΣRw_L(%)」: baseline='38.4' got=53.11"
v3·J表0m,6,"[v3·J表0m] ('R2', '3') 欄「J」: baseline='19.0724' got=33.2369"
v3·J表0m,7,"[v3·J表0m] ('R2', '3') 欄「dev(m)」: baseline='46.61' got=34.87"
v3·J表0m,8,"[v3·J表0m] ('R2', '3') 欄「ΣRw_L(%)」: baseline='42.43' got=73.93"
v3·J表0m,9,"[v3·J表0m] ('R3', '0') 欄「J」: baseline='44.8987' got=24.6668"
v3·J表0m,10,"[v3·J表0m] ('R3', '0') 欄「dev(m)」: baseline='56.04' got=54.7"
v3·J表0m,11,"[v3·J表0m] ('R3', '0') 欄「ΣRw_R(%)」: baseline='100.0' got=54.94"
v3·J表0m,12,"[v3·J表0m] ('R3', '1') 欄「J」: baseline='44.8987' got=24.6668"
v3·J表0m,13,"[v3·J表0m] ('R3', '1') 欄「dev(m)」: baseline='53.98' got=52.64"
v3·J表0m,14,"[v3·J表0m] ('R3', '1') 欄「ΣRw_R(%)」: baseline='100.0' got=54.94"
v3·J表0m,15,"[v3·J表0m] ('R3', '2') 欄「J」: baseline='44.8987' got=24.6668"
v3·J表0m,16,"[v3·J表0m] ('R3', '2') 欄「dev(m)」: baseline='42.58' got=41.24"
v3·J表0m,17,"[v3·J表0m] ('R3', '2') 欄「ΣRw_R(%)」: baseline='100.0' got=54.94"
v3·J表0m,18,"[v3·J表0m] ('R3', '3') 欄「J」: baseline='44.8987' got=24.6668"
v3·J表0m,19,"[v3·J表0m] ('R3', '3') 欄「dev(m)」: baseline='36.06' got=34.72"
v3·J表0m,20,"[v3·J表0m] ('R3', '3') 欄「ΣRw_R(%)」: baseline='100.0' got=54.94"
v3·J表0m,21,"[v3·J表0m] ('R3', '4') 欄「J」: baseline='44.8987' got=24.6668"
v3·J表0m,22,"[v3·J表0m] ('R3', '4') 欄「dev(m)」: baseline='32.76' got=31.42"
v3·J表0m,23,"[v3·J表0m] ('R3', '4') 欄「ΣRw_R(%)」: baseline='100.0' got=54.94"
v3·J表0m,24,"[v3·J表0m] ('R3', '5') 欄「J」: baseline='44.8987' got=24.6668"
v3·J表0m,25,"[v3·J表0m] ('R3', '5') 欄「dev(m)」: baseline='26.24' got=24.9"
v3·J表0m,26,"[v3·J表0m] ('R3', '5') 欄「ΣRw_R(%)」: baseline='100.0' got=54.94"
v3·J表0m,27,"[v3·J表0m] ('R3', '6') 欄「J」: baseline='44.8987' got=24.6668"
v3·J表0m,28,"[v3·J表0m] ('R3', '6') 欄「dev(m)」: baseline='22.66' got=21.32"
v3·J表0m,29,"[v3·J表0m] ('R3', '6') 欄「ΣRw_R(%)」: baseline='100.0' got=54.94"
v3·J表0m,30,"[v3·J表0m] ('R3', '7') 欄「J」: baseline='44.8987' got=24.6668"
v3·J表0m,31,"[v3·J表0m] ('R3', '7') 欄「dev(m)」: baseline='3.58' got=2.24"
v3·J表0m,32,"[v3·J表0m] ('R3', '7') 欄「ΣRw_R(%)」: baseline='100.0' got=54.94"
v3·J表0m,33,"[v3·J表0m] ('R3', '8') 欄「J」: baseline='44.8987' got=24.6668"
v3·J表0m,34,"[v3·J表0m] ('R3', '8') 欄「dev(m)」: baseline='13.42' got=14.78"
v3·J表0m,35,"[v3·J表0m] ('R3', '8') 欄「ΣRw_R(%)」: baseline='100.0' got=54.94"
v3·J表0m,36,"[v3·J表0m] ('R3', '9') 欄「J」: baseline='31.2725' got=20.7841"
v3·J表0m,37,"[v3·J表0m] ('R3', '9') 欄「dev(m)」: baseline='33.26' got=35.02"
v3·J表0m,38,"[v3·J表0m] ('R3', '9') 欄「ΣRw_R(%)」: baseline='69.65' got=46.29"
v3·J表0m,39,"[v3·J表0m] ('R3', '10') 欄「J」: baseline='28.106' got=18.4843"
v3·J表0m,40,"[v3·J表0m] ('R3', '10') 欄「dev(m)」: baseline='36.08' got=37.88"
v3·J表0m,41,"[v3·J表0m] ('R3', '10') 欄「ΣRw_R(%)」: baseline='62.6' got=41.17"
v3·J表0m,42,"[v3·J表0m] ('R3', '11') 欄「J」: baseline='24.6968' got=9.6585"
v3·J表0m,43,"[v3·J表0m] ('R3', '11') 欄「dev(m)」: baseline='38.9' got=46.94"
v3·J表0m,44,"[v3·J表0m] ('R3', '11') 欄「ΣRw_R(%)」: baseline='55.01' got=21.51"
v3·J表0m,45,"[v3·J表0m] ('R3', '12') 欄「J」: baseline='23.2125' got=6.345"
v3·J表0m,46,"[v3·J表0m] ('R3', '12') 欄「dev(m)」: baseline='40.06' got=49.76"
v3·J表0m,47,"[v3·J表0m] ('R3', '12') 欄「ΣRw_R(%)」: baseline='51.7' got=14.13"
v3·J表0m,48,"[v3·J表0m] ('R3', '13') 欄「J」: baseline='18.0802' got=4.9388"
v3·J表0m,49,"[v3·J表0m] ('R3', '13') 欄「dev(m)」: baseline='43.86' got=50.92"
v3·J表0m,50,"[v3·J表0m] ('R3', '13') 欄「ΣRw_R(%)」: baseline='40.27' got=11.0"
v3·J表0m,51,"[v3·J表0m] ('R5', '1') 欄「J」: baseline='18.532' got=20.4064"
v3·J表0m,52,"[v3·J表0m] ('R5', '1') 欄「dev(m)」: baseline='40.75' got=39.33"
v3·J表0m,53,"[v3·J表0m] ('R5', '1') 欄「ΣRw_L(%)」: baseline='42.57' got=46.88"
v3·J表0m,54,"[v3·J表0m] ('R5', '2') 欄「J」: baseline='18.6399' got=20.5109"
v3·J表0m,55,"[v3·J表0m] ('R5', '2') 欄「dev(m)」: baseline='40.67' got=39.25"
v3·J表0m,56,"[v3·J表0m] ('R5', '2') 欄「ΣRw_L(%)」: baseline='42.82' got=47.12"
v3·J表0m,57,"[v3·J表0m] ('R5', '3') 欄「J」: baseline='21.7123' got=31.6505"
v3·J表0m,58,"[v3·J表0m] ('R5', '3') 欄「dev(m)」: baseline='38.33' got=29.59"
v3·J表0m,59,"[v3·J表0m] ('R5', '3') 欄「ΣRw_L(%)」: baseline='49.88' got=72.71"
v3·診斷3.5m,0,"[v3·診斷3.5m] ('R4', '左', '628(1)') 欄「真交集(㎡)」: baseline='224.94' got=250.71"
v3·診斷3.5m,1,"[v3·診斷3.5m] ('R4', '左', '628(1)') 欄「範圍面積(㎡)」: baseline='225.25' got=251.08"
v3·診斷3.5m,2,"[v3·診斷3.5m] ('R4', '左', '628(1)') 欄「門檻(㎡)」: baseline='225.25' got=251.08"
v3·診斷3.5m,3,"[v3·診斷3.5m] ('R4', '右', '628-1(1)') 欄「真交集(㎡)」: baseline='225.38' got=252.53"
v3·診斷3.5m,4,"[v3·診斷3.5m] ('R4', '右', '628-1(1)') 欄「範圍面積(㎡)」: baseline='225.67' got=252.88"
v3·診斷3.5m,5,"[v3·診斷3.5m] ('R4', '右', '628-1(1)') 欄「門檻(㎡)」: baseline='225.67' got=252.88"
v3·診斷3.5m,6,"[v3·診斷3.5m] ('R6', '右', '628-18(1)') 欄「真交集(㎡)」: baseline='98.02' got=97.21"
v3·診斷3.5m,7,"[v3·診斷3.5m] ('R6', '右', '628-18(1)') 欄「範圍面積(㎡)」: baseline='299.13' got=298.14"
v3·診斷3.5m,8,"[v3·診斷3.5m] ('R6', '右', '628-18(1)') 欄「門檻(㎡)」: baseline='299.13' got=298.14"
v3·診斷3.5m,9,"[v3·診斷3.5m] ('R6', '右', '628-38(1)') 欄「真交集(㎡)」: baseline='200.61' got=200.44"
v3·診斷3.5m,10,"[v3·診斷3.5m] ('R6', '右', '628-38(1)') 欄「範圍面積(㎡)」: baseline='299.13' got=298.14"
v3·診斷3.5m,11,"[v3·診斷3.5m] ('R6', '右', '628-38(1)') 欄「門檻(㎡)」: baseline='299.13' got=298.14"
v3·診斷3.5m,12,"[v3·診斷3.5m] ('R5', '左', '628-7(2)') 欄「真交集(㎡)」: baseline='12.8' got=35.54"
v3·診斷3.5m,13,"[v3·診斷3.5m] ('R5', '左', '628-7(2)') 欄「範圍面積(㎡)」: baseline='300.52' got=378.47"
v3·診斷3.5m,14,"[v3·診斷3.5m] ('R5', '左', '628-7(2)') 欄「門檻(㎡)」: baseline='300.52' got=378.47"
v3·診斷3.5m,15,"[v3·診斷3.5m] ('R5', '左', '628-7(2)') 欄「項三比(≤1)」: baseline='0.0426' got=0.0939"
v3·診斷3.5m,16,"[v3·診斷3.5m] ('R5', '左', '628-18(2)') 欄「真交集(㎡)」: baseline='257.38' got=306.1"
v3·診斷3.5m,17,"[v3·診斷3.5m] ('R5', '左', '628-18(2)') 欄「範圍面積(㎡)」: baseline='300.52' got=378.47"
v3·診斷3.5m,18,"[v3·診斷3.5m] ('R5', '左', '628-18(2)') 欄「門檻(㎡)」: baseline='300.52' got=378.47"
v3·診斷3.5m,19,"[v3·診斷3.5m] ('R5', '左', '628-18(2)') 欄「項三比(≤1)」: baseline='0.8564' got=0.8088"
v3·診斷3.5m,20,"[v3·診斷3.5m] ('R5', '左', '628-53(2)') 欄「範圍面積(㎡)」: baseline='300.52' got=378.47"
v3·診斷3.5m,21,"[v3·診斷3.5m] ('R5', '左', '628-53(2)') 欄「門檻(㎡)」: baseline='300.52' got=378.47"
v3·診斷3.5m,22,"[v3·診斷3.5m] ('R5', '左', '628-45(1)') 欄「真交集(㎡)」: baseline='27.54' got=34.04"
v3·診斷3.5m,23,"[v3·診斷3.5m] ('R5', '左', '628-45(1)') 欄「範圍面積(㎡)」: baseline='300.52' got=378.47"
v3·診斷3.5m,24,"[v3·診斷3.5m] ('R5', '左', '628-45(1)') 欄「門檻(㎡)」: baseline='300.52' got=378.47"
v3·診斷3.5m,25,"[v3·診斷3.5m] ('R2', '左', '628-42(1)') 欄「範圍面積(㎡)」: baseline='309.05' got=382.85"
v3·診斷3.5m,26,"[v3·診斷3.5m] ('R2', '左', '628-42(1)') 欄「門檻(㎡)」: baseline='309.05' got=382.85"
v3·診斷3.5m,27,"[v3·診斷3.5m] ('R2', '左', '628-42(1)') 欄「項三比(≤1)」: baseline='0.0269' got=0.0217"
v3·診斷3.5m,28,"[v3·診斷3.5m] ('R2', '左', '628-41(1)') 欄「真交集(㎡)」: baseline='251.79' got=285.56"
v3·診斷3.5m,29,"[v3·診斷3.5m] ('R2', '左', '628-41(1)') 欄「範圍面積(㎡)」: baseline='309.05' got=382.85"
v3·診斷3.5m,30,"[v3·診斷3.5m] ('R2', '左', '628-41(1)') 欄「門檻(㎡)」: baseline='309.05' got=382.85"
v3·診斷3.5m,31,"[v3·診斷3.5m] ('R2', '左', '628-41(1)') 欄「項三比(≤1)」: baseline='0.8147' got=0.7459"
v3·診斷3.5m,32,"[v3·診斷3.5m] ('R2', '左', '628-40(1)') 欄「真交集(㎡)」: baseline='31.42' got=63.42"
v3·診斷3.5m,33,"[v3·診斷3.5m] ('R2', '左', '628-40(1)') 欄「範圍面積(㎡)」: baseline='309.05' got=382.85"
v3·診斷3.5m,34,"[v3·診斷3.5m] ('R2', '左', '628-40(1)') 欄「門檻(㎡)」: baseline='309.05' got=382.85"
v3·診斷3.5m,35,"[v3·診斷3.5m] ('R2', '左', '628-40(1)') 欄「項三比(≤1)」: baseline='0.1017' got=0.1657"
v3·診斷3.5m,36,"[v3·診斷3.5m] ('R2', '左', '628-27(1)') 欄「真交集(㎡)」: baseline='17.53' got=25.57"
v3·診斷3.5m,37,"[v3·診斷3.5m] ('R2', '左', '628-27(1)') 欄「範圍面積(㎡)」: baseline='309.05' got=382.85"
v3·診斷3.5m,38,"[v3·診斷3.5m] ('R2', '左', '628-27(1)') 欄「門檻(㎡)」: baseline='309.05' got=382.85"
v3·診斷3.5m,39,"[v3·診斷3.5m] ('R2', '左', '628-27(1)') 欄「項三比(≤1)」: baseline='0.0567' got=0.0668"
v3·診斷3.5m,40,"[v3·診斷3.5m] ('R3', '右', '628-42(2)') 欄「真交集(㎡)」: baseline='147.03' got=152.72"
v3·診斷3.5m,41,"[v3·診斷3.5m] ('R3', '右', '628-42(2)') 欄「範圍面積(㎡)」: baseline='308.93' got=383.67"
v3·診斷3.5m,42,"[v3·診斷3.5m] ('R3', '右', '628-42(2)') 欄「門檻(㎡)」: baseline='308.93' got=383.67"
v3·診斷3.5m,43,"[v3·診斷3.5m] ('R3', '右', '628-42(2)') 欄「項三比(≤1)」: baseline='0.4759' got=0.3981"
v3·診斷3.5m,44,"[v3·診斷3.5m] ('R3', '右', '628-45(2)') 欄「真交集(㎡)」: baseline='94.82' got=123.65"
v3·診斷3.5m,45,"[v3·診斷3.5m] ('R3', '右', '628-45(2)') 欄「範圍面積(㎡)」: baseline='308.93' got=383.67"
v3·診斷3.5m,46,"[v3·診斷3.5m] ('R3', '右', '628-45(2)') 欄「門檻(㎡)」: baseline='308.93' got=383.67"
v3·診斷3.5m,47,"[v3·診斷3.5m] ('R3', '右', '628-45(2)') 欄「項三比(≤1)」: baseline='0.3069' got=0.3223"
v3·診斷3.5m,48,"[v3·診斷3.5m] ('R3', '右', '628-27(2)') 欄「真交集(㎡)」: baseline='28.86' got=36.14"
v3·診斷3.5m,49,"[v3·診斷3.5m] ('R3', '右', '628-27(2)') 欄「範圍面積(㎡)」: baseline='308.93' got=383.67"
v3·診斷3.5m,50,"[v3·診斷3.5m] ('R3', '右', '628-27(2)') 欄「門檻(㎡)」: baseline='308.93' got=383.67"
v3·診斷3.5m,51,"[v3·診斷3.5m] ('R3', '右', '628-28(1)') 欄「真交集(㎡)」: baseline='35.41' got=55.6"
v3·診斷3.5m,52,"[v3·診斷3.5m] ('R3', '右', '628-28(1)') 欄「範圍面積(㎡)」: baseline='308.93' got=383.67"
v3·診斷3.5m,53,"[v3·診斷3.5m] ('R3', '右', '628-28(1)') 欄「門檻(㎡)」: baseline='308.93' got=383.67"
v3·診斷3.5m,54,"[v3·診斷3.5m] ('R3', '右', '628-28(1)') 欄「項三比(≤1)」: baseline='0.1146' got=0.1449"
v3·診斷3.5m,55,"[v3·診斷3.5m] ('R3', '右', '628-29(1)') 欄「真交集(㎡)」: baseline='2.81' got=15.56"
v3·診斷3.5m,56,"[v3·診斷3.5m] ('R3', '右', '628-29(1)') 欄「範圍面積(㎡)」: baseline='308.93' got=383.67"
v3·診斷3.5m,57,"[v3·診斷3.5m] ('R3', '右', '628-29(1)') 欄「門檻(㎡)」: baseline='308.93' got=383.67"
v3·診斷3.5m,58,"[v3·診斷3.5m] ('R3', '右', '628-29(1)') 欄「項三比(≤1)」: baseline='0.0091' got=0.0406"
v3·診斷3.5m,59,"[v3·診斷3.5m] ('R1', '左', '628-36(1)') 欄「真交集(㎡)」: baseline='86.95' got=88.67"
v3·診斷3.5m,60,"[v3·診斷3.5m] ('R1', '左', '628-36(1)') 欄「範圍面積(㎡)」: baseline='226.18' got=230.81"
v3·診斷3.5m,61,"[v3·診斷3.5m] ('R1', '左', '628-36(1)') 欄「門檻(㎡)」: baseline='226.18' got=230.81"
v3·診斷3.5m,62,"[v3·診斷3.5m] ('R1', '左', '628-35(2)') 欄「真交集(㎡)」: baseline='68.66' got=70.09"
v3·診斷3.5m,63,"[v3·診斷3.5m] ('R1', '左', '628-35(2)') 欄「範圍面積(㎡)」: baseline='226.18' got=230.81"
v3·診斷3.5m,64,"[v3·診斷3.5m] ('R1', '左', '628-35(2)') 欄「門檻(㎡)」: baseline='226.18' got=230.81"
v3·診斷3.5m,65,"[v3·診斷3.5m] ('R1', '左', '628-37(1)') 欄「真交集(㎡)」: baseline='70.37' got=71.83"
v3·診斷3.5m,66,"[v3·診斷3.5m] ('R1', '左', '628-37(1)') 欄「範圍面積(㎡)」: baseline='226.18' got=230.81"
v3·診斷3.5m,67,"[v3·診斷3.5m] ('R1', '左', '628-37(1)') 欄「門檻(㎡)」: baseline='226.18' got=230.81"
v3·診斷3.5m,68,"[v3·診斷3.5m] ('R1', '右', '628(5)') 欄「真交集(㎡)」: baseline='226.65' got=232.55"
v3·診斷3.5m,69,"[v3·診斷3.5m] ('R1', '右', '628(5)') 欄「範圍面積(㎡)」: baseline='226.88' got=232.79"
v3·診斷3.5m,70,"[v3·診斷3.5m] ('R1', '右', '628(5)') 欄「門檻(㎡)」: baseline='226.88' got=232.79"
無串聯3.5m,0,"[無串聯3.5m] ('R4', '左', '628(1)') 欄「真交集(㎡)」: baseline='224.94' got=250.71"
無串聯3.5m,1,"[無串聯3.5m] ('R4', '左', '628(1)') 欄「範圍面積(㎡)」: baseline='225.25' got=251.08"
無串聯3.5m,2,"[無串聯3.5m] ('R4', '左', '628(1)') 欄「門檻(㎡)」: baseline='225.25' got=251.08"
無串聯3.5m,3,"[無串聯3.5m] ('R4', '右', '628-1(1)') 欄「真交集(㎡)」: baseline='225.38' got=252.53"
無串聯3.5m,4,"[無串聯3.5m] ('R4', '右', '628-1(1)') 欄「範圍面積(㎡)」: baseline='225.67' got=252.88"
無串聯3.5m,5,"[無串聯3.5m] ('R4', '右', '628-1(1)') 欄「門檻(㎡)」: baseline='225.67' got=252.88"
無串聯3.5m,6,"[無串聯3.5m] ('R6', '右', '628-18(1)') 欄「真交集(㎡)」: baseline='98.02' got=97.21"
無串聯3.5m,7,"[無串聯3.5m] ('R6', '右', '628-18(1)') 欄「範圍面積(㎡)」: baseline='299.13' got=298.14"
無串聯3.5m,8,"[無串聯3.5m] ('R6', '右', '628-18(1)') 欄「門檻(㎡)」: baseline='299.13' got=298.14"
無串聯3.5m,9,"[無串聯3.5m] ('R6', '右', '628-38(1)') 欄「真交集(㎡)」: baseline='200.61' got=200.44"
無串聯3.5m,10,"[無串聯3.5m] ('R6', '右', '628-38(1)') 欄「範圍面積(㎡)」: baseline='299.13' got=298.14"
無串聯3.5m,11,"[無串聯3.5m] ('R6', '右', '628-38(1)') 欄「門檻(㎡)」: baseline='299.13' got=298.14"
無串聯3.5m,12,"[無串聯3.5m] ('R5', '左', '628-7(2)') 欄「真交集(㎡)」: baseline='12.8' got=35.54"
無串聯3.5m,13,"[無串聯3.5m] ('R5', '左', '628-7(2)') 欄「範圍面積(㎡)」: baseline='300.52' got=378.47"
無串聯3.5m,14,"[無串聯3.5m] ('R5', '左', '628-7(2)') 欄「門檻(㎡)」: baseline='300.52' got=378.47"
無串聯3.5m,15,"[無串聯3.5m] ('R5', '左', '628-7(2)') 欄「項三比(≤1)」: baseline='0.0426' got=0.0939"
無串聯3.5m,16,"[無串聯3.5m] ('R5', '左', '628-18(2)') 欄「真交集(㎡)」: baseline='257.38' got=306.1"
無串聯3.5m,17,"[無串聯3.5m] ('R5', '左', '628-18(2)') 欄「範圍面積(㎡)」: baseline='300.52' got=378.47"
無串聯3.5m,18,"[無串聯3.5m] ('R5', '左', '628-18(2)') 欄「門檻(㎡)」: baseline='300.52' got=378.47"
無串聯3.5m,19,"[無串聯3.5m] ('R5', '左', '628-18(2)') 欄「項三比(≤1)」: baseline='0.8564' got=0.8088"
無串聯3.5m,20,"[無串聯3.5m] ('R5', '左', '628-53(2)') 欄「範圍面積(㎡)」: baseline='300.52' got=378.47"
無串聯3.5m,21,"[無串聯3.5m] ('R5', '左', '628-53(2)') 欄「門檻(㎡)」: baseline='300.52' got=378.47"
無串聯3.5m,22,"[無串聯3.5m] ('R5', '左', '628-45(1)') 欄「真交集(㎡)」: baseline='27.54' got=34.04"
無串聯3.5m,23,"[無串聯3.5m] ('R5', '左', '628-45(1)') 欄「範圍面積(㎡)」: baseline='300.52' got=378.47"
無串聯3.5m,24,"[無串聯3.5m] ('R5', '左', '628-45(1)') 欄「門檻(㎡)」: baseline='300.52' got=378.47"
無串聯3.5m,25,"[無串聯3.5m] ('R2', '左', '628-42(1)') 欄「範圍面積(㎡)」: baseline='309.05' got=382.85"
無串聯3.5m,26,"[無串聯3.5m] ('R2', '左', '628-42(1)') 欄「門檻(㎡)」: baseline='309.05' got=382.85"
無串聯3.5m,27,"[無串聯3.5m] ('R2', '左', '628-42(1)') 欄「項三比(≤1)」: baseline='0.0269' got=0.0217"
無串聯3.5m,28,"[無串聯3.5m] ('R2', '左', '628-41(1)') 欄「真交集(㎡)」: baseline='251.79' got=285.56"
無串聯3.5m,29,"[無串聯3.5m] ('R2', '左', '628-41(1)') 欄「範圍面積(㎡)」: baseline='309.05' got=382.85"
無串聯3.5m,30,"[無串聯3.5m] ('R2', '左', '628-41(1)') 欄「門檻(㎡)」: baseline='309.05' got=382.85"
無串聯3.5m,31,"[無串聯3.5m] ('R2', '左', '628-41(1)') 欄「項三比(≤1)」: baseline='0.8147' got=0.7459"
無串聯3.5m,32,"[無串聯3.5m] ('R2', '左', '628-40(1)') 欄「真交集(㎡)」: baseline='31.42' got=63.42"
無串聯3.5m,33,"[無串聯3.5m] ('R2', '左', '628-40(1)') 欄「範圍面積(㎡)」: baseline='309.05' got=382.85"
無串聯3.5m,34,"[無串聯3.5m] ('R2', '左', '628-40(1)') 欄「門檻(㎡)」: baseline='309.05' got=382.85"
無串聯3.5m,35,"[無串聯3.5m] ('R2', '左', '628-40(1)') 欄「項三比(≤1)」: baseline='0.1017' got=0.1657"
無串聯3.5m,36,"[無串聯3.5m] ('R2', '左', '628-27(1)') 欄「真交集(㎡)」: baseline='17.53' got=25.57"
無串聯3.5m,37,"[無串聯3.5m] ('R2', '左', '628-27(1)') 欄「範圍面積(㎡)」: baseline='309.05' got=382.85"
無串聯3.5m,38,"[無串聯3.5m] ('R2', '左', '628-27(1)') 欄「門檻(㎡)」: baseline='309.05' got=382.85"
無串聯3.5m,39,"[無串聯3.5m] ('R2', '左', '628-27(1)') 欄「項三比(≤1)」: baseline='0.0567' got=0.0668"
無串聯3.5m,40,"[無串聯3.5m] ('R3', '右', '628-42(2)') 欄「真交集(㎡)」: baseline='147.03' got=152.72"
無串聯3.5m,41,"[無串聯3.5m] ('R3', '右', '628-42(2)') 欄「範圍面積(㎡)」: baseline='308.93' got=383.67"
無串聯3.5m,42,"[無串聯3.5m] ('R3', '右', '628-42(2)') 欄「門檻(㎡)」: baseline='308.93' got=383.67"
無串聯3.5m,43,"[無串聯3.5m] ('R3', '右', '628-42(2)') 欄「項三比(≤1)」: baseline='0.4759' got=0.3981"
無串聯3.5m,44,"[無串聯3.5m] ('R3', '右', '628-45(2)') 欄「真交集(㎡)」: baseline='94.82' got=123.65"
無串聯3.5m,45,"[無串聯3.5m] ('R3', '右', '628-45(2)') 欄「範圍面積(㎡)」: baseline='308.93' got=383.67"
無串聯3.5m,46,"[無串聯3.5m] ('R3', '右', '628-45(2)') 欄「門檻(㎡)」: baseline='308.93' got=383.67"
無串聯3.5m,47,"[無串聯3.5m] ('R3', '右', '628-45(2)') 欄「項三比(≤1)」: baseline='0.3069' got=0.3223"
無串聯3.5m,48,"[無串聯3.5m] ('R3', '右', '628-27(2)') 欄「真交集(㎡)」: baseline='28.86' got=36.14"
無串聯3.5m,49,"[無串聯3.5m] ('R3', '右', '628-27(2)') 欄「範圍面積(㎡)」: baseline='308.93' got=383.67"
無串聯3.5m,50,"[無串聯3.5m] ('R3', '右', '628-27(2)') 欄「門檻(㎡)」: baseline='308.93' got=383.67"
無串聯3.5m,51,"[無串聯3.5m] ('R3', '右', '628-28(1)') 欄「真交集(㎡)」: baseline='35.41' got=55.6"
無串聯3.5m,52,"[無串聯3.5m] ('R3', '右', '628-28(1)') 欄「範圍面積(㎡)」: baseline='308.93' got=383.67"
無串聯3.5m,53,"[無串聯3.5m] ('R3', '右', '628-28(1)') 欄「門檻(㎡)」: baseline='308.93' got=383.67"
無串聯3.5m,54,"[無串聯3.5m] ('R3', '右', '628-28(1)') 欄「項三比(≤1)」: baseline='0.1146' got=0.1449"
無串聯3.5m,55,"[無串聯3.5m] ('R3', '右', '628-29(1)') 欄「真交集(㎡)」: baseline='2.81' got=15.56"
無串聯3.5m,56,"[無串聯3.5m] ('R3', '右', '628-29(1)') 欄「範圍面積(㎡)」: baseline='308.93' got=383.67"
無串聯3.5m,57,"[無串聯3.5m] ('R3', '右', '628-29(1)') 欄「門檻(㎡)」: baseline='308.93' got=383.67"
無串聯3.5m,58,"[無串聯3.5m] ('R3', '右', '628-29(1)') 欄「項三比(≤1)」: baseline='0.0091' got=0.0406"
無串聯3.5m,59,"[無串聯3.5m] ('R1', '左', '628-36(1)') 欄「真交集(㎡)」: baseline='86.95' got=88.67"
無串聯3.5m,60,"[無串聯3.5m] ('R1', '左', '628-36(1)') 欄「範圍面積(㎡)」: baseline='226.18' got=230.81"
無串聯3.5m,61,"[無串聯3.5m] ('R1', '左', '628-36(1)') 欄「門檻(㎡)」: baseline='226.18' got=230.81"
無串聯3.5m,62,"[無串聯3.5m] ('R1', '左', '628-35(2)') 欄「真交集(㎡)」: baseline='68.66' got=70.09"
無串聯3.5m,63,"[無串聯3.5m] ('R1', '左', '628-35(2)') 欄「範圍面積(㎡)」: baseline='226.18' got=230.81"
無串聯3.5m,64,"[無串聯3.5m] ('R1', '左', '628-35(2)') 欄「門檻(㎡)」: baseline='226.18' got=230.81"
無串聯3.5m,65,"[無串聯3.5m] ('R1', '左', '628-37(1)') 欄「真交集(㎡)」: baseline='70.37' got=71.83"
無串聯3.5m,66,"[無串聯3.5m] ('R1', '左', '628-37(1)') 欄「範圍面積(㎡)」: baseline='226.18' got=230.81"
無串聯3.5m,67,"[無串聯3.5m] ('R1', '左', '628-37(1)') 欄「門檻(㎡)」: baseline='226.18' got=230.81"
無串聯3.5m,68,"[無串聯3.5m] ('R1', '右', '628(5)') 欄「真交集(㎡)」: baseline='226.65' got=232.55"
無串聯3.5m,69,"[無串聯3.5m] ('R1', '右', '628(5)') 欄「範圍面積(㎡)」: baseline='226.88' got=232.79"
無串聯3.5m,70,"[無串聯3.5m] ('R1', '右', '628(5)') 欄「門檻(㎡)」: baseline='226.88' got=232.79"
指配3.5m,0,"[指配3.5m] ('R4',) 欄「【左】最小面積(㎡)」: baseline='225.25' got='251.08'"
指配3.5m,1,"[指配3.5m] ('R4',) 欄「【右】最小面積(㎡)」: baseline='225.67' got='252.88'"
指配3.5m,2,"[指配3.5m] ('R6',) 欄「【右】最小面積(㎡)」: baseline='299.13' got='298.14'"
指配3.5m,3,"[指配3.5m] ('R5',) 欄「【左】最小面積(㎡)」: baseline='300.52' got='378.47'"
指配3.5m,4,"[指配3.5m] ('R2',) 欄「【左】最小面積(㎡)」: baseline='309.05' got='382.85'"
指配3.5m,5,"[指配3.5m] ('R3',) 欄「【右】最小面積(㎡)」: baseline='308.93' got='383.67'"
指配3.5m,6,"[指配3.5m] ('R1',) 欄「【左】最小面積(㎡)」: baseline='226.18' got='230.81'"
指配3.5m,7,"[指配3.5m] ('R1',) 欄「【右】最小面積(㎡)」: baseline='226.88' got='232.79'"
抵費地3.5m,0,"[抵費地3.5m] ('R5', '左') 欄「抵費地面積＝range(㎡)」: baseline='300.52' got='378.47'"
抵費地3.5m,1,"[抵費地3.5m] ('R2', '左') 欄「抵費地面積＝range(㎡)」: baseline='309.05' got='382.85'"
抵費地3.5m,2,"[抵費地3.5m] ('R3', '右') 欄「抵費地面積＝range(㎡)」: baseline='308.93' got='383.67'"
v3·G值3.5m,0,"[v3·G值3.5m] ('R1', '628-36(1)') 欄「平均深度(m)」: baseline='32.97' got=33.15"
v3·G值3.5m,1,"[v3·G值3.5m] ('R1', '628(5)') 欄「平均深度(m)」: baseline='32.97' got=33.15"
v3·G值3.5m,2,"[v3·G值3.5m] ('R1', '628-34(3)') 欄「平均深度(m)」: baseline='32.97' got=33.15"
v3·G值3.5m,3,"[v3·G值3.5m] ('R1', '628-37(1)') 欄「平均深度(m)」: baseline='32.97' got=33.15"
v3·G值3.5m,4,"[v3·G值3.5m] ('R1', '628-35(2)') 欄「平均深度(m)」: baseline='32.97' got=33.15"
v3·G值3.5m,5,"[v3·G值3.5m] ('R1', 'R1-抵費地-1') 欄「平均深度(m)」: baseline='32.97' got=33.15"
v3·G值3.5m,6,"[v3·G值3.5m] ('R1', 'R1-抵費地-2') 欄「平均深度(m)」: baseline='32.97' got=33.15"
v3·G值3.5m,7,"[v3·G值3.5m] ('R2', '628-42(1)') 欄「平均深度(m)」: baseline='43.9' got=44.47"
v3·G值3.5m,8,"[v3·G值3.5m] ('R2', '628-42(1)') 欄「W(m)」: baseline='7.11' got=8.75"
v3·G值3.5m,9,"[v3·G值3.5m] ('R2', '628-42(1)') 欄「Rw(%)」: baseline='0.57' got=0.55"
v3·G值3.5m,10,"[v3·G值3.5m] ('R2', '628-42(1)') 欄「G(㎡)」: baseline='4.77' got=4.78"
v3·G值3.5m,11,"[v3·G值3.5m] ('R2', '628-42(1)') 欄「累積S(m)」: baseline='8.82' got=10.47"
v3·G值3.5m,12,"[v3·G值3.5m] ('R2', '628-41(1)') 欄「平均深度(m)」: baseline='43.9' got=44.47"
v3·G值3.5m,13,"[v3·G值3.5m] ('R2', '628-41(1)') 欄「W(m)」: baseline='11.18' got=12.84"
v3·G值3.5m,14,"[v3·G值3.5m] ('R2', '628-41(1)') 欄「Rw(%)」: baseline='20.19' got=18.36"
v3·G值3.5m,15,"[v3·G值3.5m] ('R2', '628-41(1)') 欄「S(m)」: baseline='4.08' got=4.1"
v3·G值3.5m,16,"[v3·G值3.5m] ('R2', '628-41(1)') 欄「幾何面積(㎡)」: baseline='183.23' got=183.94"
v3·G值3.5m,17,"[v3·G值3.5m] ('R2', '628-41(1)') 欄「G(㎡)」: baseline='183.23' got=183.95"
v3·G值3.5m,18,"[v3·G值3.5m] ('R2', '628-41(1)') 欄「累積S(m)」: baseline='12.9' got=14.57"
v3·G值3.5m,19,"[v3·G值3.5m] ('R2', '628-41(1)') 欄「迭代次數」: baseline='17' got=13"
v3·G值3.5m,20,"[v3·G值3.5m] ('R2', '628-41(1)') 欄「負擔比率」: baseline='0.4262' got=0.4239"
v3·G值3.5m,21,"[v3·G值3.5m] ('R2', '628-41(1)') 欄「宗地寬度(m)」: baseline='4.07' got=4.09"
v3·G值3.5m,22,"[v3·G值3.5m] ('R2', '628-27(1)') 欄「平均深度(m)」: baseline='43.9' got=44.47"
v3·G值3.5m,23,"[v3·G值3.5m] ('R2', '628-27(1)') 欄「W(m)」: baseline='11.84' got=13.5"
v3·G值3.5m,24,"[v3·G值3.5m] ('R2', '628-27(1)') 欄「Rw(%)」: baseline='2.83' got=2.55"
v3·G值3.5m,25,"[v3·G值3.5m] ('R2', '628-27(1)') 欄「幾何面積(㎡)」: baseline='29.61' got=29.72"
v3·G值3.5m,26,"[v3·G值3.5m] ('R2', '628-27(1)') 欄「G(㎡)」: baseline='29.61' got=29.72"
v3·G值3.5m,27,"[v3·G值3.5m] ('R2', '628-27(1)') 欄「累積S(m)」: baseline='13.56' got=15.23"
v3·G值3.5m,28,"[v3·G值3.5m] ('R2', '628-27(1)') 欄「迭代次數」: baseline='17' got=18"
v3·G值3.5m,29,"[v3·G值3.5m] ('R2', '628-40(1)') 欄「平均深度(m)」: baseline='43.9' got=44.47"
v3·G值3.5m,30,"[v3·G值3.5m] ('R2', '628-40(1)') 欄「W(m)」: baseline='18.5' got=20.22"
v3·G值3.5m,31,"[v3·G值3.5m] ('R2', '628-40(1)') 欄「Rw(%)」: baseline='20.7' got=14.11"
v3·G值3.5m,32,"[v3·G值3.5m] ('R2', '628-40(1)') 欄「S(m)」: baseline='6.68' got=6.74"
v3·G值3.5m,33,"[v3·G值3.5m] ('R2', '628-40(1)') 欄「幾何面積(㎡)」: baseline='299.27' got=301.85"
v3·G值3.5m,34,"[v3·G值3.5m] ('R2', '628-40(1)') 欄「G(㎡)」: baseline='299.27' got=301.85"
v3·G值3.5m,35,"[v3·G值3.5m] ('R2', '628-40(1)') 欄「累積S(m)」: baseline='20.24' got=21.97"
v3·G值3.5m,36,"[v3·G值3.5m] ('R2', '628-40(1)') 欄「迭代次數」: baseline='18' got=17"
v3·G值3.5m,37,"[v3·G值3.5m] ('R2', '628-40(1)') 欄「負擔比率」: baseline='0.4172' got=0.4121"
v3·G值3.5m,38,"[v3·G值3.5m] ('R2', '628-40(1)') 欄「宗地寬度(m)」: baseline='6.66' got=6.72"
v3·G值3.5m,39,"[v3·G值3.5m] ('R2', '628-43(1)') 欄「平均深度(m)」: baseline='43.9' got=44.47"
v3·G值3.5m,40,"[v3·G值3.5m] ('R2', '628-43(1)') 欄「W(m)」: baseline='18.5' got=20.22"
v3·G值3.5m,41,"[v3·G值3.5m] ('R2', '628-43(1)') 欄「累積S(m)」: baseline='20.25' got=21.97"
v3·G值3.5m,42,"[v3·G值3.5m] ('R2', '628-30(2)') 欄「平均深度(m)」: baseline='43.9' got=44.47"
v3·G值3.5m,43,"[v3·G值3.5m] ('R2', '628-30(2)') 欄「W(m)」: baseline='20.51' got=22.23"
v3·G值3.5m,44,"[v3·G值3.5m] ('R2', '628-30(2)') 欄「累積S(m)」: baseline='22.26' got=23.98"
v3·G值3.5m,45,"[v3·G值3.5m] ('R2', '628-39(1)') 欄「平均深度(m)」: baseline='43.9' got=44.47"
v3·G值3.5m,46,"[v3·G值3.5m] ('R2', '628-39(1)') 欄「W(m)」: baseline='25.78' got=27.5"
v3·G值3.5m,47,"[v3·G值3.5m] ('R2', '628-39(1)') 欄「累積S(m)」: baseline='27.54' got=29.27"
v3·G值3.5m,48,"[v3·G值3.5m] ('R2', '628-39(1)') 欄「迭代次數」: baseline='18' got=17"
v3·G值3.5m,49,"[v3·G值3.5m] ('R2', '628-31(2)') 欄「平均深度(m)」: baseline='43.9' got=44.47"
v3·G值3.5m,50,"[v3·G值3.5m] ('R2', '628-31(2)') 欄「W(m)」: baseline='34.52' got=36.25"
v3·G值3.5m,51,"[v3·G值3.5m] ('R2', '628-31(2)') 欄「G(㎡)」: baseline='391.66' got=391.65"
v3·G值3.5m,52,"[v3·G值3.5m] ('R2', '628-31(2)') 欄「累積S(m)」: baseline='36.31' got=38.04"
v3·G值3.5m,53,"[v3·G值3.5m] ('R2', '628-31(2)') 欄「迭代次數」: baseline='15' got=17"
v3·G值3.5m,54,"[v3·G值3.5m] ('R2', '628-35(1)') 欄「平均深度(m)」: baseline='43.9' got=44.47"
v3·G值3.5m,55,"[v3·G值3.5m] ('R2', '628-35(1)') 欄「迭代次數」: baseline='17' got=13"
v3·G值3.5m,56,"[v3·G值3.5m] ('R2', '628-34(1)') 欄「平均深度(m)」: baseline='43.9' got=44.47"
v3·G值3.5m,57,"[v3·G值3.5m] ('R2', '628-34(1)') 欄「幾何面積(㎡)」: baseline='432.1' got=432.11"
v3·G值3.5m,58,"[v3·G值3.5m] ('R2', '628-34(1)') 欄「迭代次數」: baseline='14' got=15"
v3·G值3.5m,59,"[v3·G值3.5m] ('R2', '628-49(1)') 欄「平均深度(m)」: baseline='43.9' got=44.47"
v3·G值3.5m,60,"[v3·G值3.5m] ('R2', '628-50(1)') 欄「平均深度(m)」: baseline='43.9' got=44.47"
v3·G值3.5m,61,"[v3·G值3.5m] ('R2', '628-50(1)') 欄「幾何面積(㎡)」: baseline='147.19' got=147.17"
v3·G值3.5m,62,"[v3·G值3.5m] ('R2', '628-50(1)') 欄「迭代次數」: baseline='14' got=17"
v3·G值3.5m,63,"[v3·G值3.5m] ('R2', '628-51(1)') 欄「平均深度(m)」: baseline='43.9' got=44.47"
v3·G值3.5m,64,"[v3·G值3.5m] ('R2', '628-51(1)') 欄「幾何面積(㎡)」: baseline='146.59' got=146.58"
v3·G值3.5m,65,"[v3·G值3.5m] ('R2', '628-52(1)') 欄「平均深度(m)」: baseline='43.9' got=44.47"
v3·G值3.5m,66,"[v3·G值3.5m] ('R2', '628-52(1)') 欄「幾何面積(㎡)」: baseline='71.59' got=71.6"
v3·G值3.5m,67,"[v3·G值3.5m] ('R2', '628-52(1)') 欄「迭代次數」: baseline='14' got=16"
v3·G值3.5m,68,"[v3·G值3.5m] ('R2', '628-32(2)') 欄「平均深度(m)」: baseline='43.9' got=44.47"
v3·G值3.5m,69,"[v3·G值3.5m] ('R2', '628-32(2)') 欄「幾何面積(㎡)」: baseline='437.03' got=437.02"
v3·G值3.5m,70,"[v3·G值3.5m] ('R2', 'R2-抵費地-1') 欄「平均深度(m)」: baseline='43.9' got=44.47"
v3·G值3.5m,71,"[v3·G值3.5m] ('R2', 'R2-抵費地-1') 欄「幾何面積(㎡)」: baseline='1465.35' got=1388.14"
v3·G值3.5m,72,"[v3·G值3.5m] ('R2', 'R2-抵費地-2') 欄「平均深度(m)」: baseline='43.9' got=44.47"
v3·G值3.5m,73,"[v3·G值3.5m] ('R2', 'R2-抵費地-2') 欄「幾何面積(㎡)」: baseline='309.05' got=382.85"
v3·G值3.5m,74,"[v3·G值3.5m] ('R4', '628(1)') 欄「平均深度(m)」: baseline='32.59' got=33.1"
v3·G值3.5m,75,"[v3·G值3.5m] ('R4', '628-1(1)') 欄「平均深度(m)」: baseline='32.59' got=33.1"
v3·G值3.5m,76,"[v3·G值3.5m] ('R4', 'R4-抵費地') 欄「平均深度(m)」: baseline='32.59' got=33.1"
v3·G值3.5m,77,"[v3·G值3.5m] ('R6', '628(2)') 欄「平均深度(m)」: baseline='44.59' got=45.51"
v3·G值3.5m,78,"[v3·G值3.5m] ('R6', '628-1(2)') 欄「平均深度(m)」: baseline='44.59' got=45.51"
v3·G值3.5m,79,"[v3·G值3.5m] ('R6', '628-23(1)') 欄「平均深度(m)」: baseline='44.59' got=45.51"
v3·G值3.5m,80,"[v3·G值3.5m] ('R6', '628-4(1)') 欄「平均深度(m)」: baseline='44.59' got=45.51"
v3·G值3.5m,81,"[v3·G值3.5m] ('R6', '628-22(1)') 欄「平均深度(m)」: baseline='44.59' got=45.51"
v3·G值3.5m,82,"[v3·G值3.5m] ('R6', '628-21(1)') 欄「平均深度(m)」: baseline='44.59' got=45.51"
v3·G值3.5m,83,"[v3·G值3.5m] ('R6', '628-18(1)') 欄「平均深度(m)」: baseline='44.59' got=45.51"
v3·G值3.5m,84,"[v3·G值3.5m] ('R6', '628-53(1)') 欄「平均深度(m)」: baseline='44.59' got=45.51"
v3·G值3.5m,85,"[v3·G值3.5m] ('R6', '628-38(1)') 欄「平均深度(m)」: baseline='44.59' got=45.51"
v3·G值3.5m,86,"[v3·G值3.5m] ('R6', '628-7(1)') 欄「平均深度(m)」: baseline='44.59' got=45.51"
v3·G值3.5m,87,"[v3·G值3.5m] ('R6', '628-20(1)') 欄「平均深度(m)」: baseline='44.59' got=45.51"
v3·G值3.5m,88,"[v3·G值3.5m] ('R6', 'R6-抵費地-1') 欄「平均深度(m)」: baseline='44.59' got=45.51"
v3·G值3.5m,89,"[v3·G值3.5m] ('R6', 'R6-抵費地-2') 欄「平均深度(m)」: baseline='44.59' got=45.51"
v3·G值3.5m,90,"[v3·G值3.5m] ('R5', '628-53(2)') 欄「平均深度(m)」: baseline='45.04' got=45.71"
v3·G值3.5m,91,"[v3·G值3.5m] ('R5', '628-53(2)') 欄「W(m)」: baseline='7.04' got=8.81"
v3·G值3.5m,92,"[v3·G值3.5m] ('R5', '628-53(2)') 欄「Rw(%)」: baseline='0.19' got=0.18"
v3·G值3.5m,93,"[v3·G值3.5m] ('R5', '628-53(2)') 欄「幾何面積(㎡)」: baseline='1.55' got=1.54"
v3·G值3.5m,94,"[v3·G值3.5m] ('R5', '628-53(2)') 欄「累積S(m)」: baseline='8.71' got=10.49"
v3·G值3.5m,95,"[v3·G值3.5m] ('R5', '628-53(2)') 欄「迭代次數」: baseline='17' got=14"
v3·G值3.5m,96,"[v3·G值3.5m] ('R5', '628-18(2)') 欄「平均深度(m)」: baseline='45.04' got=45.71"
v3·G值3.5m,97,"[v3·G值3.5m] ('R5', '628-18(2)') 欄「W(m)」: baseline='11.87' got=13.65"
v3·G值3.5m,98,"[v3·G值3.5m] ('R5', '628-18(2)') 欄「Rw(%)」: baseline='23.56' got=21.19"
v3·G值3.5m,99,"[v3·G值3.5m] ('R5', '628-18(2)') 欄「S(m)」: baseline='4.86' got=4.87"
v3·G值3.5m,100,"[v3·G值3.5m] ('R5', '628-18(2)') 欄「幾何面積(㎡)」: baseline='213.2' got=214.11"
v3·G值3.5m,101,"[v3·G值3.5m] ('R5', '628-18(2)') 欄「G(㎡)」: baseline='213.19' got=214.11"
v3·G值3.5m,102,"[v3·G值3.5m] ('R5', '628-18(2)') 欄「累積S(m)」: baseline='13.57' got=15.36"
v3·G值3.5m,103,"[v3·G值3.5m] ('R5', '628-18(2)') 欄「宗地寬度(m)」: baseline='4.84' got=4.85"
v3·G值3.5m,104,"[v3·G值3.5m] ('R5', '628-45(1)') 欄「平均深度(m)」: baseline='45.04' got=45.71"
v3·G值3.5m,105,"[v3·G值3.5m] ('R5', '628-45(1)') 欄「W(m)」: baseline='13.05' got=14.84"
v3·G值3.5m,106,"[v3·G值3.5m] ('R5', '628-45(1)') 欄「Rw(%)」: baseline='4.75' got=4.25"
v3·G值3.5m,107,"[v3·G值3.5m] ('R5', '628-45(1)') 欄「幾何面積(㎡)」: baseline='52.24' got=52.45"
v3·G值3.5m,108,"[v3·G值3.5m] ('R5', '628-45(1)') 欄「G(㎡)」: baseline='52.24' got=52.44"
v3·G值3.5m,109,"[v3·G值3.5m] ('R5', '628-45(1)') 欄「累積S(m)」: baseline='14.76' got=16.55"
v3·G值3.5m,110,"[v3·G值3.5m] ('R5', '628-45(1)') 欄「迭代次數」: baseline='18' got=15"
v3·G值3.5m,111,"[v3·G值3.5m] ('R5', '628-45(1)') 欄「負擔比率」: baseline='0.4365' got=0.4344"
v3·G值3.5m,112,"[v3·G值3.5m] ('R5', '628-7(2)') 欄「平均深度(m)」: baseline='45.04' got=45.71"
v3·G值3.5m,113,"[v3·G值3.5m] ('R5', '628-7(2)') 欄「W(m)」: baseline='18.65' got=20.48"
v3·G值3.5m,114,"[v3·G值3.5m] ('R5', '628-7(2)') 欄「Rw(%)」: baseline='15.8' got=9.27"
v3·G值3.5m,115,"[v3·G值3.5m] ('R5', '628-7(2)') 欄「S(m)」: baseline='5.62' got=5.67"
v3·G值3.5m,116,"[v3·G值3.5m] ('R5', '628-7(2)') 欄「幾何面積(㎡)」: baseline='248.61' got=251.13"
v3·G值3.5m,117,"[v3·G值3.5m] ('R5', '628-7(2)') 欄「G(㎡)」: baseline='248.62' got=251.12"
v3·G值3.5m,118,"[v3·G值3.5m] ('R5', '628-7(2)') 欄「累積S(m)」: baseline='20.38' got=22.22"
v3·G值3.5m,119,"[v3·G值3.5m] ('R5', '628-7(2)') 欄「迭代次數」: baseline='17' got=15"
v3·G值3.5m,120,"[v3·G值3.5m] ('R5', '628-7(2)') 欄「負擔比率」: baseline='0.4307' got=0.4249"
v3·G值3.5m,121,"[v3·G值3.5m] ('R5', '628-7(2)') 欄「宗地寬度(m)」: baseline='5.6' got=5.65"
v3·G值3.5m,122,"[v3·G值3.5m] ('R5', '628-20(2)') 欄「平均深度(m)」: baseline='45.04' got=45.71"
v3·G值3.5m,123,"[v3·G值3.5m] ('R5', '628-20(2)') 欄「W(m)」: baseline='25.37' got=27.19"
v3·G值3.5m,124,"[v3·G值3.5m] ('R5', '628-20(2)') 欄「S(m)」: baseline='6.75' got=6.73"
v3·G值3.5m,125,"[v3·G值3.5m] ('R5', '628-20(2)') 欄「幾何面積(㎡)」: baseline='300.18' got=300.21"
v3·G值3.5m,126,"[v3·G值3.5m] ('R5', '628-20(2)') 欄「G(㎡)」: baseline='300.18' got=300.21"
v3·G值3.5m,127,"[v3·G值3.5m] ('R5', '628-20(2)') 欄「累積S(m)」: baseline='27.13' got=28.95"
v3·G值3.5m,128,"[v3·G值3.5m] ('R5', '628-20(2)') 欄「迭代次數」: baseline='15' got=17"
v3·G值3.5m,129,"[v3·G值3.5m] ('R5', '628-20(2)') 欄「宗地寬度(m)」: baseline='6.72' got=6.7"
v3·G值3.5m,130,"[v3·G值3.5m] ('R5', '628-30(1)') 欄「平均深度(m)」: baseline='45.04' got=45.71"
v3·G值3.5m,131,"[v3·G值3.5m] ('R5', '628-30(1)') 欄「W(m)」: baseline='25.72' got=27.54"
v3·G值3.5m,132,"[v3·G值3.5m] ('R5', '628-30(1)') 欄「幾何面積(㎡)」: baseline='15.75' got=15.74"
v3·G值3.5m,133,"[v3·G值3.5m] ('R5', '628-30(1)') 欄「G(㎡)」: baseline='15.74' got=15.75"
v3·G值3.5m,134,"[v3·G值3.5m] ('R5', '628-30(1)') 欄「累積S(m)」: baseline='27.48' got=29.31"
v3·G值3.5m,135,"[v3·G值3.5m] ('R5', '628-30(1)') 欄「迭代次數」: baseline='11' got=16"
v3·G值3.5m,136,"[v3·G值3.5m] ('R5', '628-21(2)') 欄「平均深度(m)」: baseline='45.04' got=45.71"
v3·G值3.5m,137,"[v3·G值3.5m] ('R5', '628-21(2)') 欄「W(m)」: baseline='36.16' got=37.96"
v3·G值3.5m,138,"[v3·G值3.5m] ('R5', '628-21(2)') 欄「S(m)」: baseline='10.48' got=10.46"
v3·G值3.5m,139,"[v3·G值3.5m] ('R5', '628-21(2)') 欄「幾何面積(㎡)」: baseline='470.74' got=470.77"
v3·G值3.5m,140,"[v3·G值3.5m] ('R5', '628-21(2)') 欄「G(㎡)」: baseline='470.74' got=470.78"
v3·G值3.5m,141,"[v3·G值3.5m] ('R5', '628-21(2)') 欄「累積S(m)」: baseline='37.96' got=39.77"
v3·G值3.5m,142,"[v3·G值3.5m] ('R5', '628-21(2)') 欄「迭代次數」: baseline='14' got=17"
v3·G值3.5m,143,"[v3·G值3.5m] ('R5', '628-21(2)') 欄「宗地寬度(m)」: baseline='10.44' got=10.42"
v3·G值3.5m,144,"[v3·G值3.5m] ('R5', '628(3)') 欄「平均深度(m)」: baseline='45.04' got=45.71"
v3·G值3.5m,145,"[v3·G值3.5m] ('R5', '628(3)') 欄「迭代次數」: baseline='12' got=16"
v3·G值3.5m,146,"[v3·G值3.5m] ('R5', '628-23(2)') 欄「平均深度(m)」: baseline='45.04' got=45.71"
v3·G值3.5m,147,"[v3·G值3.5m] ('R5', '628-23(2)') 欄「幾何面積(㎡)」: baseline='423.55' got=423.54"
v3·G值3.5m,148,"[v3·G值3.5m] ('R5', '628-23(2)') 欄「迭代次數」: baseline='17' got=16"
v3·G值3.5m,149,"[v3·G值3.5m] ('R5', '628-22(2)') 欄「平均深度(m)」: baseline='45.04' got=45.71"
v3·G值3.5m,150,"[v3·G值3.5m] ('R5', '628-22(2)') 欄「幾何面積(㎡)」: baseline='520.36' got=520.35"
v3·G值3.5m,151,"[v3·G值3.5m] ('R5', '628-22(2)') 欄「迭代次數」: baseline='17' got=16"
v3·G值3.5m,152,"[v3·G值3.5m] ('R5', '628-32(1)') 欄「平均深度(m)」: baseline='45.04' got=45.71"
v3·G值3.5m,153,"[v3·G值3.5m] ('R5', '628-32(1)') 欄「幾何面積(㎡)」: baseline='3.16' got=3.15"
v3·G值3.5m,154,"[v3·G值3.5m] ('R5', '628-31(1)') 欄「平均深度(m)」: baseline='45.04' got=45.71"
v3·G值3.5m,155,"[v3·G值3.5m] ('R5', '628-31(1)') 欄「幾何面積(㎡)」: baseline='10.71' got=10.72"
v3·G值3.5m,156,"[v3·G值3.5m] ('R5', '628-31(1)') 欄「累積S(m)」: baseline='23.45' got=23.44"
v3·G值3.5m,157,"[v3·G值3.5m] ('R5', '628-31(1)') 欄「迭代次數」: baseline='14' got=16"
v3·G值3.5m,158,"[v3·G值3.5m] ('R5', 'R5-抵費地-1') 欄「平均深度(m)」: baseline='45.04' got=45.71"
v3·G值3.5m,159,"[v3·G值3.5m] ('R5', 'R5-抵費地-1') 欄「幾何面積(㎡)」: baseline='1440.93' got=1359.31"
v3·G值3.5m,160,"[v3·G值3.5m] ('R5', 'R5-抵費地-2') 欄「平均深度(m)」: baseline='45.04' got=45.71"
v3·G值3.5m,161,"[v3·G值3.5m] ('R5', 'R5-抵費地-2') 欄「幾何面積(㎡)」: baseline='300.52' got=378.47"
v3·G值3.5m,162,"[v3·G值3.5m] ('R3', '628(4)') 欄「平均深度(m)」: baseline='43.64' got=44.34"
v3·G值3.5m,163,"[v3·G值3.5m] ('R3', '628-34(2)') 欄「平均深度(m)」: baseline='43.64' got=44.34"
v3·G值3.5m,164,"[v3·G值3.5m] ('R3', '628-34(2)') 欄「幾何面積(㎡)」: baseline='250.25' got=250.24"
v3·G值3.5m,165,"[v3·G值3.5m] ('R3', '628-34(2)') 欄「迭代次數」: baseline='16' got=15"
v3·G值3.5m,166,"[v3·G值3.5m] ('R3', '628-47(1)') 欄「平均深度(m)」: baseline='43.64' got=44.34"
v3·G值3.5m,167,"[v3·G值3.5m] ('R3', '628-47(1)') 欄「累積S(m)」: baseline='10.02' got=10.01"
v3·G值3.5m,168,"[v3·G值3.5m] ('R3', '628-47(1)') 欄「迭代次數」: baseline='18' got=17"
v3·G值3.5m,169,"[v3·G值3.5m] ('R3', '628-46(1)') 欄「平均深度(m)」: baseline='43.64' got=44.34"
v3·G值3.5m,170,"[v3·G值3.5m] ('R3', '628-46(1)') 欄「幾何面積(㎡)」: baseline='72.77' got=72.78"
v3·G值3.5m,171,"[v3·G值3.5m] ('R3', '628-46(1)') 欄「迭代次數」: baseline='17' got=15"
v3·G值3.5m,172,"[v3·G值3.5m] ('R3', '628-48(1)') 欄「平均深度(m)」: baseline='43.64' got=44.34"
v3·G值3.5m,173,"[v3·G值3.5m] ('R3', '628-48(1)') 欄「幾何面積(㎡)」: baseline='143.39' got=143.4"
v3·G值3.5m,174,"[v3·G值3.5m] ('R3', '628-48(1)') 欄「迭代次數」: baseline='18' got=15"
v3·G值3.5m,175,"[v3·G值3.5m] ('R3', '628-49(2)') 欄「平均深度(m)」: baseline='43.64' got=44.34"
v3·G值3.5m,176,"[v3·G值3.5m] ('R3', '628-49(2)') 欄「幾何面積(㎡)」: baseline='79.04' got=79.05"
v3·G值3.5m,177,"[v3·G值3.5m] ('R3', '628-49(2)') 欄「迭代次數」: baseline='17' got=16"
v3·G值3.5m,178,"[v3·G值3.5m] ('R3', '628-32(3)') 欄「平均深度(m)」: baseline='43.64' got=44.34"
v3·G值3.5m,179,"[v3·G值3.5m] ('R3', '628-32(3)') 欄「迭代次數」: baseline='17' got=18"
v3·G值3.5m,180,"[v3·G值3.5m] ('R3', '628-42(2)') 欄「平均深度(m)」: baseline='43.64' got=44.34"
v3·G值3.5m,181,"[v3·G值3.5m] ('R3', '628-42(2)') 欄「W(m)」: baseline='8.9' got=10.57"
v3·G值3.5m,182,"[v3·G值3.5m] ('R3', '628-42(2)') 欄「Rw(%)」: baseline='10.09' got=9.2"
v3·G值3.5m,183,"[v3·G值3.5m] ('R3', '628-42(2)') 欄「S(m)」: baseline='1.91' got=1.92"
v3·G值3.5m,184,"[v3·G值3.5m] ('R3', '628-42(2)') 欄「幾何面積(㎡)」: baseline='85.56' got=85.92"
v3·G值3.5m,185,"[v3·G值3.5m] ('R3', '628-42(2)') 欄「G(㎡)」: baseline='85.57' got=85.92"
v3·G值3.5m,186,"[v3·G值3.5m] ('R3', '628-42(2)') 欄「累積S(m)」: baseline='10.64' got=12.32"
v3·G值3.5m,187,"[v3·G值3.5m] ('R3', '628-42(2)') 欄「迭代次數」: baseline='14' got=15"
v3·G值3.5m,188,"[v3·G值3.5m] ('R3', '628-42(2)') 欄「宗地寬度(m)」: baseline='1.9' got=1.91"
v3·G值3.5m,189,"[v3·G值3.5m] ('R3', '628-27(2)') 欄「平均深度(m)」: baseline='43.64' got=44.34"
v3·G值3.5m,190,"[v3·G值3.5m] ('R3', '628-27(2)') 欄「W(m)」: baseline='9.48' got=11.16"
v3·G值3.5m,191,"[v3·G值3.5m] ('R3', '628-27(2)') 欄「Rw(%)」: baseline='2.83' got=2.64"
v3·G值3.5m,192,"[v3·G值3.5m] ('R3', '628-27(2)') 欄「S(m)」: baseline='0.58' got=0.59"
v3·G值3.5m,193,"[v3·G值3.5m] ('R3', '628-27(2)') 欄「幾何面積(㎡)」: baseline='26.12' got=26.21"
v3·G值3.5m,194,"[v3·G值3.5m] ('R3', '628-27(2)') 欄「G(㎡)」: baseline='26.12' got=26.2"
v3·G值3.5m,195,"[v3·G值3.5m] ('R3', '628-27(2)') 欄「累積S(m)」: baseline='11.22' got=12.9"
v3·G值3.5m,196,"[v3·G值3.5m] ('R3', '628-27(2)') 欄「迭代次數」: baseline='16' got=14"
v3·G值3.5m,197,"[v3·G值3.5m] ('R3', '628-27(2)') 欄「宗地寬度(m)」: baseline='0.58' got=0.59"
v3·G值3.5m,198,"[v3·G值3.5m] ('R3', '628-28(1)') 欄「平均深度(m)」: baseline='43.64' got=44.34"
v3·G值3.5m,199,"[v3·G值3.5m] ('R3', '628-28(1)') 欄「W(m)」: baseline='10.91' got=12.59"
v3·G值3.5m,200,"[v3·G值3.5m] ('R3', '628-28(1)') 欄「Rw(%)」: baseline='6.64' got=5.97"
v3·G值3.5m,201,"[v3·G值3.5m] ('R3', '628-28(1)') 欄「幾何面積(㎡)」: baseline='63.89' got=64.17"
v3·G值3.5m,202,"[v3·G值3.5m] ('R3', '628-28(1)') 欄「G(㎡)」: baseline='63.9' got=64.16"
v3·G值3.5m,203,"[v3·G值3.5m] ('R3', '628-28(1)') 欄「累積S(m)」: baseline='12.65' got=14.34"
v3·G值3.5m,204,"[v3·G值3.5m] ('R3', '628-45(2)') 欄「平均深度(m)」: baseline='43.64' got=44.34"
v3·G值3.5m,205,"[v3·G值3.5m] ('R3', '628-45(2)') 欄「W(m)」: baseline='15.46' got=17.16"
v3·G值3.5m,206,"[v3·G值3.5m] ('R3', '628-45(2)') 欄「Rw(%)」: baseline='17.46' got=15.47"
v3·G值3.5m,207,"[v3·G值3.5m] ('R3', '628-45(2)') 欄「S(m)」: baseline='4.57' got=4.59"
v3·G值3.5m,208,"[v3·G值3.5m] ('R3', '628-45(2)') 欄「幾何面積(㎡)」: baseline='204.55' got=205.33"
v3·G值3.5m,209,"[v3·G值3.5m] ('R3', '628-45(2)') 欄「G(㎡)」: baseline='204.54' got=205.32"
v3·G值3.5m,210,"[v3·G值3.5m] ('R3', '628-45(2)') 欄「累積S(m)」: baseline='17.23' got=18.93"
v3·G值3.5m,211,"[v3·G值3.5m] ('R3', '628-45(2)') 欄「迭代次數」: baseline='17' got=16"
v3·G值3.5m,212,"[v3·G值3.5m] ('R3', '628-45(2)') 欄「負擔比率」: baseline='0.4356' got=0.4334"
v3·G值3.5m,213,"[v3·G值3.5m] ('R3', '628-45(2)') 欄「宗地寬度(m)」: baseline='4.55' got=4.57"
v3·G值3.5m,214,"[v3·G值3.5m] ('R3', '628-29(1)') 欄「平均深度(m)」: baseline='43.64' got=44.34"
v3·G值3.5m,215,"[v3·G值3.5m] ('R3', '628-29(1)') 欄「W(m)」: baseline='16.9' got=18.62"
v3·G值3.5m,216,"[v3·G值3.5m] ('R3', '628-29(1)') 欄「Rw(%)」: baseline='4.39' got=2.18"
v3·G值3.5m,217,"[v3·G值3.5m] ('R3', '628-29(1)') 欄「S(m)」: baseline='1.45' got=1.47"
v3·G值3.5m,218,"[v3·G值3.5m] ('R3', '628-29(1)') 欄「幾何面積(㎡)」: baseline='64.78' got=65.65"
v3·G值3.5m,219,"[v3·G值3.5m] ('R3', '628-29(1)') 欄「G(㎡)」: baseline='64.78' got=65.64"
v3·G值3.5m,220,"[v3·G值3.5m] ('R3', '628-29(1)') 欄「累積S(m)」: baseline='18.68' got=20.4"
v3·G值3.5m,221,"[v3·G值3.5m] ('R3', '628-29(1)') 欄「迭代次數」: baseline='17' got=16"
v3·G值3.5m,222,"[v3·G值3.5m] ('R3', '628-29(1)') 欄「負擔比率」: baseline='0.4318' got=0.4242"
v3·G值3.5m,223,"[v3·G值3.5m] ('R3', '628-29(1)') 欄「宗地寬度(m)」: baseline='1.44' got=1.46"
v3·G值3.5m,224,"[v3·G值3.5m] ('R3', '628-30(3)') 欄「平均深度(m)」: baseline='43.64' got=44.34"
v3·G值3.5m,225,"[v3·G值3.5m] ('R3', '628-30(3)') 欄「W(m)」: baseline='27.08' got=28.83"
v3·G值3.5m,226,"[v3·G值3.5m] ('R3', '628-30(3)') 欄「Rw(%)」: baseline='2.89' got=0.0"
v3·G值3.5m,227,"[v3·G值3.5m] ('R3', '628-30(3)') 欄「S(m)」: baseline='10.22' got=10.25"
v3·G值3.5m,228,"[v3·G值3.5m] ('R3', '628-30(3)') 欄「幾何面積(㎡)」: baseline='455.75' got=456.88"
v3·G值3.5m,229,"[v3·G值3.5m] ('R3', '628-30(3)') 欄「G(㎡)」: baseline='455.75' got=456.87"
v3·G值3.5m,230,"[v3·G值3.5m] ('R3', '628-30(3)') 欄「累積S(m)」: baseline='28.89' got=30.65"
v3·G值3.5m,231,"[v3·G值3.5m] ('R3', '628-30(3)') 欄「宗地寬度(m)」: baseline='10.18' got=10.21"
v3·G值3.5m,232,"[v3·G值3.5m] ('R3', '628-31(3)') 欄「平均深度(m)」: baseline='43.64' got=44.34"
v3·G值3.5m,233,"[v3·G值3.5m] ('R3', '628-31(3)') 欄「W(m)」: baseline='35.6' got=37.35"
v3·G值3.5m,234,"[v3·G值3.5m] ('R3', '628-31(3)') 欄「幾何面積(㎡)」: baseline='380.79' got=380.77"
v3·G值3.5m,235,"[v3·G值3.5m] ('R3', '628-31(3)') 欄「G(㎡)」: baseline='380.78' got=380.77"
v3·G值3.5m,236,"[v3·G值3.5m] ('R3', '628-31(3)') 欄「累積S(m)」: baseline='37.45' got=39.21"
v3·G值3.5m,237,"[v3·G值3.5m] ('R3', '628-31(3)') 欄「迭代次數」: baseline='16' got=13"
v3·G值3.5m,238,"[v3·G值3.5m] ('R3', 'R3-抵費地-1') 欄「平均深度(m)」: baseline='43.64' got=44.34"
v3·G值3.5m,239,"[v3·G值3.5m] ('R3', 'R3-抵費地-1') 欄「幾何面積(㎡)」: baseline='1461.27' got=1383.05"
v3·G值3.5m,240,"[v3·G值3.5m] ('R3', 'R3-抵費地-2') 欄「平均深度(m)」: baseline='43.64' got=44.34"
v3·G值3.5m,241,"[v3·G值3.5m] ('R3', 'R3-抵費地-2') 欄「幾何面積(㎡)」: baseline='308.93' got=383.67"
v3·滑池槽3.5m,0,"[v3·滑池槽3.5m] ('R2',) 欄「J(naive)」: baseline='19.9149' got=15.9918"
v3·滑池槽3.5m,1,"[v3·滑池槽3.5m] ('R2',) 欄「J(k*)」: baseline='19.9149' got=15.9918"
v3·滑池槽3.5m,2,"[v3·滑池槽3.5m] ('R2',) 欄「ΣRw_L理論@k*(%)」: baseline='44.3' got=35.57"
v3·滑池槽3.5m,3,"[v3·滑池槽3.5m] ('R2',) 欄「ΣRw_L實跑(%)」: baseline='44.29' got=35.57"
v3·滑池槽3.5m,4,"[v3·滑池槽3.5m] ('R2',) 欄「ΣG(㎡)」: baseline='2594.22' got=2597.63"
v3·滑池槽3.5m,5,"[v3·滑池槽3.5m] ('R2',) 欄「Σ配地幾何(㎡)」: baseline='2594.21' got=2597.59"
v3·滑池槽3.5m,6,"[v3·滑池槽3.5m] ('R2',) 欄「池總=幾何剩餘(㎡)」: baseline='1774.4' got=1770.99"
v3·滑池槽3.5m,7,"[v3·滑池槽3.5m] ('R2',) 欄「角落抵費地L(㎡)」: baseline='309.05' got=382.85"
v3·滑池槽3.5m,8,"[v3·滑池槽3.5m] ('R2',) 欄「中央池(㎡)」: baseline='1465.35' got=1388.14"
v3·滑池槽3.5m,9,"[v3·滑池槽3.5m] ('R2',) 欄「守恆殘差(㎡)」: baseline='0.01' got=0.02"
v3·滑池槽3.5m,10,"[v3·滑池槽3.5m] ('R2',) 欄「幾何片明細(㎡)」: baseline='[1465.35, 309.05]' got='[1388.14, 382.85]'"
v3·滑池槽3.5m,11,"[v3·滑池槽3.5m] ('R3',) 欄「J(naive)」: baseline='19.8902' got=15.92"
v3·滑池槽3.5m,12,"[v3·滑池槽3.5m] ('R3',) 欄「J(k*)」: baseline='19.8902' got=15.92"
v3·滑池槽3.5m,13,"[v3·滑池槽3.5m] ('R3',) 欄「ΣRw_R理論@k*(%)」: baseline='44.3' got=35.46"
v3·滑池槽3.5m,14,"[v3·滑池槽3.5m] ('R3',) 欄「ΣRw_R實跑(%)」: baseline='44.3' got=35.46"
v3·滑池槽3.5m,15,"[v3·滑池槽3.5m] ('R3',) 欄「ΣG(㎡)」: baseline='2436.61' got=2440.05"
v3·滑池槽3.5m,16,"[v3·滑池槽3.5m] ('R3',) 欄「Σ配地幾何(㎡)」: baseline='2436.58' got=2440.09"
v3·滑池槽3.5m,17,"[v3·滑池槽3.5m] ('R3',) 欄「池總=幾何剩餘(㎡)」: baseline='1770.2' got=1766.72"
v3·滑池槽3.5m,18,"[v3·滑池槽3.5m] ('R3',) 欄「角落抵費地R(㎡)」: baseline='308.93' got=383.67"
v3·滑池槽3.5m,19,"[v3·滑池槽3.5m] ('R3',) 欄「中央池(㎡)」: baseline='1461.27' got=1383.05"
v3·滑池槽3.5m,20,"[v3·滑池槽3.5m] ('R3',) 欄「守恆殘差(㎡)」: baseline='0.01' got=-0.03"
v3·滑池槽3.5m,21,"[v3·滑池槽3.5m] ('R3',) 欄「幾何片明細(㎡)」: baseline='[1461.27, 308.93]' got='[1383.05, 383.67]'"
v3·滑池槽3.5m,22,"[v3·滑池槽3.5m] ('R5',) 欄「J(naive)」: baseline='19.2838' got=15.1873"
v3·滑池槽3.5m,23,"[v3·滑池槽3.5m] ('R5',) 欄「J(k*)」: baseline='19.2838' got=15.1873"
v3·滑池槽3.5m,24,"[v3·滑池槽3.5m] ('R5',) 欄「ΣRw_L理論@k*(%)」: baseline='44.3' got=34.89"
v3·滑池槽3.5m,25,"[v3·滑池槽3.5m] ('R5',) 欄「ΣRw_L實跑(%)」: baseline='44.3' got=34.89"
v3·滑池槽3.5m,26,"[v3·滑池槽3.5m] ('R5',) 欄「ΣG(㎡)」: baseline='2408.76' got=2412.46"
v3·滑池槽3.5m,27,"[v3·滑池槽3.5m] ('R5',) 欄「Σ配地幾何(㎡)」: baseline='2408.77' got=2412.43"
v3·滑池槽3.5m,28,"[v3·滑池槽3.5m] ('R5',) 欄「池總=幾何剩餘(㎡)」: baseline='1741.45' got=1737.78"
v3·滑池槽3.5m,29,"[v3·滑池槽3.5m] ('R5',) 欄「角落抵費地L(㎡)」: baseline='300.52' got=378.47"
v3·滑池槽3.5m,30,"[v3·滑池槽3.5m] ('R5',) 欄「中央池(㎡)」: baseline='1440.93' got=1359.31"
v3·滑池槽3.5m,31,"[v3·滑池槽3.5m] ('R5',) 欄「守恆殘差(㎡)」: baseline='-0.01' got=0.03"
v3·滑池槽3.5m,32,"[v3·滑池槽3.5m] ('R5',) 欄「幾何片明細(㎡)」: baseline='[1440.93, 300.52]' got='[1359.31, 378.47]'"
v3·J表3.5m,0,"[v3·J表3.5m] ('R2', '1') 欄「J」: baseline='0.267' got=0.2571"
v3·J表3.5m,1,"[v3·J表3.5m] ('R2', '1') 欄「dev(m)」: baseline='58.02' got=58.1"
v3·J表3.5m,2,"[v3·J表3.5m] ('R2', '1') 欄「ΣRw_L(%)」: baseline='0.59' got=0.57"
v3·J表3.5m,3,"[v3·J表3.5m] ('R2', '2') 欄「J」: baseline='9.3389' got=8.511"
v3·J表3.5m,4,"[v3·J表3.5m] ('R2', '2') 欄「dev(m)」: baseline='49.88' got=49.92"
v3·J表3.5m,5,"[v3·J表3.5m] ('R2', '2') 欄「ΣRw_L(%)」: baseline='20.77' got=18.93"
v3·J表3.5m,6,"[v3·J表3.5m] ('R2', '3') 欄「J」: baseline='10.6147' got=9.6528"
v3·J表3.5m,7,"[v3·J表3.5m] ('R2', '3') 欄「dev(m)」: baseline='48.56' got=48.6"
v3·J表3.5m,8,"[v3·J表3.5m] ('R2', '3') 欄「ΣRw_L(%)」: baseline='23.61' got=21.47"
v3·J表3.5m,9,"[v3·J表3.5m] ('R2', '4') 欄「J」: baseline='19.9149' got=15.9918"
v3·J表3.5m,10,"[v3·J表3.5m] ('R2', '4') 欄「dev(m)」: baseline='35.24' got=35.16"
v3·J表3.5m,11,"[v3·J表3.5m] ('R2', '4') 欄「ΣRw_L(%)」: baseline='44.3' got=35.57"
v3·J表3.5m,12,"[v3·J表3.5m] ('R2', '5') 欄「J」: baseline='19.9149' got=15.9918"
v3·J表3.5m,13,"[v3·J表3.5m] ('R2', '5') 欄「dev(m)」: baseline='35.22' got=35.14"
v3·J表3.5m,14,"[v3·J表3.5m] ('R2', '5') 欄「ΣRw_L(%)」: baseline='44.3' got=35.57"
v3·J表3.5m,15,"[v3·J表3.5m] ('R2', '6') 欄「J」: baseline='19.9149' got=15.9918"
v3·J表3.5m,16,"[v3·J表3.5m] ('R2', '6') 欄「dev(m)」: baseline='31.22' got=31.14"
v3·J表3.5m,17,"[v3·J表3.5m] ('R2', '6') 欄「ΣRw_L(%)」: baseline='44.3' got=35.57"
v3·J表3.5m,18,"[v3·J表3.5m] ('R2', '7') 欄「J」: baseline='19.9149' got=15.9918"
v3·J表3.5m,19,"[v3·J表3.5m] ('R2', '7') 欄「dev(m)」: baseline='20.66' got=20.58"
v3·J表3.5m,20,"[v3·J表3.5m] ('R2', '7') 欄「ΣRw_L(%)」: baseline='44.3' got=35.57"
v3·J表3.5m,21,"[v3·J表3.5m] ('R2', '8') 欄「J」: baseline='19.9149' got=15.9918"
v3·J表3.5m,22,"[v3·J表3.5m] ('R2', '8') 欄「dev(m)」: baseline='3.16' got=3.08"
v3·J表3.5m,23,"[v3·J表3.5m] ('R2', '8') 欄「ΣRw_L(%)」: baseline='44.3' got=35.57"
v3·J表3.5m,24,"[v3·J表3.5m] ('R2', '9') 欄「J」: baseline='19.9149' got=15.9918"
v3·J表3.5m,25,"[v3·J表3.5m] ('R2', '9') 欄「dev(m)」: baseline='16.54' got=16.62"
v3·J表3.5m,26,"[v3·J表3.5m] ('R2', '9') 欄「ΣRw_L(%)」: baseline='44.3' got=35.57"
v3·J表3.5m,27,"[v3·J表3.5m] ('R2', '10') 欄「J」: baseline='19.9149' got=15.9918"
v3·J表3.5m,28,"[v3·J表3.5m] ('R2', '10') 欄「dev(m)」: baseline='19.78' got=19.86"
v3·J表3.5m,29,"[v3·J表3.5m] ('R2', '10') 欄「ΣRw_L(%)」: baseline='44.3' got=35.57"
v3·J表3.5m,30,"[v3·J表3.5m] ('R2', '11') 欄「J」: baseline='19.9149' got=15.9918"
v3·J表3.5m,31,"[v3·J表3.5m] ('R2', '11') 欄「dev(m)」: baseline='26.4' got=26.48"
v3·J表3.5m,32,"[v3·J表3.5m] ('R2', '11') 欄「ΣRw_L(%)」: baseline='44.3' got=35.57"
v3·J表3.5m,33,"[v3·J表3.5m] ('R2', '12') 欄「J」: baseline='19.9149' got=15.9918"
v3·J表3.5m,34,"[v3·J表3.5m] ('R2', '12') 欄「dev(m)」: baseline='33.04' got=33.12"
v3·J表3.5m,35,"[v3·J表3.5m] ('R2', '12') 欄「ΣRw_L(%)」: baseline='44.3' got=35.57"
v3·J表3.5m,36,"[v3·J表3.5m] ('R2', '13') 欄「J」: baseline='19.9149' got=15.9918"
v3·J表3.5m,37,"[v3·J表3.5m] ('R2', '13') 欄「dev(m)」: baseline='36.0' got=36.08"
v3·J表3.5m,38,"[v3·J表3.5m] ('R2', '13') 欄「ΣRw_L(%)」: baseline='44.3' got=35.57"
v3·J表3.5m,39,"[v3·J表3.5m] ('R2', '14') 欄「J」: baseline='19.9149' got=15.9918"
v3·J表3.5m,40,"[v3·J表3.5m] ('R2', '14') 欄「dev(m)」: baseline='55.56' got=55.64"
v3·J表3.5m,41,"[v3·J表3.5m] ('R2', '14') 欄「ΣRw_L(%)」: baseline='44.3' got=35.57"
v3·J表3.5m,42,"[v3·J表3.5m] ('R2', '15') 欄「J」: baseline='19.9149' got=15.9918"
v3·J表3.5m,43,"[v3·J表3.5m] ('R2', '15') 欄「dev(m)」: baseline='58.24' got=58.32"
v3·J表3.5m,44,"[v3·J表3.5m] ('R2', '15') 欄「ΣRw_L(%)」: baseline='44.3' got=35.57"
v3·J表3.5m,45,"[v3·J表3.5m] ('R3', '0') 欄「J」: baseline='19.8902' got=15.92"
v3·J表3.5m,46,"[v3·J表3.5m] ('R3', '0') 欄「dev(m)」: baseline='54.82' got=54.91"
v3·J表3.5m,47,"[v3·J表3.5m] ('R3', '0') 欄「ΣRw_R(%)」: baseline='44.3' got=35.46"
v3·J表3.5m,48,"[v3·J表3.5m] ('R3', '1') 欄「J」: baseline='19.8902' got=15.92"
v3·J表3.5m,49,"[v3·J表3.5m] ('R3', '1') 欄「dev(m)」: baseline='52.76' got=52.85"
v3·J表3.5m,50,"[v3·J表3.5m] ('R3', '1') 欄「ΣRw_R(%)」: baseline='44.3' got=35.46"
v3·J表3.5m,51,"[v3·J表3.5m] ('R3', '2') 欄「J」: baseline='19.8902' got=15.92"
v3·J表3.5m,52,"[v3·J表3.5m] ('R3', '2') 欄「dev(m)」: baseline='41.36' got=41.45"
v3·J表3.5m,53,"[v3·J表3.5m] ('R3', '2') 欄「ΣRw_R(%)」: baseline='44.3' got=35.46"
v3·J表3.5m,54,"[v3·J表3.5m] ('R3', '3') 欄「J」: baseline='19.8902' got=15.92"
v3·J表3.5m,55,"[v3·J表3.5m] ('R3', '3') 欄「dev(m)」: baseline='34.84' got=34.93"
v3·J表3.5m,56,"[v3·J表3.5m] ('R3', '3') 欄「ΣRw_R(%)」: baseline='44.3' got=35.46"
v3·J表3.5m,57,"[v3·J表3.5m] ('R3', '4') 欄「J」: baseline='19.8902' got=15.92"
v3·J表3.5m,58,"[v3·J表3.5m] ('R3', '4') 欄「dev(m)」: baseline='31.54' got=31.63"
v3·J表3.5m,59,"[v3·J表3.5m] ('R3', '4') 欄「ΣRw_R(%)」: baseline='44.3' got=35.46"
v3·J表3.5m,60,"[v3·J表3.5m] ('R3', '5') 欄「J」: baseline='19.8902' got=15.92"
v3·J表3.5m,61,"[v3·J表3.5m] ('R3', '5') 欄「dev(m)」: baseline='25.02' got=25.11"
v3·J表3.5m,62,"[v3·J表3.5m] ('R3', '5') 欄「ΣRw_R(%)」: baseline='44.3' got=35.46"
v3·J表3.5m,63,"[v3·J表3.5m] ('R3', '6') 欄「J」: baseline='19.8902' got=15.92"
v3·J表3.5m,64,"[v3·J表3.5m] ('R3', '6') 欄「dev(m)」: baseline='21.44' got=21.53"
v3·J表3.5m,65,"[v3·J表3.5m] ('R3', '6') 欄「ΣRw_R(%)」: baseline='44.3' got=35.46"
v3·J表3.5m,66,"[v3·J表3.5m] ('R3', '7') 欄「J」: baseline='19.8902' got=15.92"
v3·J表3.5m,67,"[v3·J表3.5m] ('R3', '7') 欄「dev(m)」: baseline='2.36' got=2.45"
v3·J表3.5m,68,"[v3·J表3.5m] ('R3', '7') 欄「ΣRw_R(%)」: baseline='44.3' got=35.46"
v3·J表3.5m,69,"[v3·J表3.5m] ('R3', '8') 欄「J」: baseline='19.8902' got=15.92"
v3·J表3.5m,70,"[v3·J表3.5m] ('R3', '8') 欄「dev(m)」: baseline='14.68' got=14.59"
v3·J表3.5m,71,"[v3·J表3.5m] ('R3', '8') 欄「ΣRw_R(%)」: baseline='44.3' got=35.46"
v3·J表3.5m,72,"[v3·J表3.5m] ('R3', '9') 欄「J」: baseline='18.5746' got=15.92"
v3·J表3.5m,73,"[v3·J表3.5m] ('R3', '9') 欄「dev(m)」: baseline='35.04' got=35.01"
v3·J表3.5m,74,"[v3·J表3.5m] ('R3', '9') 欄「ΣRw_R(%)」: baseline='41.37' got=35.46"
v3·J表3.5m,75,"[v3·J表3.5m] ('R3', '10') 欄「J」: baseline='16.6103' got=14.9301"
v3·J表3.5m,76,"[v3·J表3.5m] ('R3', '10') 欄「dev(m)」: baseline='37.92' got=37.93"
v3·J表3.5m,77,"[v3·J表3.5m] ('R3', '10') 欄「ΣRw_R(%)」: baseline='37.0' got=33.25"
v3·J表3.5m,78,"[v3·J表3.5m] ('R3', '11') 欄「J」: baseline='8.7732' got=7.9855"
v3·J表3.5m,79,"[v3·J表3.5m] ('R3', '11') 欄「dev(m)」: baseline='47.02' got=47.07"
v3·J表3.5m,80,"[v3·J表3.5m] ('R3', '11') 欄「ΣRw_R(%)」: baseline='19.54' got=17.79"
v3·J表3.5m,81,"[v3·J表3.5m] ('R3', '12') 欄「J」: baseline='5.7937' got=5.3224"
v3·J表3.5m,82,"[v3·J表3.5m] ('R3', '12') 欄「dev(m)」: baseline='49.86' got=49.91"
v3·J表3.5m,83,"[v3·J表3.5m] ('R3', '12') 欄「ΣRw_R(%)」: baseline='12.9' got=11.85"
v3·J表3.5m,84,"[v3·J表3.5m] ('R3', '13') 欄「J」: baseline='4.5258' got=4.1256"
v3·J表3.5m,85,"[v3·J表3.5m] ('R3', '13') 欄「dev(m)」: baseline='51.02' got=51.09"
v3·J表3.5m,86,"[v3·J表3.5m] ('R3', '13') 欄「ΣRw_R(%)」: baseline='10.08' got=9.19"
v3·J表3.5m,87,"[v3·J表3.5m] ('R5', '1') 欄「dev(m)」: baseline='52.12' got=52.16"
v3·J表3.5m,88,"[v3·J表3.5m] ('R5', '1') 欄「ΣRw_L(%)」: baseline='0.22' got=0.21"
v3·J表3.5m,89,"[v3·J表3.5m] ('R5', '2') 欄「J」: baseline='10.3532' got=9.3164"
v3·J表3.5m,90,"[v3·J表3.5m] ('R5', '2') 欄「dev(m)」: baseline='42.44' got=42.46"
v3·J表3.5m,91,"[v3·J表3.5m] ('R5', '2') 欄「ΣRw_L(%)」: baseline='23.78' got=21.4"
v3·J表3.5m,92,"[v3·J表3.5m] ('R5', '3') 欄「J」: baseline='12.4183' got=11.1585"
v3·J表3.5m,93,"[v3·J表3.5m] ('R5', '3') 欄「dev(m)」: baseline='40.08' got=40.1"
v3·J表3.5m,94,"[v3·J表3.5m] ('R5', '3') 欄「ΣRw_L(%)」: baseline='28.53' got=25.63"
v3·J表3.5m,95,"[v3·J表3.5m] ('R5', '4') 欄「J」: baseline='19.2838' got=15.1873"
v3·J表3.5m,96,"[v3·J表3.5m] ('R5', '4') 欄「dev(m)」: baseline='28.88' got=28.8"
v3·J表3.5m,97,"[v3·J表3.5m] ('R5', '4') 欄「ΣRw_L(%)」: baseline='44.3' got=34.89"
v3·J表3.5m,98,"[v3·J表3.5m] ('R5', '5') 欄「J」: baseline='19.2838' got=15.1873"
v3·J表3.5m,99,"[v3·J表3.5m] ('R5', '5') 欄「dev(m)」: baseline='15.44' got=15.4"
v3·J表3.5m,100,"[v3·J表3.5m] ('R5', '5') 欄「ΣRw_L(%)」: baseline='44.3' got=34.89"
v3·J表3.5m,101,"[v3·J表3.5m] ('R5', '6') 欄「J」: baseline='19.2838' got=15.1873"
v3·J表3.5m,102,"[v3·J表3.5m] ('R5', '6') 欄「dev(m)」: baseline='14.74' got=14.7"
v3·J表3.5m,103,"[v3·J表3.5m] ('R5', '6') 欄「ΣRw_L(%)」: baseline='44.3' got=34.89"
v3·J表3.5m,104,"[v3·J表3.5m] ('R5', '7') 欄「J」: baseline='19.2838' got=15.1873"
v3·J表3.5m,105,"[v3·J表3.5m] ('R5', '7') 欄「dev(m)」: baseline='5.5' got=5.54"
v3·J表3.5m,106,"[v3·J表3.5m] ('R5', '7') 欄「ΣRw_L(%)」: baseline='44.3' got=34.89"
v3·J表3.5m,107,"[v3·J表3.5m] ('R5', '8') 欄「J」: baseline='19.2838' got=15.1873"
v3·J表3.5m,108,"[v3·J表3.5m] ('R5', '8') 欄「dev(m)」: baseline='5.96' got=6.0"
v3·J表3.5m,109,"[v3·J表3.5m] ('R5', '8') 欄「ΣRw_L(%)」: baseline='44.3' got=34.89"
v3·J表3.5m,110,"[v3·J表3.5m] ('R5', '9') 欄「J」: baseline='19.2838' got=15.1873"
v3·J表3.5m,111,"[v3·J表3.5m] ('R5', '9') 欄「dev(m)」: baseline='6.1' got=6.14"
v3·J表3.5m,112,"[v3·J表3.5m] ('R5', '9') 欄「ΣRw_L(%)」: baseline='44.3' got=34.89"
v3·J表3.5m,113,"[v3·J表3.5m] ('R5', '10') 欄「J」: baseline='19.2838' got=15.1873"
v3·J表3.5m,114,"[v3·J表3.5m] ('R5', '10') 欄「dev(m)」: baseline='28.18' got=28.22"
v3·J表3.5m,115,"[v3·J表3.5m] ('R5', '10') 欄「ΣRw_L(%)」: baseline='44.3' got=34.89"
v3·J表3.5m,116,"[v3·J表3.5m] ('R5', '11') 欄「J」: baseline='19.2838' got=15.1873"
v3·J表3.5m,117,"[v3·J表3.5m] ('R5', '11') 欄「dev(m)」: baseline='45.98' got=46.02"
v3·J表3.5m,118,"[v3·J表3.5m] ('R5', '11') 欄「ΣRw_L(%)」: baseline='44.3' got=34.89"
v3·J表3.5m,119,"[v3·J表3.5m] ('R5', '12') 欄「J」: baseline='19.2838' got=15.1873"
v3·J表3.5m,120,"[v3·J表3.5m] ('R5', '12') 欄「dev(m)」: baseline='52.2' got=52.24"
v3·J表3.5m,121,"[v3·J表3.5m] ('R5', '12') 欄「ΣRw_L(%)」: baseline='44.3' got=34.89"
碎片幾何,0,"[碎片幾何] 缺列 ('0m', 'R3-抵費地')"
碎片幾何,1,"[碎片幾何] 多列 ('0m', 'R3-抵費地-1')"
碎片幾何,2,"[碎片幾何] 多列 ('0m', 'R3-抵費地-2')"
碎片幾何,3,"[碎片幾何] ('0m', 'R1-抵費地-1') 欄「參考_depth×mw」: baseline='115.39' got=116.02"
碎片幾何,4,"[碎片幾何] ('0m', 'R1-抵費地-1') 欄「參考_街角範圍」: baseline='109.79' got=114.76"
碎片幾何,5,"[碎片幾何] ('0m', 'R1-抵費地-2') 欄「參考_depth×mw」: baseline='115.39' got=116.02"
碎片幾何,6,"[碎片幾何] ('0m', 'R1-抵費地-2') 欄「參考_街角範圍」: baseline='109.79' got=114.76"
碎片幾何,7,"[碎片幾何] ('0m', 'R2-抵費地') 欄「面積」: baseline='1799.4' got=1799.39"
碎片幾何,8,"[碎片幾何] ('0m', 'R2-抵費地') 欄「參考_depth×mw」: baseline='153.65' got=155.64"
碎片幾何,9,"[碎片幾何] ('0m', 'R2-抵費地') 欄「參考_街角範圍」: baseline='151.44' got=225.69"
碎片幾何,10,"[碎片幾何] ('0m', 'R4-抵費地') 欄「參考_depth×mw」: baseline='114.07' got=115.85"
碎片幾何,11,"[碎片幾何] ('0m', 'R4-抵費地') 欄「參考_街角範圍」: baseline='109.2' got=135.15"
碎片幾何,12,"[碎片幾何] ('0m', 'R6-抵費地-1') 欄「參考_depth×mw」: baseline='156.06' got=159.28"
碎片幾何,13,"[碎片幾何] ('0m', 'R6-抵費地-1') 欄「參考_街角範圍」: baseline='146.38' got=145.88"
碎片幾何,14,"[碎片幾何] ('0m', 'R6-抵費地-2') 欄「參考_depth×mw」: baseline='156.06' got=159.28"
碎片幾何,15,"[碎片幾何] ('0m', 'R6-抵費地-2') 欄「參考_街角範圍」: baseline='146.38' got=145.88"
碎片幾何,16,"[碎片幾何] ('0m', 'R5-抵費地') 欄「面積」: baseline='1766.08' got=1766.1"
碎片幾何,17,"[碎片幾何] ('0m', 'R5-抵費地') 欄「宗地寬度⊥ALLOC」: baseline='38.45' got=38.46"
碎片幾何,18,"[碎片幾何] ('0m', 'R5-抵費地') 欄「參考_depth×mw」: baseline='157.64' got=159.99"
碎片幾何,19,"[碎片幾何] ('0m', 'R5-抵費地') 欄「參考_街角範圍」: baseline='146.93' got=225.24"
碎片幾何,20,"[碎片幾何] ('3.5m', 'R1-抵費地-1') 欄「參考_depth×mw」: baseline='115.39' got=116.02"
碎片幾何,21,"[碎片幾何] ('3.5m', 'R1-抵費地-1') 欄「參考_街角範圍」: baseline='226.18' got=230.81"
碎片幾何,22,"[碎片幾何] ('3.5m', 'R1-抵費地-2') 欄「參考_depth×mw」: baseline='115.39' got=116.02"
碎片幾何,23,"[碎片幾何] ('3.5m', 'R1-抵費地-2') 欄「參考_街角範圍」: baseline='226.18' got=230.81"
碎片幾何,24,"[碎片幾何] ('3.5m', 'R2-抵費地-1') 欄「面積」: baseline='1465.35' got=1388.14"
碎片幾何,25,"[碎片幾何] ('3.5m', 'R2-抵費地-1') 欄「沿街s」: baseline='0.51' got=0.52"
碎片幾何,26,"[碎片幾何] ('3.5m', 'R2-抵費地-1') 欄「宗地寬度⊥ALLOC」: baseline='32.87' got=31.14"
碎片幾何,27,"[碎片幾何] ('3.5m', 'R2-抵費地-1') 欄「深度∥ALLOC」: baseline='47.07' got=46.93"
碎片幾何,28,"[碎片幾何] ('3.5m', 'R2-抵費地-1') 欄「臨正街長」: baseline='32.95' got=31.22"
碎片幾何,29,"[碎片幾何] ('3.5m', 'R2-抵費地-1') 欄「長寬比」: baseline='1.4' got=1.5"
碎片幾何,30,"[碎片幾何] ('3.5m', 'R2-抵費地-1') 欄「緊湊度」: baseline='0.77' got=0.76"
碎片幾何,31,"[碎片幾何] ('3.5m', 'R2-抵費地-1') 欄「參考_depth×mw」: baseline='153.65' got=155.64"
碎片幾何,32,"[碎片幾何] ('3.5m', 'R2-抵費地-1') 欄「參考_街角範圍」: baseline='309.05' got=382.85"
碎片幾何,33,"[碎片幾何] ('3.5m', 'R2-抵費地-2') 欄「面積」: baseline='309.05' got=382.85"
碎片幾何,34,"[碎片幾何] ('3.5m', 'R2-抵費地-2') 欄「沿街s」: baseline='0.03' got=0.04"
碎片幾何,35,"[碎片幾何] ('3.5m', 'R2-抵費地-2') 欄「宗地寬度⊥ALLOC」: baseline='8.43' got=10.07"
碎片幾何,36,"[碎片幾何] ('3.5m', 'R2-抵費地-2') 欄「深度∥ALLOC」: baseline='45.44' got=45.56"
碎片幾何,37,"[碎片幾何] ('3.5m', 'R2-抵費地-2') 欄「臨正街長」: baseline='5.17' got=6.82"
碎片幾何,38,"[碎片幾何] ('3.5m', 'R2-抵費地-2') 欄「長寬比」: baseline='5.4' got=4.5"
碎片幾何,39,"[碎片幾何] ('3.5m', 'R2-抵費地-2') 欄「緊湊度」: baseline='0.37' got=0.43"
碎片幾何,40,"[碎片幾何] ('3.5m', 'R2-抵費地-2') 欄「參考_depth×mw」: baseline='153.65' got=155.64"
碎片幾何,41,"[碎片幾何] ('3.5m', 'R2-抵費地-2') 欄「參考_街角範圍」: baseline='309.05' got=382.85"
碎片幾何,42,"[碎片幾何] ('3.5m', 'R4-抵費地') 欄「參考_depth×mw」: baseline='114.07' got=115.85"
碎片幾何,43,"[碎片幾何] ('3.5m', 'R4-抵費地') 欄「參考_街角範圍」: baseline='225.25' got=251.08"
碎片幾何,44,"[碎片幾何] ('3.5m', 'R6-抵費地-1') 欄「參考_depth×mw」: baseline='156.06' got=159.28"
碎片幾何,45,"[碎片幾何] ('3.5m', 'R6-抵費地-1') 欄「參考_街角範圍」: baseline='299.13' got=298.14"
碎片幾何,46,"[碎片幾何] ('3.5m', 'R6-抵費地-2') 欄「參考_depth×mw」: baseline='156.06' got=159.28"
碎片幾何,47,"[碎片幾何] ('3.5m', 'R6-抵費地-2') 欄「參考_街角範圍」: baseline='299.13' got=298.14"
碎片幾何,48,"[碎片幾何] ('3.5m', 'R5-抵費地-1') 欄「面積」: baseline='1440.93' got=1359.31"
碎片幾何,49,"[碎片幾何] ('3.5m', 'R5-抵費地-1') 欄「沿街s」: baseline='0.55' got=0.56"
碎片幾何,50,"[碎片幾何] ('3.5m', 'R5-抵費地-1') 欄「宗地寬度⊥ALLOC」: baseline='31.26' got=29.46"
碎片幾何,51,"[碎片幾何] ('3.5m', 'R5-抵費地-1') 欄「深度∥ALLOC」: baseline='48.25' got=48.17"
碎片幾何,52,"[碎片幾何] ('3.5m', 'R5-抵費地-1') 欄「臨正街長」: baseline='31.39' got=29.59"
碎片幾何,53,"[碎片幾何] ('3.5m', 'R5-抵費地-1') 欄「長寬比」: baseline='1.5' got=1.6"
碎片幾何,54,"[碎片幾何] ('3.5m', 'R5-抵費地-1') 欄「參考_depth×mw」: baseline='157.64' got=159.99"
碎片幾何,55,"[碎片幾何] ('3.5m', 'R5-抵費地-1') 欄「參考_街角範圍」: baseline='300.52' got=378.47"
碎片幾何,56,"[碎片幾何] ('3.5m', 'R5-抵費地-2') 欄「面積」: baseline='300.52' got=378.47"
碎片幾何,57,"[碎片幾何] ('3.5m', 'R5-抵費地-2') 欄「沿街s」: baseline='0.03' got=0.04"
碎片幾何,58,"[碎片幾何] ('3.5m', 'R5-抵費地-2') 欄「宗地寬度⊥ALLOC」: baseline='8.37' got=10.14"
碎片幾何,59,"[碎片幾何] ('3.5m', 'R5-抵費地-2') 欄「深度∥ALLOC」: baseline='44.21' got=44.37"
碎片幾何,60,"[碎片幾何] ('3.5m', 'R5-抵費地-2') 欄「臨正街長」: baseline='5.21' got=6.99"
碎片幾何,61,"[碎片幾何] ('3.5m', 'R5-抵費地-2') 欄「長寬比」: baseline='5.3' got=4.4"
碎片幾何,62,"[碎片幾何] ('3.5m', 'R5-抵費地-2') 欄「緊湊度」: baseline='0.38' got=0.45"
碎片幾何,63,"[碎片幾何] ('3.5m', 'R5-抵費地-2') 欄「參考_depth×mw」: baseline='157.64' got=159.99"
碎片幾何,64,"[碎片幾何] ('3.5m', 'R5-抵費地-2') 欄「參考_街角範圍」: baseline='300.52' got=378.47"
碎片幾何,65,"[碎片幾何] ('3.5m', 'R3-抵費地-1') 欄「面積」: baseline='1461.27' got=1383.05"
碎片幾何,66,"[碎片幾何] ('3.5m', 'R3-抵費地-1') 欄「沿街s」: baseline='0.44' got=0.43"
碎片幾何,67,"[碎片幾何] ('3.5m', 'R3-抵費地-1') 欄「宗地寬度⊥ALLOC」: baseline='32.89' got=31.13"
碎片幾何,68,"[碎片幾何] ('3.5m', 'R3-抵費地-1') 欄「深度∥ALLOC」: baseline='47.28' got=47.12"
碎片幾何,69,"[碎片幾何] ('3.5m', 'R3-抵費地-1') 欄「臨正街長」: baseline='33.03' got=31.27"
碎片幾何,70,"[碎片幾何] ('3.5m', 'R3-抵費地-1') 欄「長寬比」: baseline='1.4' got=1.5"
碎片幾何,71,"[碎片幾何] ('3.5m', 'R3-抵費地-1') 欄「緊湊度」: baseline='0.77' got=0.76"
碎片幾何,72,"[碎片幾何] ('3.5m', 'R3-抵費地-1') 欄「參考_depth×mw」: baseline='152.74' got=155.19"
碎片幾何,73,"[碎片幾何] ('3.5m', 'R3-抵費地-1') 欄「參考_街角範圍」: baseline='308.93' got=383.67"
碎片幾何,74,"[碎片幾何] ('3.5m', 'R3-抵費地-2') 欄「面積」: baseline='308.93' got=383.67"
碎片幾何,75,"[碎片幾何] ('3.5m', 'R3-抵費地-2') 欄「沿街s」: baseline='0.96' got=0.95"
碎片幾何,76,"[碎片幾何] ('3.5m', 'R3-抵費地-2') 欄「宗地寬度⊥ALLOC」: baseline='8.69' got=10.35"
碎片幾何,77,"[碎片幾何] ('3.5m', 'R3-抵費地-2') 欄「深度∥ALLOC」: baseline='45.14' got=45.28"
碎片幾何,78,"[碎片幾何] ('3.5m', 'R3-抵費地-2') 欄「臨正街長」: baseline='1.76' got=3.43"
碎片幾何,79,"[碎片幾何] ('3.5m', 'R3-抵費地-2') 欄「長寬比」: baseline='5.1' got=4.3"
碎片幾何,80,"[碎片幾何] ('3.5m', 'R3-抵費地-2') 欄「緊湊度」: baseline='0.37' got=0.44"
碎片幾何,81,"[碎片幾何] ('3.5m', 'R3-抵費地-2') 欄「參考_depth×mw」: baseline='152.74' got=155.19"
碎片幾何,82,"[碎片幾何] ('3.5m', 'R3-抵費地-2') 欄「參考_街角範圍」: baseline='308.93' got=383.67"
碎片逐邊,0,"[碎片逐邊] 缺列 ('0m', 'R3-抵費地')"
碎片逐邊,1,"[碎片逐邊] 多列 ('0m', 'R3-抵費地-1')"
碎片逐邊,2,"[碎片逐邊] 多列 ('0m', 'R3-抵費地-2')"
碎片逐邊,3,"[碎片逐邊] ('0m', 'R2-抵費地') 欄「面積」: baseline='1799.4' got=1799.39"
碎片逐邊,4,"[碎片逐邊] ('0m', 'R5-抵費地') 欄「面積」: baseline='1766.08' got=1766.1"
碎片逐邊,5,"[碎片逐邊] ('3.5m', 'R2-抵費地-1') 欄「面積」: baseline='1465.35' got=1388.14"
碎片逐邊,6,"[碎片逐邊] ('3.5m', 'R2-抵費地-1') 欄「臨正街長」: baseline='32.95' got=31.22"
碎片逐邊,7,"[碎片逐邊] ('3.5m', 'R2-抵費地-1') 欄「非路邊界長(屁股/分區/截角)」: baseline='32.97' got=31.24"
碎片逐邊,8,"[碎片逐邊] ('3.5m', 'R2-抵費地-1') 欄「內部切長」: baseline='89.17' got=89.15"
碎片逐邊,9,"[碎片逐邊] ('3.5m', 'R2-抵費地-2') 欄「面積」: baseline='309.05' got=382.85"
碎片逐邊,10,"[碎片逐邊] ('3.5m', 'R2-抵費地-2') 欄「臨正街長」: baseline='5.17' got=6.82"
碎片逐邊,11,"[碎片逐邊] ('3.5m', 'R2-抵費地-2') 欄「非路邊界長(屁股/分區/截角)」: baseline='10.32' got=11.97"
碎片逐邊,12,"[碎片逐邊] ('3.5m', 'R2-抵費地-2') 欄「內部切長」: baseline='45.01' got=45.0"
碎片逐邊,13,"[碎片逐邊] ('3.5m', 'R5-抵費地-1') 欄「面積」: baseline='1440.93' got=1359.31"
碎片逐邊,14,"[碎片逐邊] ('3.5m', 'R5-抵費地-1') 欄「臨正街長」: baseline='31.39' got=29.59"
碎片逐邊,15,"[碎片逐邊] ('3.5m', 'R5-抵費地-1') 欄「非路邊界長(屁股/分區/截角)」: baseline='31.29' got=29.49"
碎片逐邊,16,"[碎片逐邊] ('3.5m', 'R5-抵費地-1') 欄「內部切長」: baseline='92.2' got=92.28"
碎片逐邊,17,"[碎片逐邊] ('3.5m', 'R5-抵費地-2') 欄「面積」: baseline='300.52' got=378.47"
碎片逐邊,18,"[碎片逐邊] ('3.5m', 'R5-抵費地-2') 欄「臨正街長」: baseline='5.21' got=6.99"
碎片逐邊,19,"[碎片逐邊] ('3.5m', 'R5-抵費地-2') 欄「非路邊界長(屁股/分區/截角)」: baseline='10.37' got=12.14"
碎片逐邊,20,"[碎片逐邊] ('3.5m', 'R5-抵費地-2') 欄「內部切長」: baseline='43.97' got=44.05"
碎片逐邊,21,"[碎片逐邊] ('3.5m', 'R3-抵費地-1') 欄「面積」: baseline='1461.27' got=1383.05"
碎片逐邊,22,"[碎片逐邊] ('3.5m', 'R3-抵費地-1') 欄「臨正街長」: baseline='33.03' got=31.27"
碎片逐邊,23,"[碎片逐邊] ('3.5m', 'R3-抵費地-1') 欄「非路邊界長(屁股/分區/截角)」: baseline='32.99' got=31.24"
碎片逐邊,24,"[碎片逐邊] ('3.5m', 'R3-抵費地-1') 欄「內部切長」: baseline='88.86' got=88.84"
碎片逐邊,25,"[碎片逐邊] ('3.5m', 'R3-抵費地-2') 欄「面積」: baseline='308.93' got=383.67"
碎片逐邊,26,"[碎片逐邊] ('3.5m', 'R3-抵費地-2') 欄「臨正街長」: baseline='1.76' got=3.43"
碎片逐邊,27,"[碎片逐邊] ('3.5m', 'R3-抵費地-2') 欄「非路邊界長(屁股/分區/截角)」: baseline='13.66' got=15.33"
碎片逐邊,28,"[碎片逐邊] ('3.5m', 'R3-抵費地-2') 欄「內部切長」: baseline='44.98' got=44.96"
W-D.4清單0m,0,"[W-D.4清單0m] ('0m', 'G003') 欄「路徑標註」: baseline='公設軌·達標門檻＝區標準 114.07(手冊(三))；½線測試延至 F.4 以 G(a′) 施作' got='公設軌·達標門檻＝區標準 115.85(手冊(三))；½線測試延至 F.4 以 G(a′) 施作'"
W-D.4清單0m,1,"[W-D.4清單0m] ('0m', 'G004') 欄「增配a′(㎡)」: baseline='42.47' got=44.25"
W-D.4清單0m,2,"[W-D.4清單0m] ('0m', 'G004') 欄「差額地價(元)§52-1」: baseline='3238167' got=3373884"
W-D.4清單0m,3,"[W-D.4清單0m] ('0m', 'G005') 欄「ΣG_戶(㎡)」: baseline='510.56' got=520.19"
W-D.4清單0m,4,"[W-D.4清單0m] ('0m', 'G007') 欄「ΣG_戶(㎡)」: baseline='1423.02' got=1443.47"
W-D.4清單0m,5,"[W-D.4清單0m] ('0m', 'G010') 欄「ΣG_戶(㎡)」: baseline='294.14' got=283.87"
W-D.4清單0m,6,"[W-D.4清單0m] ('0m', 'G011') 欄「ΣG_戶(㎡)」: baseline='89.77' got=89.96"
W-D.4清單0m,7,"[W-D.4清單0m] ('0m', 'G011') 欄「增配a′(㎡)」: baseline='24.3' got=25.89"
W-D.4清單0m,8,"[W-D.4清單0m] ('0m', 'G011') 欄「差額地價(元)§52-1」: baseline='1852777' got=1974008"
W-D.4清單0m,9,"[W-D.4清單0m] ('0m', 'G011') 欄「放棄改領(元)§53-2」: baseline='6502371' got=6516134"
W-D.4清單0m,10,"[W-D.4清單0m] ('0m', 'G012') 欄「路徑標註」: baseline='公設軌·達標門檻＝區標準 114.07(手冊(三))；½線測試延至 F.4 以 G(a′) 施作' got='公設軌·達標門檻＝區標準 115.85(手冊(三))；½線測試延至 F.4 以 G(a′) 施作'"
W-D.4清單0m,11,"[W-D.4清單0m] ('0m', 'G013') 欄「路徑標註」: baseline='公設軌·達標門檻＝區標準 114.07(手冊(三))；½線測試延至 F.4 以 G(a′) 施作' got='公設軌·達標門檻＝區標準 115.85(手冊(三))；½線測試延至 F.4 以 G(a′) 施作'"
W-D.4清單0m,12,"[W-D.4清單0m] ('0m', 'G014') 欄「ΣG_戶(㎡)」: baseline='127.24' got=128.09"
W-D.4清單0m,13,"[W-D.4清單0m] ('0m', 'G015') 欄「路徑標註」: baseline='公設軌·達標門檻＝區標準 114.07(手冊(三))；½線測試延至 F.4 以 G(a′) 施作' got='公設軌·達標門檻＝區標準 115.85(手冊(三))；½線測試延至 F.4 以 G(a′) 施作'"
W-D.4清單0m,14,"[W-D.4清單0m] ('0m', 'G016') 欄「路徑標註」: baseline='公設軌·達標門檻＝區標準 114.07(手冊(三))；½線測試延至 F.4 以 G(a′) 施作' got='公設軌·達標門檻＝區標準 115.85(手冊(三))；½線測試延至 F.4 以 G(a′) 施作'"
W-D.4清單0m,15,"[W-D.4清單0m] ('0m', 'G022') 欄「ΣG_戶(㎡)」: baseline='546.82' got=536.5"
W-D.4清單0m,16,"[W-D.4清單0m] ('0m', 'G023') 欄「ΣG_戶(㎡)」: baseline='173.16' got=182.99"
W-D.4清單0m,17,"[W-D.4清單0m] ('0m', 'G024') 欄「路徑標註」: baseline='公設軌·達標門檻＝區標準 114.07(手冊(三))；½線測試延至 F.4 以 G(a′) 施作' got='公設軌·達標門檻＝區標準 115.85(手冊(三))；½線測試延至 F.4 以 G(a′) 施作'"
W-D.4清單0m,18,"[W-D.4清單0m] ('0m', 'G027') 欄「ΣG_戶(㎡)」: baseline='783.21' got=783.19"
W-D.4清單0m,19,"[W-D.4清單0m] ('0m', 'G028') 欄「路徑標註」: baseline='公設軌·達標門檻＝區標準 114.07(手冊(三))；½線測試延至 F.4 以 G(a′) 施作' got='公設軌·達標門檻＝區標準 115.85(手冊(三))；½線測試延至 F.4 以 G(a′) 施作'"
W-D.4清單0m,20,"[W-D.4清單0m] ('0m', 'G030') 欄「ΣG_戶(㎡)」: baseline='55.09' got=55.58"
W-D.4清單0m,21,"[W-D.4清單0m] ('0m', 'G031') 欄「路徑標註」: baseline='公設軌·達標門檻＝區標準 114.07(手冊(三))；½線測試延至 F.4 以 G(a′) 施作' got='公設軌·達標門檻＝區標準 115.85(手冊(三))；½線測試延至 F.4 以 G(a′) 施作'"
W-D.4清單0m,22,"[W-D.4清單0m] ('0m', 'G033') 欄「增配a′(㎡)」: baseline='41.3' got=43.08"
W-D.4清單0m,23,"[W-D.4清單0m] ('0m', 'G033') 欄「差額地價(元)§52-1」: baseline='3148959' got=3284677"
W-D.4跨占0m,0,"[W-D.4跨占0m] ('0m', '628-35(1)') 欄「該側MinA(㎡)」: baseline='153.65' got=155.64"
W-D.4跨占0m,1,"[W-D.4跨占0m] ('0m', '628(2)') 欄「該側MinA(㎡)」: baseline='156.06' got=159.28"
W-D.4跨占0m,2,"[W-D.4跨占0m] ('0m', '628(3)') 欄「該側MinA(㎡)」: baseline='157.64' got=159.99"
W-D.4跨占0m,3,"[W-D.4跨占0m] ('0m', '628(4)') 欄「該側MinA(㎡)」: baseline='152.74' got=155.19"
W-D.4跨占0m,4,"[W-D.4跨占0m] ('0m', '628-34(3)') 欄「該側MinA(㎡)」: baseline='115.39' got=116.02"
W-D.4跨占0m,5,"[W-D.4跨占0m] ('0m', '628-42(1)') 欄「G(㎡)」: baseline='4.73' got=4.76"
W-D.4跨占0m,6,"[W-D.4跨占0m] ('0m', '628-42(1)') 欄「該側MinA(㎡)」: baseline='153.65' got=155.64"
W-D.4跨占0m,7,"[W-D.4跨占0m] ('0m', '628-42(1)') 欄「大側G(㎡)」: baseline='85.04' got=85.2"
W-D.4跨占0m,8,"[W-D.4跨占0m] ('0m', '628-42(2)') 欄「G(㎡)」: baseline='85.04' got=85.2"
W-D.4跨占0m,9,"[W-D.4跨占0m] ('0m', '628-42(2)') 欄「該側MinA(㎡)」: baseline='152.74' got=155.19"
W-D.4跨占0m,10,"[W-D.4跨占0m] ('0m', '628-42(2)') 欄「大側G(㎡)」: baseline='85.04' got=85.2"
W-D.4跨占0m,11,"[W-D.4跨占0m] ('0m', '628-27(1)') 欄「G(㎡)」: baseline='29.15' got=29.57"
W-D.4跨占0m,12,"[W-D.4跨占0m] ('0m', '628-27(1)') 欄「該側MinA(㎡)」: baseline='153.65' got=155.64"
W-D.4跨占0m,13,"[W-D.4跨占0m] ('0m', '628-27(1)') 欄「大側G(㎡)」: baseline='29.15' got=29.57"
W-D.4跨占0m,14,"[W-D.4跨占0m] ('0m', '628-27(2)') 欄「G(㎡)」: baseline='25.94' got=26.01"
W-D.4跨占0m,15,"[W-D.4跨占0m] ('0m', '628-27(2)') 欄「該側MinA(㎡)」: baseline='152.74' got=155.19"
W-D.4跨占0m,16,"[W-D.4跨占0m] ('0m', '628-27(2)') 欄「大側G(㎡)」: baseline='29.15' got=29.57"
W-D.4跨占0m,17,"[W-D.4跨占0m] ('0m', '628-30(2)') 欄「該側MinA(㎡)」: baseline='153.65' got=155.64"
W-D.4跨占0m,18,"[W-D.4跨占0m] ('0m', '628-30(2)') 欄「大側G(㎡)」: baseline='445.03' got=453.52"
W-D.4跨占0m,19,"[W-D.4跨占0m] ('0m', '628-30(1)') 欄「該側MinA(㎡)」: baseline='157.64' got=159.99"
W-D.4跨占0m,20,"[W-D.4跨占0m] ('0m', '628-30(1)') 欄「大側G(㎡)」: baseline='445.03' got=453.52"
W-D.4跨占0m,21,"[W-D.4跨占0m] ('0m', '628-31(1)') 欄「該側MinA(㎡)」: baseline='157.64' got=159.99"
W-D.4跨占0m,22,"[W-D.4跨占0m] ('0m', '628-49(1)') 欄「該側MinA(㎡)」: baseline='153.65' got=155.64"
W-D.4跨占0m,23,"[W-D.4跨占0m] ('0m', '628-49(2)') 欄「該側MinA(㎡)」: baseline='152.74' got=155.19"
W-D.4跨占0m,24,"[W-D.4跨占0m] ('0m', '628-32(1)') 欄「該側MinA(㎡)」: baseline='157.64' got=159.99"
W-D.4跨占0m,25,"[W-D.4跨占0m] ('0m', '628-1(2)') 欄「該側MinA(㎡)」: baseline='156.06' got=159.28"
W-D.4跨占0m,26,"[W-D.4跨占0m] ('0m', '628-23(1)') 欄「該側MinA(㎡)」: baseline='156.06' got=159.28"
W-D.4跨占0m,27,"[W-D.4跨占0m] ('0m', '628-22(1)') 欄「該側MinA(㎡)」: baseline='156.06' got=159.28"
W-D.4跨占0m,28,"[W-D.4跨占0m] ('0m', '628-53(1)') 欄「該側MinA(㎡)」: baseline='156.06' got=159.28"
W-D.4跨占0m,29,"[W-D.4跨占0m] ('0m', '628-53(2)') 欄「該側MinA(㎡)」: baseline='157.64' got=159.99"
W-D.4跨占0m,30,"[W-D.4跨占0m] ('0m', '628-45(1)') 欄「G(㎡)」: baseline='51.35' got=52.04"
W-D.4跨占0m,31,"[W-D.4跨占0m] ('0m', '628-45(1)') 欄「該側MinA(㎡)」: baseline='157.64' got=159.99"
W-D.4跨占0m,32,"[W-D.4跨占0m] ('0m', '628-45(1)') 欄「大側G(㎡)」: baseline='192.41' got=203.68"
W-D.4清單3.5m,0,"[W-D.4清單3.5m] ('3.5m', 'G003') 欄「路徑標註」: baseline='公設軌·達標門檻＝區標準 114.07(手冊(三))；½線測試延至 F.4 以 G(a′) 施作' got='公設軌·達標門檻＝區標準 115.85(手冊(三))；½線測試延至 F.4 以 G(a′) 施作'"
W-D.4清單3.5m,1,"[W-D.4清單3.5m] ('3.5m', 'G004') 欄「增配a′(㎡)」: baseline='42.47' got=44.25"
W-D.4清單3.5m,2,"[W-D.4清單3.5m] ('3.5m', 'G004') 欄「差額地價(元)§52-1」: baseline='3238167' got=3373884"
W-D.4清單3.5m,3,"[W-D.4清單3.5m] ('3.5m', 'G005') 欄「ΣG_戶(㎡)」: baseline='520.97' got=521.89"
W-D.4清單3.5m,4,"[W-D.4清單3.5m] ('3.5m', 'G007') 欄「ΣG_戶(㎡)」: baseline='1458.33' got=1460.47"
W-D.4清單3.5m,5,"[W-D.4清單3.5m] ('3.5m', 'G010') 欄「ΣG_戶(㎡)」: baseline='299.54' got=302.12"
W-D.4清單3.5m,6,"[W-D.4清單3.5m] ('3.5m', 'G011') 欄「ΣG_戶(㎡)」: baseline='90.34' got=90.7"
W-D.4清單3.5m,7,"[W-D.4清單3.5m] ('3.5m', 'G011') 欄「增配a′(㎡)」: baseline='23.73' got=25.15"
W-D.4清單3.5m,8,"[W-D.4清單3.5m] ('3.5m', 'G011') 欄「差額地價(元)§52-1」: baseline='1809317' got=1917586"
W-D.4清單3.5m,9,"[W-D.4清單3.5m] ('3.5m', 'G011') 欄「放棄改領(元)§53-2」: baseline='6543659' got=6569735"
W-D.4清單3.5m,10,"[W-D.4清單3.5m] ('3.5m', 'G012') 欄「路徑標註」: baseline='公設軌·達標門檻＝區標準 114.07(手冊(三))；½線測試延至 F.4 以 G(a′) 施作' got='公設軌·達標門檻＝區標準 115.85(手冊(三))；½線測試延至 F.4 以 G(a′) 施作'"
W-D.4清單3.5m,11,"[W-D.4清單3.5m] ('3.5m', 'G013') 欄「路徑標註」: baseline='公設軌·達標門檻＝區標準 114.07(手冊(三))；½線測試延至 F.4 以 G(a′) 施作' got='公設軌·達標門檻＝區標準 115.85(手冊(三))；½線測試延至 F.4 以 G(a′) 施作'"
W-D.4清單3.5m,12,"[W-D.4清單3.5m] ('3.5m', 'G014') 欄「ΣG_戶(㎡)」: baseline='128.68' got=129.8"
W-D.4清單3.5m,13,"[W-D.4清單3.5m] ('3.5m', 'G015') 欄「路徑標註」: baseline='公設軌·達標門檻＝區標準 114.07(手冊(三))；½線測試延至 F.4 以 G(a′) 施作' got='公設軌·達標門檻＝區標準 115.85(手冊(三))；½線測試延至 F.4 以 G(a′) 施作'"
W-D.4清單3.5m,14,"[W-D.4清單3.5m] ('3.5m', 'G016') 欄「路徑標註」: baseline='公設軌·達標門檻＝區標準 114.07(手冊(三))；½線測試延至 F.4 以 G(a′) 施作' got='公設軌·達標門檻＝區標準 115.85(手冊(三))；½線測試延至 F.4 以 G(a′) 施作'"
W-D.4清單3.5m,15,"[W-D.4清單3.5m] ('3.5m', 'G017') 欄「ΣG_戶(㎡)」: baseline='1848.37' got=1848.41"
W-D.4清單3.5m,16,"[W-D.4清單3.5m] ('3.5m', 'G022') 欄「ΣG_戶(㎡)」: baseline='551.55' got=554.05"
W-D.4清單3.5m,17,"[W-D.4清單3.5m] ('3.5m', 'G023') 欄「ΣG_戶(㎡)」: baseline='183.23' got=183.95"
W-D.4清單3.5m,18,"[W-D.4清單3.5m] ('3.5m', 'G024') 欄「路徑標註」: baseline='公設軌·達標門檻＝區標準 114.07(手冊(三))；½線測試延至 F.4 以 G(a′) 施作' got='公設軌·達標門檻＝區標準 115.85(手冊(三))；½線測試延至 F.4 以 G(a′) 施作'"
W-D.4清單3.5m,19,"[W-D.4清單3.5m] ('3.5m', 'G027') 欄「ΣG_戶(㎡)」: baseline='783.16' got=783.14"
W-D.4清單3.5m,20,"[W-D.4清單3.5m] ('3.5m', 'G028') 欄「路徑標註」: baseline='公設軌·達標門檻＝區標準 114.07(手冊(三))；½線測試延至 F.4 以 G(a′) 施作' got='公設軌·達標門檻＝區標準 115.85(手冊(三))；½線測試延至 F.4 以 G(a′) 施作'"
W-D.4清單3.5m,21,"[W-D.4清單3.5m] ('3.5m', 'G030') 欄「ΣG_戶(㎡)」: baseline='55.73' got=55.92"
W-D.4清單3.5m,22,"[W-D.4清單3.5m] ('3.5m', 'G031') 欄「路徑標註」: baseline='公設軌·達標門檻＝區標準 114.07(手冊(三))；½線測試延至 F.4 以 G(a′) 施作' got='公設軌·達標門檻＝區標準 115.85(手冊(三))；½線測試延至 F.4 以 G(a′) 施作'"
W-D.4清單3.5m,23,"[W-D.4清單3.5m] ('3.5m', 'G033') 欄「增配a′(㎡)」: baseline='41.3' got=43.08"
W-D.4清單3.5m,24,"[W-D.4清單3.5m] ('3.5m', 'G033') 欄「差額地價(元)§52-1」: baseline='3148959' got=3284677"
W-D.4跨占3.5m,0,"[W-D.4跨占3.5m] ('3.5m', '628(2)') 欄「該側MinA(㎡)」: baseline='156.06' got=159.28"
W-D.4跨占3.5m,1,"[W-D.4跨占3.5m] ('3.5m', '628(3)') 欄「該側MinA(㎡)」: baseline='157.64' got=159.99"
W-D.4跨占3.5m,2,"[W-D.4跨占3.5m] ('3.5m', '628(4)') 欄「該側MinA(㎡)」: baseline='152.74' got=155.19"
W-D.4跨占3.5m,3,"[W-D.4跨占3.5m] ('3.5m', '628-34(3)') 欄「該側MinA(㎡)」: baseline='115.39' got=116.02"
W-D.4跨占3.5m,4,"[W-D.4跨占3.5m] ('3.5m', '628-35(1)') 欄「該側MinA(㎡)」: baseline='153.65' got=155.64"
W-D.4跨占3.5m,5,"[W-D.4跨占3.5m] ('3.5m', '628-42(1)') 欄「G(㎡)」: baseline='4.77' got=4.78"
W-D.4跨占3.5m,6,"[W-D.4跨占3.5m] ('3.5m', '628-42(1)') 欄「該側MinA(㎡)」: baseline='153.65' got=155.64"
W-D.4跨占3.5m,7,"[W-D.4跨占3.5m] ('3.5m', '628-42(1)') 欄「大側G(㎡)」: baseline='85.57' got=85.92"
W-D.4跨占3.5m,8,"[W-D.4跨占3.5m] ('3.5m', '628-42(2)') 欄「G(㎡)」: baseline='85.57' got=85.92"
W-D.4跨占3.5m,9,"[W-D.4跨占3.5m] ('3.5m', '628-42(2)') 欄「該側MinA(㎡)」: baseline='152.74' got=155.19"
W-D.4跨占3.5m,10,"[W-D.4跨占3.5m] ('3.5m', '628-42(2)') 欄「大側G(㎡)」: baseline='85.57' got=85.92"
W-D.4跨占3.5m,11,"[W-D.4跨占3.5m] ('3.5m', '628-27(1)') 欄「G(㎡)」: baseline='29.61' got=29.72"
W-D.4跨占3.5m,12,"[W-D.4跨占3.5m] ('3.5m', '628-27(1)') 欄「該側MinA(㎡)」: baseline='153.65' got=155.64"
W-D.4跨占3.5m,13,"[W-D.4跨占3.5m] ('3.5m', '628-27(1)') 欄「大側G(㎡)」: baseline='29.61' got=29.72"
W-D.4跨占3.5m,14,"[W-D.4跨占3.5m] ('3.5m', '628-27(2)') 欄「G(㎡)」: baseline='26.12' got=26.2"
W-D.4跨占3.5m,15,"[W-D.4跨占3.5m] ('3.5m', '628-27(2)') 欄「該側MinA(㎡)」: baseline='152.74' got=155.19"
W-D.4跨占3.5m,16,"[W-D.4跨占3.5m] ('3.5m', '628-27(2)') 欄「大側G(㎡)」: baseline='29.61' got=29.72"
W-D.4跨占3.5m,17,"[W-D.4跨占3.5m] ('3.5m', '628-30(2)') 欄「該側MinA(㎡)」: baseline='153.65' got=155.64"
W-D.4跨占3.5m,18,"[W-D.4跨占3.5m] ('3.5m', '628-30(2)') 欄「大側G(㎡)」: baseline='455.75' got=456.87"
W-D.4跨占3.5m,19,"[W-D.4跨占3.5m] ('3.5m', '628-30(1)') 欄「G(㎡)」: baseline='15.74' got=15.75"
W-D.4跨占3.5m,20,"[W-D.4跨占3.5m] ('3.5m', '628-30(1)') 欄「該側MinA(㎡)」: baseline='157.64' got=159.99"
W-D.4跨占3.5m,21,"[W-D.4跨占3.5m] ('3.5m', '628-30(1)') 欄「大側G(㎡)」: baseline='455.75' got=456.87"
W-D.4跨占3.5m,22,"[W-D.4跨占3.5m] ('3.5m', '628-31(1)') 欄「該側MinA(㎡)」: baseline='157.64' got=159.99"
W-D.4跨占3.5m,23,"[W-D.4跨占3.5m] ('3.5m', '628-31(1)') 欄「大側G(㎡)」: baseline='391.66' got=391.65"
W-D.4跨占3.5m,24,"[W-D.4跨占3.5m] ('3.5m', '628-49(1)') 欄「該側MinA(㎡)」: baseline='153.65' got=155.64"
W-D.4跨占3.5m,25,"[W-D.4跨占3.5m] ('3.5m', '628-49(2)') 欄「該側MinA(㎡)」: baseline='152.74' got=155.19"
W-D.4跨占3.5m,26,"[W-D.4跨占3.5m] ('3.5m', '628-32(1)') 欄「該側MinA(㎡)」: baseline='157.64' got=159.99"
W-D.4跨占3.5m,27,"[W-D.4跨占3.5m] ('3.5m', '628-1(2)') 欄「該側MinA(㎡)」: baseline='156.06' got=159.28"
W-D.4跨占3.5m,28,"[W-D.4跨占3.5m] ('3.5m', '628-23(1)') 欄「該側MinA(㎡)」: baseline='156.06' got=159.28"
W-D.4跨占3.5m,29,"[W-D.4跨占3.5m] ('3.5m', '628-22(1)') 欄「該側MinA(㎡)」: baseline='156.06' got=159.28"
W-D.4跨占3.5m,30,"[W-D.4跨占3.5m] ('3.5m', '628-53(1)') 欄「該側MinA(㎡)」: baseline='156.06' got=159.28"
W-D.4跨占3.5m,31,"[W-D.4跨占3.5m] ('3.5m', '628-53(2)') 欄「該側MinA(㎡)」: baseline='157.64' got=159.99"
W-D.4跨占3.5m,32,"[W-D.4跨占3.5m] ('3.5m', '628-45(1)') 欄「G(㎡)」: baseline='52.24' got=52.44"
W-D.4跨占3.5m,33,"[W-D.4跨占3.5m] ('3.5m', '628-45(1)') 欄「該側MinA(㎡)」: baseline='157.64' got=159.99"
W-D.4跨占3.5m,34,"[W-D.4跨占3.5m] ('3.5m', '628-45(1)') 欄「大側G(㎡)」: baseline='204.54' got=205.32"
