
  You can now view your Streamlit app in your browser.

  Local URL: http://localhost:8501
  Network URL: http://172.20.10.14:8501

2026-09-01 08:57:12.274 Please replace `st.components.v1.html` with `st.iframe`.

`st.components.v1.html` will be removed after 2026-06-01.
2026-09-01 08:57:19.111 Please replace `st.components.v1.html` with `st.iframe`.

`st.components.v1.html` will be removed after 2026-06-01.
2026-09-01 08:58:37.065 Please replace `use_container_width` with `width`.

`use_container_width` will be removed after 2025-12-31.

For `use_container_width=True`, use `width='stretch'`. For `use_container_width=False`, use `width='content'`.
2026-09-01 08:58:37.090 Please replace `use_container_width` with `width`.

`use_container_width` will be removed after 2025-12-31.

For `use_container_width=True`, use `width='stretch'`. For `use_container_width=False`, use `width='content'`.
2026-09-01 08:59:29.640 Please replace `st.components.v1.html` with `st.iframe`.

`st.components.v1.html` will be removed after 2026-06-01.
2026-09-01 08:59:33.111 Please replace `st.components.v1.html` with `st.iframe`.

`st.components.v1.html` will be removed after 2026-06-01.
2026-09-01 08:59:33.152 Please replace `use_container_width` with `width`.

`use_container_width` will be removed after 2025-12-31.

For `use_container_width=True`, use `width='stretch'`. For `use_container_width=False`, use `width='content'`.
2026-09-01 08:59:34.637 Please replace `st.components.v1.html` with `st.iframe`.

`st.components.v1.html` will be removed after 2026-06-01.
2026-09-01 08:59:37.778 Please replace `st.components.v1.html` with `st.iframe`.

`st.components.v1.html` will be removed after 2026-06-01.
2026-09-01 08:59:38.090 Please replace `use_container_width` with `width`.

`use_container_width` will be removed after 2025-12-31.

For `use_container_width=True`, use `width='stretch'`. For `use_container_width=False`, use `width='content'`.
2026-09-01 08:59:39.130 Please replace `st.components.v1.html` with `st.iframe`.

`st.components.v1.html` will be removed after 2026-06-01.
2026-09-01 08:59:39.410 Please replace `use_container_width` with `width`.

`use_container_width` will be removed after 2025-12-31.

For `use_container_width=True`, use `width='stretch'`. For `use_container_width=False`, use `width='content'`.
2026-09-01 08:59:40.236 Please replace `st.components.v1.html` with `st.iframe`.

`st.components.v1.html` will be removed after 2026-06-01.
2026-09-01 08:59:40.563 Please replace `st.components.v1.html` with `st.iframe`.

`st.components.v1.html` will be removed after 2026-06-01.
2026-09-01 08:59:40.658 Please replace `st.components.v1.html` with `st.iframe`.

`st.components.v1.html` will be removed after 2026-06-01.
2026-09-01 08:59:41.120 Please replace `st.components.v1.html` with `st.iframe`.

`st.components.v1.html` will be removed after 2026-06-01.
2026-09-01 08:59:41.416 Please replace `use_container_width` with `width`.

`use_container_width` will be removed after 2025-12-31.

For `use_container_width=True`, use `width='stretch'`. For `use_container_width=False`, use `width='content'`.
2026-09-01 08:59:44.756 Please replace `st.components.v1.html` with `st.iframe`.

`st.components.v1.html` will be removed after 2026-06-01.
2026-09-01 08:59:47.741 Please replace `st.components.v1.html` with `st.iframe`.

`st.components.v1.html` will be removed after 2026-06-01.
2026-09-01 08:59:48.315 Please replace `use_container_width` with `width`.

`use_container_width` will be removed after 2025-12-31.

For `use_container_width=True`, use `width='stretch'`. For `use_container_width=False`, use `width='content'`.
2026-09-01 08:59:48.446 Please replace `use_container_width` with `width`.

`use_container_width` will be removed after 2025-12-31.

For `use_container_width=True`, use `width='stretch'`. For `use_container_width=False`, use `width='content'`.
2026-09-01 08:59:49.048 Please replace `use_container_width` with `width`.

`use_container_width` will be removed after 2025-12-31.

For `use_container_width=True`, use `width='stretch'`. For `use_container_width=False`, use `width='content'`.
2026-09-01 08:59:49.581 Please replace `use_container_width` with `width`.

`use_container_width` will be removed after 2025-12-31.

For `use_container_width=True`, use `width='stretch'`. For `use_container_width=False`, use `width='content'`.
2026-09-01 08:59:49.754 Please replace `use_container_width` with `width`.

`use_container_width` will be removed after 2025-12-31.

For `use_container_width=True`, use `width='stretch'`. For `use_container_width=False`, use `width='content'`.
2026-09-01 08:59:49.852 Please replace `use_container_width` with `width`.

`use_container_width` will be removed after 2025-12-31.

For `use_container_width=True`, use `width='stretch'`. For `use_container_width=False`, use `width='content'`.
2026-09-01 08:59:49.853 Serialization of dataframe to Arrow table was unsuccessful. Applying automatic fixes for column types to make the dataframe Arrow-compatible.
Traceback (most recent call last):
  File "C:\Users\admin\miniconda3\Lib\site-packages\streamlit\dataframe_util.py", line 818, in convert_pandas_df_to_arrow_bytes
    table = pa.Table.from_pandas(df)
  File "pyarrow/table.pxi", line 4796, in pyarrow.lib.Table.from_pandas
  File "C:\Users\admin\miniconda3\Lib\site-packages\pyarrow\pandas_compat.py", line 651, in dataframe_to_arrays
    arrays = [convert_column(c, f)
              ~~~~~~~~~~~~~~^^^^^^
  File "C:\Users\admin\miniconda3\Lib\site-packages\pyarrow\pandas_compat.py", line 639, in convert_column
    raise e
  File "C:\Users\admin\miniconda3\Lib\site-packages\pyarrow\pandas_compat.py", line 633, in convert_column
    result = pa.array(col, type=type_, from_pandas=True, safe=safe)
  File "pyarrow/array.pxi", line 365, in pyarrow.lib.array
  File "pyarrow/array.pxi", line 91, in pyarrow.lib._ndarray_to_array
  File "pyarrow/error.pxi", line 92, in pyarrow.lib.check_status
pyarrow.lib.ArrowInvalid: ("Could not convert '—' with type str: tried to convert to double", 'Conversion failed for column 【左】路寬(m) with type object')
2026-09-01 08:59:49.874 Please replace `use_container_width` with `width`.

`use_container_width` will be removed after 2025-12-31.

For `use_container_width=True`, use `width='stretch'`. For `use_container_width=False`, use `width='content'`.
2026-09-01 08:59:49.886 Please replace `use_container_width` with `width`.

`use_container_width` will be removed after 2025-12-31.

For `use_container_width=True`, use `width='stretch'`. For `use_container_width=False`, use `width='content'`.
2026-09-01 08:59:49.922 Please replace `use_container_width` with `width`.

`use_container_width` will be removed after 2025-12-31.

For `use_container_width=True`, use `width='stretch'`. For `use_container_width=False`, use `width='content'`.
2026-09-01 08:59:49.925 Please replace `use_container_width` with `width`.

`use_container_width` will be removed after 2025-12-31.

For `use_container_width=True`, use `width='stretch'`. For `use_container_width=False`, use `width='content'`.
2026-09-01 08:59:49.980 Please replace `use_container_width` with `width`.

`use_container_width` will be removed after 2025-12-31.

For `use_container_width=True`, use `width='stretch'`. For `use_container_width=False`, use `width='content'`.
2026-09-01 08:59:49.983 Please replace `use_container_width` with `width`.

`use_container_width` will be removed after 2025-12-31.

For `use_container_width=True`, use `width='stretch'`. For `use_container_width=False`, use `width='content'`.
2026-09-01 08:59:51.421 Please replace `st.components.v1.html` with `st.iframe`.

`st.components.v1.html` will be removed after 2026-06-01.
2026-09-01 08:59:51.659 Please replace `st.components.v1.html` with `st.iframe`.

`st.components.v1.html` will be removed after 2026-06-01.
2026-09-01 08:59:51.820 Please replace `use_container_width` with `width`.

`use_container_width` will be removed after 2025-12-31.

For `use_container_width=True`, use `width='stretch'`. For `use_container_width=False`, use `width='content'`.
2026-09-01 08:59:51.899 Please replace `use_container_width` with `width`.

`use_container_width` will be removed after 2025-12-31.

For `use_container_width=True`, use `width='stretch'`. For `use_container_width=False`, use `width='content'`.
2026-09-01 08:59:51.972 Please replace `use_container_width` with `width`.

`use_container_width` will be removed after 2025-12-31.

For `use_container_width=True`, use `width='stretch'`. For `use_container_width=False`, use `width='content'`.
2026-09-01 08:59:52.415 Please replace `use_container_width` with `width`.

`use_container_width` will be removed after 2025-12-31.

For `use_container_width=True`, use `width='stretch'`. For `use_container_width=False`, use `width='content'`.
2026-09-01 08:59:52.585 Please replace `use_container_width` with `width`.

`use_container_width` will be removed after 2025-12-31.

For `use_container_width=True`, use `width='stretch'`. For `use_container_width=False`, use `width='content'`.
2026-09-01 08:59:52.656 Please replace `use_container_width` with `width`.

`use_container_width` will be removed after 2025-12-31.

For `use_container_width=True`, use `width='stretch'`. For `use_container_width=False`, use `width='content'`.
2026-09-01 08:59:52.657 Serialization of dataframe to Arrow table was unsuccessful. Applying automatic fixes for column types to make the dataframe Arrow-compatible.
Traceback (most recent call last):
  File "C:\Users\admin\miniconda3\Lib\site-packages\streamlit\dataframe_util.py", line 818, in convert_pandas_df_to_arrow_bytes
    table = pa.Table.from_pandas(df)
  File "pyarrow/table.pxi", line 4796, in pyarrow.lib.Table.from_pandas
  File "C:\Users\admin\miniconda3\Lib\site-packages\pyarrow\pandas_compat.py", line 651, in dataframe_to_arrays
    arrays = [convert_column(c, f)
              ~~~~~~~~~~~~~~^^^^^^
  File "C:\Users\admin\miniconda3\Lib\site-packages\pyarrow\pandas_compat.py", line 639, in convert_column
    raise e
  File "C:\Users\admin\miniconda3\Lib\site-packages\pyarrow\pandas_compat.py", line 633, in convert_column
    result = pa.array(col, type=type_, from_pandas=True, safe=safe)
  File "pyarrow/array.pxi", line 365, in pyarrow.lib.array
  File "pyarrow/array.pxi", line 91, in pyarrow.lib._ndarray_to_array
  File "pyarrow/error.pxi", line 92, in pyarrow.lib.check_status
pyarrow.lib.ArrowInvalid: ("Could not convert '—' with type str: tried to convert to double", 'Conversion failed for column 【左】路寬(m) with type object')
2026-09-01 08:59:52.678 Please replace `use_container_width` with `width`.

`use_container_width` will be removed after 2025-12-31.

For `use_container_width=True`, use `width='stretch'`. For `use_container_width=False`, use `width='content'`.
2026-09-01 08:59:52.687 Please replace `use_container_width` with `width`.

`use_container_width` will be removed after 2025-12-31.

For `use_container_width=True`, use `width='stretch'`. For `use_container_width=False`, use `width='content'`.
2026-09-01 08:59:52.710 Please replace `use_container_width` with `width`.

`use_container_width` will be removed after 2025-12-31.

For `use_container_width=True`, use `width='stretch'`. For `use_container_width=False`, use `width='content'`.
2026-09-01 08:59:52.715 Please replace `use_container_width` with `width`.

`use_container_width` will be removed after 2025-12-31.

For `use_container_width=True`, use `width='stretch'`. For `use_container_width=False`, use `width='content'`.
2026-09-01 08:59:52.771 Please replace `use_container_width` with `width`.

`use_container_width` will be removed after 2025-12-31.

For `use_container_width=True`, use `width='stretch'`. For `use_container_width=False`, use `width='content'`.
2026-09-01 08:59:52.780 Please replace `use_container_width` with `width`.

`use_container_width` will be removed after 2025-12-31.

For `use_container_width=True`, use `width='stretch'`. For `use_container_width=False`, use `width='content'`.
2026-09-01 09:00:08.514 Please replace `st.components.v1.html` with `st.iframe`.

`st.components.v1.html` will be removed after 2026-06-01.
2026-09-01 09:00:08.605 Please replace `use_container_width` with `width`.

`use_container_width` will be removed after 2025-12-31.

For `use_container_width=True`, use `width='stretch'`. For `use_container_width=False`, use `width='content'`.
2026-09-01 09:00:08.722 Please replace `use_container_width` with `width`.

`use_container_width` will be removed after 2025-12-31.

For `use_container_width=True`, use `width='stretch'`. For `use_container_width=False`, use `width='content'`.
2026-09-01 09:00:08.834 Please replace `use_container_width` with `width`.

`use_container_width` will be removed after 2025-12-31.

For `use_container_width=True`, use `width='stretch'`. For `use_container_width=False`, use `width='content'`.
2026-09-01 09:00:09.290 Please replace `use_container_width` with `width`.

`use_container_width` will be removed after 2025-12-31.

For `use_container_width=True`, use `width='stretch'`. For `use_container_width=False`, use `width='content'`.
2026-09-01 09:00:09.471 Please replace `use_container_width` with `width`.

`use_container_width` will be removed after 2025-12-31.

For `use_container_width=True`, use `width='stretch'`. For `use_container_width=False`, use `width='content'`.
2026-09-01 09:00:09.548 Please replace `st.components.v1.html` with `st.iframe`.

`st.components.v1.html` will be removed after 2026-06-01.
2026-09-01 09:00:09.732 Please replace `use_container_width` with `width`.

`use_container_width` will be removed after 2025-12-31.

For `use_container_width=True`, use `width='stretch'`. For `use_container_width=False`, use `width='content'`.
2026-09-01 09:00:09.863 Please replace `use_container_width` with `width`.

`use_container_width` will be removed after 2025-12-31.

For `use_container_width=True`, use `width='stretch'`. For `use_container_width=False`, use `width='content'`.
2026-09-01 09:00:09.983 Please replace `use_container_width` with `width`.

`use_container_width` will be removed after 2025-12-31.

For `use_container_width=True`, use `width='stretch'`. For `use_container_width=False`, use `width='content'`.
2026-09-01 09:00:10.458 Please replace `st.components.v1.html` with `st.iframe`.

`st.components.v1.html` will be removed after 2026-06-01.
2026-09-01 09:00:10.587 Please replace `use_container_width` with `width`.

`use_container_width` will be removed after 2025-12-31.

For `use_container_width=True`, use `width='stretch'`. For `use_container_width=False`, use `width='content'`.
2026-09-01 09:00:10.676 Please replace `use_container_width` with `width`.

`use_container_width` will be removed after 2025-12-31.

For `use_container_width=True`, use `width='stretch'`. For `use_container_width=False`, use `width='content'`.
2026-09-01 09:00:10.750 Please replace `use_container_width` with `width`.

`use_container_width` will be removed after 2025-12-31.

For `use_container_width=True`, use `width='stretch'`. For `use_container_width=False`, use `width='content'`.
2026-09-01 09:00:11.176 Please replace `use_container_width` with `width`.

`use_container_width` will be removed after 2025-12-31.

For `use_container_width=True`, use `width='stretch'`. For `use_container_width=False`, use `width='content'`.
2026-09-01 09:00:11.375 Please replace `use_container_width` with `width`.

`use_container_width` will be removed after 2025-12-31.

For `use_container_width=True`, use `width='stretch'`. For `use_container_width=False`, use `width='content'`.
2026-09-01 09:00:11.463 Please replace `use_container_width` with `width`.

`use_container_width` will be removed after 2025-12-31.

For `use_container_width=True`, use `width='stretch'`. For `use_container_width=False`, use `width='content'`.
2026-09-01 09:00:11.464 Serialization of dataframe to Arrow table was unsuccessful. Applying automatic fixes for column types to make the dataframe Arrow-compatible.
Traceback (most recent call last):
  File "C:\Users\admin\miniconda3\Lib\site-packages\streamlit\dataframe_util.py", line 818, in convert_pandas_df_to_arrow_bytes
    table = pa.Table.from_pandas(df)
  File "pyarrow/table.pxi", line 4796, in pyarrow.lib.Table.from_pandas
  File "C:\Users\admin\miniconda3\Lib\site-packages\pyarrow\pandas_compat.py", line 651, in dataframe_to_arrays
    arrays = [convert_column(c, f)
              ~~~~~~~~~~~~~~^^^^^^
  File "C:\Users\admin\miniconda3\Lib\site-packages\pyarrow\pandas_compat.py", line 639, in convert_column
    raise e
  File "C:\Users\admin\miniconda3\Lib\site-packages\pyarrow\pandas_compat.py", line 633, in convert_column
    result = pa.array(col, type=type_, from_pandas=True, safe=safe)
  File "pyarrow/array.pxi", line 365, in pyarrow.lib.array
  File "pyarrow/array.pxi", line 91, in pyarrow.lib._ndarray_to_array
  File "pyarrow/error.pxi", line 92, in pyarrow.lib.check_status
pyarrow.lib.ArrowInvalid: ("Could not convert '—' with type str: tried to convert to double", 'Conversion failed for column 【左】路寬(m) with type object')
2026-09-01 09:00:11.475 Please replace `use_container_width` with `width`.

`use_container_width` will be removed after 2025-12-31.

For `use_container_width=True`, use `width='stretch'`. For `use_container_width=False`, use `width='content'`.
2026-09-01 09:00:11.481 Please replace `use_container_width` with `width`.

`use_container_width` will be removed after 2025-12-31.

For `use_container_width=True`, use `width='stretch'`. For `use_container_width=False`, use `width='content'`.
2026-09-01 09:00:11.506 Please replace `use_container_width` with `width`.

`use_container_width` will be removed after 2025-12-31.

For `use_container_width=True`, use `width='stretch'`. For `use_container_width=False`, use `width='content'`.
2026-09-01 09:00:11.511 Please replace `use_container_width` with `width`.

`use_container_width` will be removed after 2025-12-31.

For `use_container_width=True`, use `width='stretch'`. For `use_container_width=False`, use `width='content'`.
2026-09-01 09:00:11.570 Please replace `use_container_width` with `width`.

`use_container_width` will be removed after 2025-12-31.

For `use_container_width=True`, use `width='stretch'`. For `use_container_width=False`, use `width='content'`.
2026-09-01 09:00:11.576 Please replace `use_container_width` with `width`.

`use_container_width` will be removed after 2025-12-31.

For `use_container_width=True`, use `width='stretch'`. For `use_container_width=False`, use `width='content'`.
2026-09-01 09:00:13.487 Please replace `st.components.v1.html` with `st.iframe`.

`st.components.v1.html` will be removed after 2026-06-01.
2026-09-01 09:00:13.643 Please replace `use_container_width` with `width`.

`use_container_width` will be removed after 2025-12-31.

For `use_container_width=True`, use `width='stretch'`. For `use_container_width=False`, use `width='content'`.
2026-09-01 09:00:13.748 Please replace `use_container_width` with `width`.

`use_container_width` will be removed after 2025-12-31.

For `use_container_width=True`, use `width='stretch'`. For `use_container_width=False`, use `width='content'`.
2026-09-01 09:00:13.857 Please replace `use_container_width` with `width`.

`use_container_width` will be removed after 2025-12-31.

For `use_container_width=True`, use `width='stretch'`. For `use_container_width=False`, use `width='content'`.
2026-09-01 09:00:14.259 Please replace `use_container_width` with `width`.

`use_container_width` will be removed after 2025-12-31.

For `use_container_width=True`, use `width='stretch'`. For `use_container_width=False`, use `width='content'`.
2026-09-01 09:00:14.450 Please replace `use_container_width` with `width`.

`use_container_width` will be removed after 2025-12-31.

For `use_container_width=True`, use `width='stretch'`. For `use_container_width=False`, use `width='content'`.
2026-09-01 09:00:14.533 Please replace `use_container_width` with `width`.

`use_container_width` will be removed after 2025-12-31.

For `use_container_width=True`, use `width='stretch'`. For `use_container_width=False`, use `width='content'`.
2026-09-01 09:00:14.535 Serialization of dataframe to Arrow table was unsuccessful. Applying automatic fixes for column types to make the dataframe Arrow-compatible.
Traceback (most recent call last):
  File "C:\Users\admin\miniconda3\Lib\site-packages\streamlit\dataframe_util.py", line 818, in convert_pandas_df_to_arrow_bytes
    table = pa.Table.from_pandas(df)
  File "pyarrow/table.pxi", line 4796, in pyarrow.lib.Table.from_pandas
  File "C:\Users\admin\miniconda3\Lib\site-packages\pyarrow\pandas_compat.py", line 651, in dataframe_to_arrays
    arrays = [convert_column(c, f)
              ~~~~~~~~~~~~~~^^^^^^
  File "C:\Users\admin\miniconda3\Lib\site-packages\pyarrow\pandas_compat.py", line 639, in convert_column
    raise e
  File "C:\Users\admin\miniconda3\Lib\site-packages\pyarrow\pandas_compat.py", line 633, in convert_column
    result = pa.array(col, type=type_, from_pandas=True, safe=safe)
  File "pyarrow/array.pxi", line 365, in pyarrow.lib.array
  File "pyarrow/array.pxi", line 91, in pyarrow.lib._ndarray_to_array
  File "pyarrow/error.pxi", line 92, in pyarrow.lib.check_status
pyarrow.lib.ArrowInvalid: ("Could not convert '—' with type str: tried to convert to double", 'Conversion failed for column 【左】路寬(m) with type object')
2026-09-01 09:00:14.550 Please replace `use_container_width` with `width`.

`use_container_width` will be removed after 2025-12-31.

For `use_container_width=True`, use `width='stretch'`. For `use_container_width=False`, use `width='content'`.
2026-09-01 09:00:14.560 Please replace `use_container_width` with `width`.

`use_container_width` will be removed after 2025-12-31.

For `use_container_width=True`, use `width='stretch'`. For `use_container_width=False`, use `width='content'`.
2026-09-01 09:00:14.587 Please replace `use_container_width` with `width`.

`use_container_width` will be removed after 2025-12-31.

For `use_container_width=True`, use `width='stretch'`. For `use_container_width=False`, use `width='content'`.
2026-09-01 09:00:14.591 Please replace `use_container_width` with `width`.

`use_container_width` will be removed after 2025-12-31.

For `use_container_width=True`, use `width='stretch'`. For `use_container_width=False`, use `width='content'`.
2026-09-01 09:00:14.653 Please replace `use_container_width` with `width`.

`use_container_width` will be removed after 2025-12-31.

For `use_container_width=True`, use `width='stretch'`. For `use_container_width=False`, use `width='content'`.
2026-09-01 09:00:14.659 Please replace `use_container_width` with `width`.

`use_container_width` will be removed after 2025-12-31.

For `use_container_width=True`, use `width='stretch'`. For `use_container_width=False`, use `width='content'`.
2026-09-01 09:00:18.135 Please replace `st.components.v1.html` with `st.iframe`.

`st.components.v1.html` will be removed after 2026-06-01.
2026-09-01 09:00:18.248 Please replace `use_container_width` with `width`.

`use_container_width` will be removed after 2025-12-31.

For `use_container_width=True`, use `width='stretch'`. For `use_container_width=False`, use `width='content'`.
2026-09-01 09:00:18.319 Please replace `use_container_width` with `width`.

`use_container_width` will be removed after 2025-12-31.

For `use_container_width=True`, use `width='stretch'`. For `use_container_width=False`, use `width='content'`.
2026-09-01 09:00:18.409 Please replace `use_container_width` with `width`.

`use_container_width` will be removed after 2025-12-31.

For `use_container_width=True`, use `width='stretch'`. For `use_container_width=False`, use `width='content'`.
2026-09-01 09:00:18.906 Please replace `use_container_width` with `width`.

`use_container_width` will be removed after 2025-12-31.

For `use_container_width=True`, use `width='stretch'`. For `use_container_width=False`, use `width='content'`.
2026-09-01 09:00:19.102 Please replace `use_container_width` with `width`.

`use_container_width` will be removed after 2025-12-31.

For `use_container_width=True`, use `width='stretch'`. For `use_container_width=False`, use `width='content'`.
2026-09-01 09:00:19.188 Please replace `use_container_width` with `width`.

`use_container_width` will be removed after 2025-12-31.

For `use_container_width=True`, use `width='stretch'`. For `use_container_width=False`, use `width='content'`.
2026-09-01 09:00:19.189 Serialization of dataframe to Arrow table was unsuccessful. Applying automatic fixes for column types to make the dataframe Arrow-compatible.
Traceback (most recent call last):
  File "C:\Users\admin\miniconda3\Lib\site-packages\streamlit\dataframe_util.py", line 818, in convert_pandas_df_to_arrow_bytes
    table = pa.Table.from_pandas(df)
  File "pyarrow/table.pxi", line 4796, in pyarrow.lib.Table.from_pandas
  File "C:\Users\admin\miniconda3\Lib\site-packages\pyarrow\pandas_compat.py", line 651, in dataframe_to_arrays
    arrays = [convert_column(c, f)
              ~~~~~~~~~~~~~~^^^^^^
  File "C:\Users\admin\miniconda3\Lib\site-packages\pyarrow\pandas_compat.py", line 639, in convert_column
    raise e
  File "C:\Users\admin\miniconda3\Lib\site-packages\pyarrow\pandas_compat.py", line 633, in convert_column
    result = pa.array(col, type=type_, from_pandas=True, safe=safe)
  File "pyarrow/array.pxi", line 365, in pyarrow.lib.array
  File "pyarrow/array.pxi", line 91, in pyarrow.lib._ndarray_to_array
  File "pyarrow/error.pxi", line 92, in pyarrow.lib.check_status
pyarrow.lib.ArrowInvalid: ("Could not convert '—' with type str: tried to convert to double", 'Conversion failed for column 【左】路寬(m) with type object')
2026-09-01 09:00:19.200 Please replace `use_container_width` with `width`.

`use_container_width` will be removed after 2025-12-31.

For `use_container_width=True`, use `width='stretch'`. For `use_container_width=False`, use `width='content'`.
2026-09-01 09:00:19.209 Please replace `use_container_width` with `width`.

`use_container_width` will be removed after 2025-12-31.

For `use_container_width=True`, use `width='stretch'`. For `use_container_width=False`, use `width='content'`.
2026-09-01 09:00:19.231 Please replace `use_container_width` with `width`.

`use_container_width` will be removed after 2025-12-31.

For `use_container_width=True`, use `width='stretch'`. For `use_container_width=False`, use `width='content'`.
2026-09-01 09:00:19.237 Please replace `use_container_width` with `width`.

`use_container_width` will be removed after 2025-12-31.

For `use_container_width=True`, use `width='stretch'`. For `use_container_width=False`, use `width='content'`.
2026-09-01 09:00:19.295 Please replace `use_container_width` with `width`.

`use_container_width` will be removed after 2025-12-31.

For `use_container_width=True`, use `width='stretch'`. For `use_container_width=False`, use `width='content'`.
2026-09-01 09:00:19.301 Please replace `use_container_width` with `width`.

`use_container_width` will be removed after 2025-12-31.

For `use_container_width=True`, use `width='stretch'`. For `use_container_width=False`, use `width='content'`.
2026-09-01 09:00:20.925 Please replace `st.components.v1.html` with `st.iframe`.

`st.components.v1.html` will be removed after 2026-06-01.
2026-09-01 09:00:21.101 Please replace `use_container_width` with `width`.

`use_container_width` will be removed after 2025-12-31.

For `use_container_width=True`, use `width='stretch'`. For `use_container_width=False`, use `width='content'`.
2026-09-01 09:00:21.194 Please replace `use_container_width` with `width`.

`use_container_width` will be removed after 2025-12-31.

For `use_container_width=True`, use `width='stretch'`. For `use_container_width=False`, use `width='content'`.
2026-09-01 09:00:21.280 Please replace `use_container_width` with `width`.

`use_container_width` will be removed after 2025-12-31.

For `use_container_width=True`, use `width='stretch'`. For `use_container_width=False`, use `width='content'`.
2026-09-01 09:00:21.683 Please replace `use_container_width` with `width`.

`use_container_width` will be removed after 2025-12-31.

For `use_container_width=True`, use `width='stretch'`. For `use_container_width=False`, use `width='content'`.
2026-09-01 09:00:21.900 Please replace `use_container_width` with `width`.

`use_container_width` will be removed after 2025-12-31.

For `use_container_width=True`, use `width='stretch'`. For `use_container_width=False`, use `width='content'`.
2026-09-01 09:00:21.985 Please replace `use_container_width` with `width`.

`use_container_width` will be removed after 2025-12-31.

For `use_container_width=True`, use `width='stretch'`. For `use_container_width=False`, use `width='content'`.
2026-09-01 09:00:21.986 Serialization of dataframe to Arrow table was unsuccessful. Applying automatic fixes for column types to make the dataframe Arrow-compatible.
Traceback (most recent call last):
  File "C:\Users\admin\miniconda3\Lib\site-packages\streamlit\dataframe_util.py", line 818, in convert_pandas_df_to_arrow_bytes
    table = pa.Table.from_pandas(df)
  File "pyarrow/table.pxi", line 4796, in pyarrow.lib.Table.from_pandas
  File "C:\Users\admin\miniconda3\Lib\site-packages\pyarrow\pandas_compat.py", line 651, in dataframe_to_arrays
    arrays = [convert_column(c, f)
              ~~~~~~~~~~~~~~^^^^^^
  File "C:\Users\admin\miniconda3\Lib\site-packages\pyarrow\pandas_compat.py", line 639, in convert_column
    raise e
  File "C:\Users\admin\miniconda3\Lib\site-packages\pyarrow\pandas_compat.py", line 633, in convert_column
    result = pa.array(col, type=type_, from_pandas=True, safe=safe)
  File "pyarrow/array.pxi", line 365, in pyarrow.lib.array
  File "pyarrow/array.pxi", line 91, in pyarrow.lib._ndarray_to_array
  File "pyarrow/error.pxi", line 92, in pyarrow.lib.check_status
pyarrow.lib.ArrowInvalid: ("Could not convert '—' with type str: tried to convert to double", 'Conversion failed for column 【左】路寬(m) with type object')
2026-09-01 09:00:21.995 Please replace `use_container_width` with `width`.

`use_container_width` will be removed after 2025-12-31.

For `use_container_width=True`, use `width='stretch'`. For `use_container_width=False`, use `width='content'`.
2026-09-01 09:00:22.004 Please replace `use_container_width` with `width`.

`use_container_width` will be removed after 2025-12-31.

For `use_container_width=True`, use `width='stretch'`. For `use_container_width=False`, use `width='content'`.
2026-09-01 09:00:22.026 Please replace `use_container_width` with `width`.

`use_container_width` will be removed after 2025-12-31.

For `use_container_width=True`, use `width='stretch'`. For `use_container_width=False`, use `width='content'`.
2026-09-01 09:00:22.032 Please replace `use_container_width` with `width`.

`use_container_width` will be removed after 2025-12-31.

For `use_container_width=True`, use `width='stretch'`. For `use_container_width=False`, use `width='content'`.
2026-09-01 09:00:22.090 Please replace `use_container_width` with `width`.

`use_container_width` will be removed after 2025-12-31.

For `use_container_width=True`, use `width='stretch'`. For `use_container_width=False`, use `width='content'`.
2026-09-01 09:00:22.097 Please replace `use_container_width` with `width`.

`use_container_width` will be removed after 2025-12-31.

For `use_container_width=True`, use `width='stretch'`. For `use_container_width=False`, use `width='content'`.
2026-09-01 09:00:22.760 Please replace `st.components.v1.html` with `st.iframe`.

`st.components.v1.html` will be removed after 2026-06-01.
2026-09-01 09:00:22.882 Please replace `use_container_width` with `width`.

`use_container_width` will be removed after 2025-12-31.

For `use_container_width=True`, use `width='stretch'`. For `use_container_width=False`, use `width='content'`.
2026-09-01 09:00:22.970 Please replace `use_container_width` with `width`.

`use_container_width` will be removed after 2025-12-31.

For `use_container_width=True`, use `width='stretch'`. For `use_container_width=False`, use `width='content'`.
2026-09-01 09:00:23.075 Please replace `use_container_width` with `width`.

`use_container_width` will be removed after 2025-12-31.

For `use_container_width=True`, use `width='stretch'`. For `use_container_width=False`, use `width='content'`.
2026-09-01 09:00:23.490 Please replace `use_container_width` with `width`.

`use_container_width` will be removed after 2025-12-31.

For `use_container_width=True`, use `width='stretch'`. For `use_container_width=False`, use `width='content'`.
2026-09-01 09:00:23.666 Please replace `use_container_width` with `width`.

`use_container_width` will be removed after 2025-12-31.

For `use_container_width=True`, use `width='stretch'`. For `use_container_width=False`, use `width='content'`.
2026-09-01 09:00:23.756 Please replace `use_container_width` with `width`.

`use_container_width` will be removed after 2025-12-31.

For `use_container_width=True`, use `width='stretch'`. For `use_container_width=False`, use `width='content'`.
2026-09-01 09:00:23.758 Serialization of dataframe to Arrow table was unsuccessful. Applying automatic fixes for column types to make the dataframe Arrow-compatible.
Traceback (most recent call last):
  File "C:\Users\admin\miniconda3\Lib\site-packages\streamlit\dataframe_util.py", line 818, in convert_pandas_df_to_arrow_bytes
    table = pa.Table.from_pandas(df)
  File "pyarrow/table.pxi", line 4796, in pyarrow.lib.Table.from_pandas
  File "C:\Users\admin\miniconda3\Lib\site-packages\pyarrow\pandas_compat.py", line 651, in dataframe_to_arrays
    arrays = [convert_column(c, f)
              ~~~~~~~~~~~~~~^^^^^^
  File "C:\Users\admin\miniconda3\Lib\site-packages\pyarrow\pandas_compat.py", line 639, in convert_column
    raise e
  File "C:\Users\admin\miniconda3\Lib\site-packages\pyarrow\pandas_compat.py", line 633, in convert_column
    result = pa.array(col, type=type_, from_pandas=True, safe=safe)
  File "pyarrow/array.pxi", line 365, in pyarrow.lib.array
  File "pyarrow/array.pxi", line 91, in pyarrow.lib._ndarray_to_array
  File "pyarrow/error.pxi", line 92, in pyarrow.lib.check_status
pyarrow.lib.ArrowInvalid: ("Could not convert '—' with type str: tried to convert to double", 'Conversion failed for column 【左】路寬(m) with type object')
2026-09-01 09:00:23.773 Please replace `use_container_width` with `width`.

`use_container_width` will be removed after 2025-12-31.

For `use_container_width=True`, use `width='stretch'`. For `use_container_width=False`, use `width='content'`.
2026-09-01 09:00:23.783 Please replace `use_container_width` with `width`.

`use_container_width` will be removed after 2025-12-31.

For `use_container_width=True`, use `width='stretch'`. For `use_container_width=False`, use `width='content'`.
2026-09-01 09:00:23.810 Please replace `use_container_width` with `width`.

`use_container_width` will be removed after 2025-12-31.

For `use_container_width=True`, use `width='stretch'`. For `use_container_width=False`, use `width='content'`.
2026-09-01 09:00:23.816 Please replace `use_container_width` with `width`.

`use_container_width` will be removed after 2025-12-31.

For `use_container_width=True`, use `width='stretch'`. For `use_container_width=False`, use `width='content'`.
2026-09-01 09:00:23.889 Please replace `use_container_width` with `width`.

`use_container_width` will be removed after 2025-12-31.

For `use_container_width=True`, use `width='stretch'`. For `use_container_width=False`, use `width='content'`.
2026-09-01 09:00:23.896 Please replace `use_container_width` with `width`.

`use_container_width` will be removed after 2025-12-31.

For `use_container_width=True`, use `width='stretch'`. For `use_container_width=False`, use `width='content'`.
2026-09-01 09:00:24.428 Please replace `st.components.v1.html` with `st.iframe`.

`st.components.v1.html` will be removed after 2026-06-01.
2026-09-01 09:00:24.527 Please replace `use_container_width` with `width`.

`use_container_width` will be removed after 2025-12-31.

For `use_container_width=True`, use `width='stretch'`. For `use_container_width=False`, use `width='content'`.
2026-09-01 09:00:24.629 Please replace `use_container_width` with `width`.

`use_container_width` will be removed after 2025-12-31.

For `use_container_width=True`, use `width='stretch'`. For `use_container_width=False`, use `width='content'`.
2026-09-01 09:00:24.698 Please replace `use_container_width` with `width`.

`use_container_width` will be removed after 2025-12-31.

For `use_container_width=True`, use `width='stretch'`. For `use_container_width=False`, use `width='content'`.
2026-09-01 09:00:25.142 Please replace `use_container_width` with `width`.

`use_container_width` will be removed after 2025-12-31.

For `use_container_width=True`, use `width='stretch'`. For `use_container_width=False`, use `width='content'`.
2026-09-01 09:00:25.305 Please replace `use_container_width` with `width`.

`use_container_width` will be removed after 2025-12-31.

For `use_container_width=True`, use `width='stretch'`. For `use_container_width=False`, use `width='content'`.
2026-09-01 09:00:25.396 Please replace `use_container_width` with `width`.

`use_container_width` will be removed after 2025-12-31.

For `use_container_width=True`, use `width='stretch'`. For `use_container_width=False`, use `width='content'`.
2026-09-01 09:00:25.397 Serialization of dataframe to Arrow table was unsuccessful. Applying automatic fixes for column types to make the dataframe Arrow-compatible.
Traceback (most recent call last):
  File "C:\Users\admin\miniconda3\Lib\site-packages\streamlit\dataframe_util.py", line 818, in convert_pandas_df_to_arrow_bytes
    table = pa.Table.from_pandas(df)
  File "pyarrow/table.pxi", line 4796, in pyarrow.lib.Table.from_pandas
  File "C:\Users\admin\miniconda3\Lib\site-packages\pyarrow\pandas_compat.py", line 651, in dataframe_to_arrays
    arrays = [convert_column(c, f)
              ~~~~~~~~~~~~~~^^^^^^
  File "C:\Users\admin\miniconda3\Lib\site-packages\pyarrow\pandas_compat.py", line 639, in convert_column
    raise e
  File "C:\Users\admin\miniconda3\Lib\site-packages\pyarrow\pandas_compat.py", line 633, in convert_column
    result = pa.array(col, type=type_, from_pandas=True, safe=safe)
  File "pyarrow/array.pxi", line 365, in pyarrow.lib.array
  File "pyarrow/array.pxi", line 91, in pyarrow.lib._ndarray_to_array
  File "pyarrow/error.pxi", line 92, in pyarrow.lib.check_status
pyarrow.lib.ArrowInvalid: ("Could not convert '—' with type str: tried to convert to double", 'Conversion failed for column 【左】路寬(m) with type object')
2026-09-01 09:00:25.409 Please replace `use_container_width` with `width`.

`use_container_width` will be removed after 2025-12-31.

For `use_container_width=True`, use `width='stretch'`. For `use_container_width=False`, use `width='content'`.
2026-09-01 09:00:25.415 Please replace `use_container_width` with `width`.

`use_container_width` will be removed after 2025-12-31.

For `use_container_width=True`, use `width='stretch'`. For `use_container_width=False`, use `width='content'`.
2026-09-01 09:00:25.443 Please replace `use_container_width` with `width`.

`use_container_width` will be removed after 2025-12-31.

For `use_container_width=True`, use `width='stretch'`. For `use_container_width=False`, use `width='content'`.
2026-09-01 09:00:25.448 Please replace `use_container_width` with `width`.

`use_container_width` will be removed after 2025-12-31.

For `use_container_width=True`, use `width='stretch'`. For `use_container_width=False`, use `width='content'`.
2026-09-01 09:00:25.507 Please replace `use_container_width` with `width`.

`use_container_width` will be removed after 2025-12-31.

For `use_container_width=True`, use `width='stretch'`. For `use_container_width=False`, use `width='content'`.
2026-09-01 09:00:25.517 Please replace `use_container_width` with `width`.

`use_container_width` will be removed after 2025-12-31.

For `use_container_width=True`, use `width='stretch'`. For `use_container_width=False`, use `width='content'`.
2026-09-01 09:00:27.281 Please replace `st.components.v1.html` with `st.iframe`.

`st.components.v1.html` will be removed after 2026-06-01.
2026-09-01 09:00:27.418 Please replace `use_container_width` with `width`.

`use_container_width` will be removed after 2025-12-31.

For `use_container_width=True`, use `width='stretch'`. For `use_container_width=False`, use `width='content'`.
2026-09-01 09:00:27.491 Please replace `use_container_width` with `width`.

`use_container_width` will be removed after 2025-12-31.

For `use_container_width=True`, use `width='stretch'`. For `use_container_width=False`, use `width='content'`.
2026-09-01 09:00:27.555 Please replace `use_container_width` with `width`.

`use_container_width` will be removed after 2025-12-31.

For `use_container_width=True`, use `width='stretch'`. For `use_container_width=False`, use `width='content'`.
2026-09-01 09:00:28.022 Please replace `use_container_width` with `width`.

`use_container_width` will be removed after 2025-12-31.

For `use_container_width=True`, use `width='stretch'`. For `use_container_width=False`, use `width='content'`.
2026-09-01 09:00:28.242 Please replace `use_container_width` with `width`.

`use_container_width` will be removed after 2025-12-31.

For `use_container_width=True`, use `width='stretch'`. For `use_container_width=False`, use `width='content'`.
2026-09-01 09:00:28.330 Please replace `use_container_width` with `width`.

`use_container_width` will be removed after 2025-12-31.

For `use_container_width=True`, use `width='stretch'`. For `use_container_width=False`, use `width='content'`.
2026-09-01 09:00:28.331 Serialization of dataframe to Arrow table was unsuccessful. Applying automatic fixes for column types to make the dataframe Arrow-compatible.
Traceback (most recent call last):
  File "C:\Users\admin\miniconda3\Lib\site-packages\streamlit\dataframe_util.py", line 818, in convert_pandas_df_to_arrow_bytes
    table = pa.Table.from_pandas(df)
  File "pyarrow/table.pxi", line 4796, in pyarrow.lib.Table.from_pandas
  File "C:\Users\admin\miniconda3\Lib\site-packages\pyarrow\pandas_compat.py", line 651, in dataframe_to_arrays
    arrays = [convert_column(c, f)
              ~~~~~~~~~~~~~~^^^^^^
  File "C:\Users\admin\miniconda3\Lib\site-packages\pyarrow\pandas_compat.py", line 639, in convert_column
    raise e
  File "C:\Users\admin\miniconda3\Lib\site-packages\pyarrow\pandas_compat.py", line 633, in convert_column
    result = pa.array(col, type=type_, from_pandas=True, safe=safe)
  File "pyarrow/array.pxi", line 365, in pyarrow.lib.array
  File "pyarrow/array.pxi", line 91, in pyarrow.lib._ndarray_to_array
  File "pyarrow/error.pxi", line 92, in pyarrow.lib.check_status
pyarrow.lib.ArrowInvalid: ("Could not convert '—' with type str: tried to convert to double", 'Conversion failed for column 【左】路寬(m) with type object')
2026-09-01 09:00:28.348 Please replace `use_container_width` with `width`.

`use_container_width` will be removed after 2025-12-31.

For `use_container_width=True`, use `width='stretch'`. For `use_container_width=False`, use `width='content'`.
2026-09-01 09:00:28.360 Please replace `use_container_width` with `width`.

`use_container_width` will be removed after 2025-12-31.

For `use_container_width=True`, use `width='stretch'`. For `use_container_width=False`, use `width='content'`.
2026-09-01 09:00:28.380 Please replace `use_container_width` with `width`.

`use_container_width` will be removed after 2025-12-31.

For `use_container_width=True`, use `width='stretch'`. For `use_container_width=False`, use `width='content'`.
2026-09-01 09:00:28.382 Please replace `use_container_width` with `width`.

`use_container_width` will be removed after 2025-12-31.

For `use_container_width=True`, use `width='stretch'`. For `use_container_width=False`, use `width='content'`.
2026-09-01 09:00:28.419 Please replace `use_container_width` with `width`.

`use_container_width` will be removed after 2025-12-31.

For `use_container_width=True`, use `width='stretch'`. For `use_container_width=False`, use `width='content'`.
2026-09-01 09:00:28.423 Please replace `use_container_width` with `width`.

`use_container_width` will be removed after 2025-12-31.

For `use_container_width=True`, use `width='stretch'`. For `use_container_width=False`, use `width='content'`.
2026-09-01 09:00:29.525 Please replace `st.components.v1.html` with `st.iframe`.

`st.components.v1.html` will be removed after 2026-06-01.
2026-09-01 09:00:29.646 Please replace `use_container_width` with `width`.

`use_container_width` will be removed after 2025-12-31.

For `use_container_width=True`, use `width='stretch'`. For `use_container_width=False`, use `width='content'`.
2026-09-01 09:00:29.739 Please replace `use_container_width` with `width`.

`use_container_width` will be removed after 2025-12-31.

For `use_container_width=True`, use `width='stretch'`. For `use_container_width=False`, use `width='content'`.
2026-09-01 09:00:29.825 Please replace `use_container_width` with `width`.

`use_container_width` will be removed after 2025-12-31.

For `use_container_width=True`, use `width='stretch'`. For `use_container_width=False`, use `width='content'`.
2026-09-01 09:00:30.245 Please replace `use_container_width` with `width`.

`use_container_width` will be removed after 2025-12-31.

For `use_container_width=True`, use `width='stretch'`. For `use_container_width=False`, use `width='content'`.
2026-09-01 09:00:30.430 Please replace `use_container_width` with `width`.

`use_container_width` will be removed after 2025-12-31.

For `use_container_width=True`, use `width='stretch'`. For `use_container_width=False`, use `width='content'`.
2026-09-01 09:00:30.503 Please replace `use_container_width` with `width`.

`use_container_width` will be removed after 2025-12-31.

For `use_container_width=True`, use `width='stretch'`. For `use_container_width=False`, use `width='content'`.
2026-09-01 09:00:30.504 Serialization of dataframe to Arrow table was unsuccessful. Applying automatic fixes for column types to make the dataframe Arrow-compatible.
Traceback (most recent call last):
  File "C:\Users\admin\miniconda3\Lib\site-packages\streamlit\dataframe_util.py", line 818, in convert_pandas_df_to_arrow_bytes
    table = pa.Table.from_pandas(df)
  File "pyarrow/table.pxi", line 4796, in pyarrow.lib.Table.from_pandas
  File "C:\Users\admin\miniconda3\Lib\site-packages\pyarrow\pandas_compat.py", line 651, in dataframe_to_arrays
    arrays = [convert_column(c, f)
              ~~~~~~~~~~~~~~^^^^^^
  File "C:\Users\admin\miniconda3\Lib\site-packages\pyarrow\pandas_compat.py", line 639, in convert_column
    raise e
  File "C:\Users\admin\miniconda3\Lib\site-packages\pyarrow\pandas_compat.py", line 633, in convert_column
    result = pa.array(col, type=type_, from_pandas=True, safe=safe)
  File "pyarrow/array.pxi", line 365, in pyarrow.lib.array
  File "pyarrow/array.pxi", line 91, in pyarrow.lib._ndarray_to_array
  File "pyarrow/error.pxi", line 92, in pyarrow.lib.check_status
pyarrow.lib.ArrowInvalid: ("Could not convert '—' with type str: tried to convert to double", 'Conversion failed for column 【左】路寬(m) with type object')
2026-09-01 09:00:30.515 Please replace `use_container_width` with `width`.

`use_container_width` will be removed after 2025-12-31.

For `use_container_width=True`, use `width='stretch'`. For `use_container_width=False`, use `width='content'`.
2026-09-01 09:00:30.526 Please replace `use_container_width` with `width`.

`use_container_width` will be removed after 2025-12-31.

For `use_container_width=True`, use `width='stretch'`. For `use_container_width=False`, use `width='content'`.
2026-09-01 09:00:30.562 Please replace `use_container_width` with `width`.

`use_container_width` will be removed after 2025-12-31.

For `use_container_width=True`, use `width='stretch'`. For `use_container_width=False`, use `width='content'`.
2026-09-01 09:00:30.568 Please replace `use_container_width` with `width`.

`use_container_width` will be removed after 2025-12-31.

For `use_container_width=True`, use `width='stretch'`. For `use_container_width=False`, use `width='content'`.
2026-09-01 09:00:30.648 Please replace `use_container_width` with `width`.

`use_container_width` will be removed after 2025-12-31.

For `use_container_width=True`, use `width='stretch'`. For `use_container_width=False`, use `width='content'`.
2026-09-01 09:00:30.657 Please replace `use_container_width` with `width`.

`use_container_width` will be removed after 2025-12-31.

For `use_container_width=True`, use `width='stretch'`. For `use_container_width=False`, use `width='content'`.
2026-09-01 09:00:37.431 Please replace `st.components.v1.html` with `st.iframe`.

`st.components.v1.html` will be removed after 2026-06-01.
2026-09-01 09:00:37.553 Please replace `use_container_width` with `width`.

`use_container_width` will be removed after 2025-12-31.

For `use_container_width=True`, use `width='stretch'`. For `use_container_width=False`, use `width='content'`.
2026-09-01 09:00:37.646 Please replace `use_container_width` with `width`.

`use_container_width` will be removed after 2025-12-31.

For `use_container_width=True`, use `width='stretch'`. For `use_container_width=False`, use `width='content'`.
2026-09-01 09:00:37.704 Please replace `use_container_width` with `width`.

`use_container_width` will be removed after 2025-12-31.

For `use_container_width=True`, use `width='stretch'`. For `use_container_width=False`, use `width='content'`.
2026-09-01 09:00:38.147 Please replace `use_container_width` with `width`.

`use_container_width` will be removed after 2025-12-31.

For `use_container_width=True`, use `width='stretch'`. For `use_container_width=False`, use `width='content'`.
2026-09-01 09:00:38.353 Please replace `use_container_width` with `width`.

`use_container_width` will be removed after 2025-12-31.

For `use_container_width=True`, use `width='stretch'`. For `use_container_width=False`, use `width='content'`.
2026-09-01 09:00:38.434 Please replace `use_container_width` with `width`.

`use_container_width` will be removed after 2025-12-31.

For `use_container_width=True`, use `width='stretch'`. For `use_container_width=False`, use `width='content'`.
2026-09-01 09:00:38.435 Serialization of dataframe to Arrow table was unsuccessful. Applying automatic fixes for column types to make the dataframe Arrow-compatible.
Traceback (most recent call last):
  File "C:\Users\admin\miniconda3\Lib\site-packages\streamlit\dataframe_util.py", line 818, in convert_pandas_df_to_arrow_bytes
    table = pa.Table.from_pandas(df)
  File "pyarrow/table.pxi", line 4796, in pyarrow.lib.Table.from_pandas
  File "C:\Users\admin\miniconda3\Lib\site-packages\pyarrow\pandas_compat.py", line 651, in dataframe_to_arrays
    arrays = [convert_column(c, f)
              ~~~~~~~~~~~~~~^^^^^^
  File "C:\Users\admin\miniconda3\Lib\site-packages\pyarrow\pandas_compat.py", line 639, in convert_column
    raise e
  File "C:\Users\admin\miniconda3\Lib\site-packages\pyarrow\pandas_compat.py", line 633, in convert_column
    result = pa.array(col, type=type_, from_pandas=True, safe=safe)
  File "pyarrow/array.pxi", line 365, in pyarrow.lib.array
  File "pyarrow/array.pxi", line 91, in pyarrow.lib._ndarray_to_array
  File "pyarrow/error.pxi", line 92, in pyarrow.lib.check_status
pyarrow.lib.ArrowInvalid: ("Could not convert '—' with type str: tried to convert to double", 'Conversion failed for column 【左】路寬(m) with type object')
2026-09-01 09:00:38.446 Please replace `use_container_width` with `width`.

`use_container_width` will be removed after 2025-12-31.

For `use_container_width=True`, use `width='stretch'`. For `use_container_width=False`, use `width='content'`.
2026-09-01 09:00:38.454 Please replace `use_container_width` with `width`.

`use_container_width` will be removed after 2025-12-31.

For `use_container_width=True`, use `width='stretch'`. For `use_container_width=False`, use `width='content'`.
2026-09-01 09:00:38.477 Please replace `use_container_width` with `width`.

`use_container_width` will be removed after 2025-12-31.

For `use_container_width=True`, use `width='stretch'`. For `use_container_width=False`, use `width='content'`.
2026-09-01 09:00:38.484 Please replace `use_container_width` with `width`.

`use_container_width` will be removed after 2025-12-31.

For `use_container_width=True`, use `width='stretch'`. For `use_container_width=False`, use `width='content'`.
2026-09-01 09:00:38.540 Please replace `use_container_width` with `width`.

`use_container_width` will be removed after 2025-12-31.

For `use_container_width=True`, use `width='stretch'`. For `use_container_width=False`, use `width='content'`.
2026-09-01 09:00:38.549 Please replace `use_container_width` with `width`.

`use_container_width` will be removed after 2025-12-31.

For `use_container_width=True`, use `width='stretch'`. For `use_container_width=False`, use `width='content'`.
2026-09-01 09:00:42.303 Please replace `st.components.v1.html` with `st.iframe`.

`st.components.v1.html` will be removed after 2026-06-01.
2026-09-01 09:00:42.453 Please replace `use_container_width` with `width`.

`use_container_width` will be removed after 2025-12-31.

For `use_container_width=True`, use `width='stretch'`. For `use_container_width=False`, use `width='content'`.
2026-09-01 09:00:42.532 Please replace `use_container_width` with `width`.

`use_container_width` will be removed after 2025-12-31.

For `use_container_width=True`, use `width='stretch'`. For `use_container_width=False`, use `width='content'`.
2026-09-01 09:00:42.607 Please replace `use_container_width` with `width`.

`use_container_width` will be removed after 2025-12-31.

For `use_container_width=True`, use `width='stretch'`. For `use_container_width=False`, use `width='content'`.
2026-09-01 09:00:42.930 Please replace `st.components.v1.html` with `st.iframe`.

`st.components.v1.html` will be removed after 2026-06-01.
2026-09-01 09:00:43.041 Please replace `use_container_width` with `width`.

`use_container_width` will be removed after 2025-12-31.

For `use_container_width=True`, use `width='stretch'`. For `use_container_width=False`, use `width='content'`.
2026-09-01 09:00:43.132 Please replace `use_container_width` with `width`.

`use_container_width` will be removed after 2025-12-31.

For `use_container_width=True`, use `width='stretch'`. For `use_container_width=False`, use `width='content'`.
2026-09-01 09:00:43.205 Please replace `use_container_width` with `width`.

`use_container_width` will be removed after 2025-12-31.

For `use_container_width=True`, use `width='stretch'`. For `use_container_width=False`, use `width='content'`.
2026-09-01 09:00:43.619 Please replace `use_container_width` with `width`.

`use_container_width` will be removed after 2025-12-31.

For `use_container_width=True`, use `width='stretch'`. For `use_container_width=False`, use `width='content'`.
2026-09-01 09:00:43.777 Please replace `use_container_width` with `width`.

`use_container_width` will be removed after 2025-12-31.

For `use_container_width=True`, use `width='stretch'`. For `use_container_width=False`, use `width='content'`.
2026-09-01 09:00:43.875 Please replace `use_container_width` with `width`.

`use_container_width` will be removed after 2025-12-31.

For `use_container_width=True`, use `width='stretch'`. For `use_container_width=False`, use `width='content'`.
2026-09-01 09:00:43.877 Serialization of dataframe to Arrow table was unsuccessful. Applying automatic fixes for column types to make the dataframe Arrow-compatible.
Traceback (most recent call last):
  File "C:\Users\admin\miniconda3\Lib\site-packages\streamlit\dataframe_util.py", line 818, in convert_pandas_df_to_arrow_bytes
    table = pa.Table.from_pandas(df)
  File "pyarrow/table.pxi", line 4796, in pyarrow.lib.Table.from_pandas
  File "C:\Users\admin\miniconda3\Lib\site-packages\pyarrow\pandas_compat.py", line 651, in dataframe_to_arrays
    arrays = [convert_column(c, f)
              ~~~~~~~~~~~~~~^^^^^^
  File "C:\Users\admin\miniconda3\Lib\site-packages\pyarrow\pandas_compat.py", line 639, in convert_column
    raise e
  File "C:\Users\admin\miniconda3\Lib\site-packages\pyarrow\pandas_compat.py", line 633, in convert_column
    result = pa.array(col, type=type_, from_pandas=True, safe=safe)
  File "pyarrow/array.pxi", line 365, in pyarrow.lib.array
  File "pyarrow/array.pxi", line 91, in pyarrow.lib._ndarray_to_array
  File "pyarrow/error.pxi", line 92, in pyarrow.lib.check_status
pyarrow.lib.ArrowInvalid: ("Could not convert '—' with type str: tried to convert to double", 'Conversion failed for column 【左】路寬(m) with type object')
2026-09-01 09:00:43.893 Please replace `use_container_width` with `width`.

`use_container_width` will be removed after 2025-12-31.

For `use_container_width=True`, use `width='stretch'`. For `use_container_width=False`, use `width='content'`.
2026-09-01 09:00:43.903 Please replace `use_container_width` with `width`.

`use_container_width` will be removed after 2025-12-31.

For `use_container_width=True`, use `width='stretch'`. For `use_container_width=False`, use `width='content'`.
2026-09-01 09:00:43.930 Please replace `use_container_width` with `width`.

`use_container_width` will be removed after 2025-12-31.

For `use_container_width=True`, use `width='stretch'`. For `use_container_width=False`, use `width='content'`.
2026-09-01 09:00:43.934 Please replace `use_container_width` with `width`.

`use_container_width` will be removed after 2025-12-31.

For `use_container_width=True`, use `width='stretch'`. For `use_container_width=False`, use `width='content'`.
2026-09-01 09:00:43.995 Please replace `use_container_width` with `width`.

`use_container_width` will be removed after 2025-12-31.

For `use_container_width=True`, use `width='stretch'`. For `use_container_width=False`, use `width='content'`.
2026-09-01 09:00:44.000 Please replace `use_container_width` with `width`.

`use_container_width` will be removed after 2025-12-31.

For `use_container_width=True`, use `width='stretch'`. For `use_container_width=False`, use `width='content'`.
2026-09-01 09:00:54.284 Please replace `st.components.v1.html` with `st.iframe`.

`st.components.v1.html` will be removed after 2026-06-01.
2026-09-01 09:00:54.423 Please replace `use_container_width` with `width`.

`use_container_width` will be removed after 2025-12-31.

For `use_container_width=True`, use `width='stretch'`. For `use_container_width=False`, use `width='content'`.
2026-09-01 09:00:54.508 Please replace `use_container_width` with `width`.

`use_container_width` will be removed after 2025-12-31.

For `use_container_width=True`, use `width='stretch'`. For `use_container_width=False`, use `width='content'`.
2026-09-01 09:00:54.582 Please replace `use_container_width` with `width`.

`use_container_width` will be removed after 2025-12-31.

For `use_container_width=True`, use `width='stretch'`. For `use_container_width=False`, use `width='content'`.
2026-09-01 09:00:54.984 Please replace `use_container_width` with `width`.

`use_container_width` will be removed after 2025-12-31.

For `use_container_width=True`, use `width='stretch'`. For `use_container_width=False`, use `width='content'`.
2026-09-01 09:00:55.109 Please replace `st.components.v1.html` with `st.iframe`.

`st.components.v1.html` will be removed after 2026-06-01.
2026-09-01 09:00:55.252 Please replace `use_container_width` with `width`.

`use_container_width` will be removed after 2025-12-31.

For `use_container_width=True`, use `width='stretch'`. For `use_container_width=False`, use `width='content'`.
2026-09-01 09:00:55.333 Please replace `use_container_width` with `width`.

`use_container_width` will be removed after 2025-12-31.

For `use_container_width=True`, use `width='stretch'`. For `use_container_width=False`, use `width='content'`.
2026-09-01 09:00:55.409 Please replace `use_container_width` with `width`.

`use_container_width` will be removed after 2025-12-31.

For `use_container_width=True`, use `width='stretch'`. For `use_container_width=False`, use `width='content'`.
2026-09-01 09:00:55.803 Please replace `use_container_width` with `width`.

`use_container_width` will be removed after 2025-12-31.

For `use_container_width=True`, use `width='stretch'`. For `use_container_width=False`, use `width='content'`.
2026-09-01 09:00:55.969 Please replace `use_container_width` with `width`.

`use_container_width` will be removed after 2025-12-31.

For `use_container_width=True`, use `width='stretch'`. For `use_container_width=False`, use `width='content'`.
2026-09-01 09:00:56.044 Please replace `use_container_width` with `width`.

`use_container_width` will be removed after 2025-12-31.

For `use_container_width=True`, use `width='stretch'`. For `use_container_width=False`, use `width='content'`.
2026-09-01 09:00:56.045 Serialization of dataframe to Arrow table was unsuccessful. Applying automatic fixes for column types to make the dataframe Arrow-compatible.
Traceback (most recent call last):
  File "C:\Users\admin\miniconda3\Lib\site-packages\streamlit\dataframe_util.py", line 818, in convert_pandas_df_to_arrow_bytes
    table = pa.Table.from_pandas(df)
  File "pyarrow/table.pxi", line 4796, in pyarrow.lib.Table.from_pandas
  File "C:\Users\admin\miniconda3\Lib\site-packages\pyarrow\pandas_compat.py", line 651, in dataframe_to_arrays
    arrays = [convert_column(c, f)
              ~~~~~~~~~~~~~~^^^^^^
  File "C:\Users\admin\miniconda3\Lib\site-packages\pyarrow\pandas_compat.py", line 639, in convert_column
    raise e
  File "C:\Users\admin\miniconda3\Lib\site-packages\pyarrow\pandas_compat.py", line 633, in convert_column
    result = pa.array(col, type=type_, from_pandas=True, safe=safe)
  File "pyarrow/array.pxi", line 365, in pyarrow.lib.array
  File "pyarrow/array.pxi", line 91, in pyarrow.lib._ndarray_to_array
  File "pyarrow/error.pxi", line 92, in pyarrow.lib.check_status
pyarrow.lib.ArrowInvalid: ("Could not convert '—' with type str: tried to convert to double", 'Conversion failed for column 【左】路寬(m) with type object')
2026-09-01 09:00:56.055 Please replace `use_container_width` with `width`.

`use_container_width` will be removed after 2025-12-31.

For `use_container_width=True`, use `width='stretch'`. For `use_container_width=False`, use `width='content'`.
2026-09-01 09:00:56.062 Please replace `use_container_width` with `width`.

`use_container_width` will be removed after 2025-12-31.

For `use_container_width=True`, use `width='stretch'`. For `use_container_width=False`, use `width='content'`.
2026-09-01 09:00:56.089 Please replace `use_container_width` with `width`.

`use_container_width` will be removed after 2025-12-31.

For `use_container_width=True`, use `width='stretch'`. For `use_container_width=False`, use `width='content'`.
2026-09-01 09:00:56.095 Please replace `use_container_width` with `width`.

`use_container_width` will be removed after 2025-12-31.

For `use_container_width=True`, use `width='stretch'`. For `use_container_width=False`, use `width='content'`.
2026-09-01 09:00:56.153 Please replace `use_container_width` with `width`.

`use_container_width` will be removed after 2025-12-31.

For `use_container_width=True`, use `width='stretch'`. For `use_container_width=False`, use `width='content'`.
2026-09-01 09:00:56.160 Please replace `use_container_width` with `width`.

`use_container_width` will be removed after 2025-12-31.

For `use_container_width=True`, use `width='stretch'`. For `use_container_width=False`, use `width='content'`.
2026-09-01 09:01:24.065 Please replace `st.components.v1.html` with `st.iframe`.

`st.components.v1.html` will be removed after 2026-06-01.
2026-09-01 09:01:24.204 Please replace `use_container_width` with `width`.

`use_container_width` will be removed after 2025-12-31.

For `use_container_width=True`, use `width='stretch'`. For `use_container_width=False`, use `width='content'`.
2026-09-01 09:01:24.297 Please replace `use_container_width` with `width`.

`use_container_width` will be removed after 2025-12-31.

For `use_container_width=True`, use `width='stretch'`. For `use_container_width=False`, use `width='content'`.
2026-09-01 09:01:24.388 Please replace `use_container_width` with `width`.

`use_container_width` will be removed after 2025-12-31.

For `use_container_width=True`, use `width='stretch'`. For `use_container_width=False`, use `width='content'`.
2026-09-01 09:01:24.840 Please replace `use_container_width` with `width`.

`use_container_width` will be removed after 2025-12-31.

For `use_container_width=True`, use `width='stretch'`. For `use_container_width=False`, use `width='content'`.
2026-09-01 09:01:25.115 Please replace `st.components.v1.html` with `st.iframe`.

`st.components.v1.html` will be removed after 2026-06-01.
2026-09-01 09:01:25.242 Please replace `use_container_width` with `width`.

`use_container_width` will be removed after 2025-12-31.

For `use_container_width=True`, use `width='stretch'`. For `use_container_width=False`, use `width='content'`.
2026-09-01 09:01:25.333 Please replace `use_container_width` with `width`.

`use_container_width` will be removed after 2025-12-31.

For `use_container_width=True`, use `width='stretch'`. For `use_container_width=False`, use `width='content'`.
2026-09-01 09:01:25.400 Please replace `use_container_width` with `width`.

`use_container_width` will be removed after 2025-12-31.

For `use_container_width=True`, use `width='stretch'`. For `use_container_width=False`, use `width='content'`.
2026-09-01 09:01:25.811 Please replace `use_container_width` with `width`.

`use_container_width` will be removed after 2025-12-31.

For `use_container_width=True`, use `width='stretch'`. For `use_container_width=False`, use `width='content'`.
2026-09-01 09:01:25.973 Please replace `use_container_width` with `width`.

`use_container_width` will be removed after 2025-12-31.

For `use_container_width=True`, use `width='stretch'`. For `use_container_width=False`, use `width='content'`.
2026-09-01 09:01:26.039 Please replace `use_container_width` with `width`.

`use_container_width` will be removed after 2025-12-31.

For `use_container_width=True`, use `width='stretch'`. For `use_container_width=False`, use `width='content'`.
2026-09-01 09:01:26.040 Serialization of dataframe to Arrow table was unsuccessful. Applying automatic fixes for column types to make the dataframe Arrow-compatible.
Traceback (most recent call last):
  File "C:\Users\admin\miniconda3\Lib\site-packages\streamlit\dataframe_util.py", line 818, in convert_pandas_df_to_arrow_bytes
    table = pa.Table.from_pandas(df)
  File "pyarrow/table.pxi", line 4796, in pyarrow.lib.Table.from_pandas
  File "C:\Users\admin\miniconda3\Lib\site-packages\pyarrow\pandas_compat.py", line 651, in dataframe_to_arrays
    arrays = [convert_column(c, f)
              ~~~~~~~~~~~~~~^^^^^^
  File "C:\Users\admin\miniconda3\Lib\site-packages\pyarrow\pandas_compat.py", line 639, in convert_column
    raise e
  File "C:\Users\admin\miniconda3\Lib\site-packages\pyarrow\pandas_compat.py", line 633, in convert_column
    result = pa.array(col, type=type_, from_pandas=True, safe=safe)
  File "pyarrow/array.pxi", line 365, in pyarrow.lib.array
  File "pyarrow/array.pxi", line 91, in pyarrow.lib._ndarray_to_array
  File "pyarrow/error.pxi", line 92, in pyarrow.lib.check_status
pyarrow.lib.ArrowInvalid: ("Could not convert '—' with type str: tried to convert to double", 'Conversion failed for column 【左】路寬(m) with type object')
2026-09-01 09:01:26.046 Please replace `use_container_width` with `width`.

`use_container_width` will be removed after 2025-12-31.

For `use_container_width=True`, use `width='stretch'`. For `use_container_width=False`, use `width='content'`.
2026-09-01 09:01:26.050 Please replace `use_container_width` with `width`.

`use_container_width` will be removed after 2025-12-31.

For `use_container_width=True`, use `width='stretch'`. For `use_container_width=False`, use `width='content'`.
2026-09-01 09:01:26.068 Please replace `use_container_width` with `width`.

`use_container_width` will be removed after 2025-12-31.

For `use_container_width=True`, use `width='stretch'`. For `use_container_width=False`, use `width='content'`.
2026-09-01 09:01:26.074 Please replace `use_container_width` with `width`.

`use_container_width` will be removed after 2025-12-31.

For `use_container_width=True`, use `width='stretch'`. For `use_container_width=False`, use `width='content'`.
2026-09-01 09:01:26.131 Please replace `use_container_width` with `width`.

`use_container_width` will be removed after 2025-12-31.

For `use_container_width=True`, use `width='stretch'`. For `use_container_width=False`, use `width='content'`.
2026-09-01 09:01:26.139 Please replace `use_container_width` with `width`.

`use_container_width` will be removed after 2025-12-31.

For `use_container_width=True`, use `width='stretch'`. For `use_container_width=False`, use `width='content'`.
2026-09-01 09:01:30.435 Please replace `st.components.v1.html` with `st.iframe`.

`st.components.v1.html` will be removed after 2026-06-01.
2026-09-01 09:01:30.563 Please replace `use_container_width` with `width`.

`use_container_width` will be removed after 2025-12-31.

For `use_container_width=True`, use `width='stretch'`. For `use_container_width=False`, use `width='content'`.
2026-09-01 09:01:30.673 Please replace `use_container_width` with `width`.

`use_container_width` will be removed after 2025-12-31.

For `use_container_width=True`, use `width='stretch'`. For `use_container_width=False`, use `width='content'`.
2026-09-01 09:01:30.764 Please replace `use_container_width` with `width`.

`use_container_width` will be removed after 2025-12-31.

For `use_container_width=True`, use `width='stretch'`. For `use_container_width=False`, use `width='content'`.
2026-09-01 09:01:31.166 Please replace `use_container_width` with `width`.

`use_container_width` will be removed after 2025-12-31.

For `use_container_width=True`, use `width='stretch'`. For `use_container_width=False`, use `width='content'`.
2026-09-01 09:01:31.343 Please replace `use_container_width` with `width`.

`use_container_width` will be removed after 2025-12-31.

For `use_container_width=True`, use `width='stretch'`. For `use_container_width=False`, use `width='content'`.
2026-09-01 09:01:31.423 Please replace `use_container_width` with `width`.

`use_container_width` will be removed after 2025-12-31.

For `use_container_width=True`, use `width='stretch'`. For `use_container_width=False`, use `width='content'`.
2026-09-01 09:01:31.424 Serialization of dataframe to Arrow table was unsuccessful. Applying automatic fixes for column types to make the dataframe Arrow-compatible.
Traceback (most recent call last):
  File "C:\Users\admin\miniconda3\Lib\site-packages\streamlit\dataframe_util.py", line 818, in convert_pandas_df_to_arrow_bytes
    table = pa.Table.from_pandas(df)
  File "pyarrow/table.pxi", line 4796, in pyarrow.lib.Table.from_pandas
  File "C:\Users\admin\miniconda3\Lib\site-packages\pyarrow\pandas_compat.py", line 651, in dataframe_to_arrays
    arrays = [convert_column(c, f)
              ~~~~~~~~~~~~~~^^^^^^
  File "C:\Users\admin\miniconda3\Lib\site-packages\pyarrow\pandas_compat.py", line 639, in convert_column
    raise e
  File "C:\Users\admin\miniconda3\Lib\site-packages\pyarrow\pandas_compat.py", line 633, in convert_column
    result = pa.array(col, type=type_, from_pandas=True, safe=safe)
  File "pyarrow/array.pxi", line 365, in pyarrow.lib.array
  File "pyarrow/array.pxi", line 91, in pyarrow.lib._ndarray_to_array
  File "pyarrow/error.pxi", line 92, in pyarrow.lib.check_status
pyarrow.lib.ArrowInvalid: ("Could not convert '—' with type str: tried to convert to double", 'Conversion failed for column 【左】路寬(m) with type object')
2026-09-01 09:01:31.434 Please replace `use_container_width` with `width`.

`use_container_width` will be removed after 2025-12-31.

For `use_container_width=True`, use `width='stretch'`. For `use_container_width=False`, use `width='content'`.
2026-09-01 09:01:31.442 Please replace `use_container_width` with `width`.

`use_container_width` will be removed after 2025-12-31.

For `use_container_width=True`, use `width='stretch'`. For `use_container_width=False`, use `width='content'`.
2026-09-01 09:01:31.467 Please replace `use_container_width` with `width`.

`use_container_width` will be removed after 2025-12-31.

For `use_container_width=True`, use `width='stretch'`. For `use_container_width=False`, use `width='content'`.
2026-09-01 09:01:31.473 Please replace `use_container_width` with `width`.

`use_container_width` will be removed after 2025-12-31.

For `use_container_width=True`, use `width='stretch'`. For `use_container_width=False`, use `width='content'`.
2026-09-01 09:01:31.532 Please replace `use_container_width` with `width`.

`use_container_width` will be removed after 2025-12-31.

For `use_container_width=True`, use `width='stretch'`. For `use_container_width=False`, use `width='content'`.
2026-09-01 09:01:31.538 Please replace `use_container_width` with `width`.

`use_container_width` will be removed after 2025-12-31.

For `use_container_width=True`, use `width='stretch'`. For `use_container_width=False`, use `width='content'`.
2026-09-01 09:01:31.643 Please replace `st.components.v1.html` with `st.iframe`.

`st.components.v1.html` will be removed after 2026-06-01.
2026-09-01 09:01:31.783 Please replace `use_container_width` with `width`.

`use_container_width` will be removed after 2025-12-31.

For `use_container_width=True`, use `width='stretch'`. For `use_container_width=False`, use `width='content'`.
2026-09-01 09:01:31.846 Please replace `use_container_width` with `width`.

`use_container_width` will be removed after 2025-12-31.

For `use_container_width=True`, use `width='stretch'`. For `use_container_width=False`, use `width='content'`.
2026-09-01 09:01:31.936 Please replace `use_container_width` with `width`.

`use_container_width` will be removed after 2025-12-31.

For `use_container_width=True`, use `width='stretch'`. For `use_container_width=False`, use `width='content'`.
2026-09-01 09:01:32.335 Please replace `use_container_width` with `width`.

`use_container_width` will be removed after 2025-12-31.

For `use_container_width=True`, use `width='stretch'`. For `use_container_width=False`, use `width='content'`.
2026-09-01 09:01:32.524 Please replace `use_container_width` with `width`.

`use_container_width` will be removed after 2025-12-31.

For `use_container_width=True`, use `width='stretch'`. For `use_container_width=False`, use `width='content'`.
2026-09-01 09:01:32.599 Please replace `use_container_width` with `width`.

`use_container_width` will be removed after 2025-12-31.

For `use_container_width=True`, use `width='stretch'`. For `use_container_width=False`, use `width='content'`.
2026-09-01 09:01:32.600 Serialization of dataframe to Arrow table was unsuccessful. Applying automatic fixes for column types to make the dataframe Arrow-compatible.
Traceback (most recent call last):
  File "C:\Users\admin\miniconda3\Lib\site-packages\streamlit\dataframe_util.py", line 818, in convert_pandas_df_to_arrow_bytes
    table = pa.Table.from_pandas(df)
  File "pyarrow/table.pxi", line 4796, in pyarrow.lib.Table.from_pandas
  File "C:\Users\admin\miniconda3\Lib\site-packages\pyarrow\pandas_compat.py", line 651, in dataframe_to_arrays
    arrays = [convert_column(c, f)
              ~~~~~~~~~~~~~~^^^^^^
  File "C:\Users\admin\miniconda3\Lib\site-packages\pyarrow\pandas_compat.py", line 639, in convert_column
    raise e
  File "C:\Users\admin\miniconda3\Lib\site-packages\pyarrow\pandas_compat.py", line 633, in convert_column
    result = pa.array(col, type=type_, from_pandas=True, safe=safe)
  File "pyarrow/array.pxi", line 365, in pyarrow.lib.array
  File "pyarrow/array.pxi", line 91, in pyarrow.lib._ndarray_to_array
  File "pyarrow/error.pxi", line 92, in pyarrow.lib.check_status
pyarrow.lib.ArrowInvalid: ("Could not convert '—' with type str: tried to convert to double", 'Conversion failed for column 【左】路寬(m) with type object')
2026-09-01 09:01:32.609 Please replace `use_container_width` with `width`.

`use_container_width` will be removed after 2025-12-31.

For `use_container_width=True`, use `width='stretch'`. For `use_container_width=False`, use `width='content'`.
2026-09-01 09:01:32.616 Please replace `use_container_width` with `width`.

`use_container_width` will be removed after 2025-12-31.

For `use_container_width=True`, use `width='stretch'`. For `use_container_width=False`, use `width='content'`.
2026-09-01 09:01:32.641 Please replace `use_container_width` with `width`.

`use_container_width` will be removed after 2025-12-31.

For `use_container_width=True`, use `width='stretch'`. For `use_container_width=False`, use `width='content'`.
2026-09-01 09:01:32.645 Please replace `use_container_width` with `width`.

`use_container_width` will be removed after 2025-12-31.

For `use_container_width=True`, use `width='stretch'`. For `use_container_width=False`, use `width='content'`.
2026-09-01 09:01:32.717 Please replace `use_container_width` with `width`.

`use_container_width` will be removed after 2025-12-31.

For `use_container_width=True`, use `width='stretch'`. For `use_container_width=False`, use `width='content'`.
2026-09-01 09:01:32.723 Please replace `use_container_width` with `width`.

`use_container_width` will be removed after 2025-12-31.

For `use_container_width=True`, use `width='stretch'`. For `use_container_width=False`, use `width='content'`.
2026-09-01 09:01:33.274 Please replace `st.components.v1.html` with `st.iframe`.

`st.components.v1.html` will be removed after 2026-06-01.
2026-09-01 09:01:33.371 Please replace `use_container_width` with `width`.

`use_container_width` will be removed after 2025-12-31.

For `use_container_width=True`, use `width='stretch'`. For `use_container_width=False`, use `width='content'`.
2026-09-01 09:01:33.463 Please replace `use_container_width` with `width`.

`use_container_width` will be removed after 2025-12-31.

For `use_container_width=True`, use `width='stretch'`. For `use_container_width=False`, use `width='content'`.
2026-09-01 09:01:33.579 Please replace `use_container_width` with `width`.

`use_container_width` will be removed after 2025-12-31.

For `use_container_width=True`, use `width='stretch'`. For `use_container_width=False`, use `width='content'`.
2026-09-01 09:01:33.993 Please replace `use_container_width` with `width`.

`use_container_width` will be removed after 2025-12-31.

For `use_container_width=True`, use `width='stretch'`. For `use_container_width=False`, use `width='content'`.
2026-09-01 09:01:34.175 Please replace `use_container_width` with `width`.

`use_container_width` will be removed after 2025-12-31.

For `use_container_width=True`, use `width='stretch'`. For `use_container_width=False`, use `width='content'`.
2026-09-01 09:01:34.276 Please replace `use_container_width` with `width`.

`use_container_width` will be removed after 2025-12-31.

For `use_container_width=True`, use `width='stretch'`. For `use_container_width=False`, use `width='content'`.
2026-09-01 09:01:34.277 Serialization of dataframe to Arrow table was unsuccessful. Applying automatic fixes for column types to make the dataframe Arrow-compatible.
Traceback (most recent call last):
  File "C:\Users\admin\miniconda3\Lib\site-packages\streamlit\dataframe_util.py", line 818, in convert_pandas_df_to_arrow_bytes
    table = pa.Table.from_pandas(df)
  File "pyarrow/table.pxi", line 4796, in pyarrow.lib.Table.from_pandas
  File "C:\Users\admin\miniconda3\Lib\site-packages\pyarrow\pandas_compat.py", line 651, in dataframe_to_arrays
    arrays = [convert_column(c, f)
              ~~~~~~~~~~~~~~^^^^^^
  File "C:\Users\admin\miniconda3\Lib\site-packages\pyarrow\pandas_compat.py", line 639, in convert_column
    raise e
  File "C:\Users\admin\miniconda3\Lib\site-packages\pyarrow\pandas_compat.py", line 633, in convert_column
    result = pa.array(col, type=type_, from_pandas=True, safe=safe)
  File "pyarrow/array.pxi", line 365, in pyarrow.lib.array
  File "pyarrow/array.pxi", line 91, in pyarrow.lib._ndarray_to_array
  File "pyarrow/error.pxi", line 92, in pyarrow.lib.check_status
pyarrow.lib.ArrowInvalid: ("Could not convert '—' with type str: tried to convert to double", 'Conversion failed for column 【左】路寬(m) with type object')
2026-09-01 09:01:34.284 Please replace `use_container_width` with `width`.

`use_container_width` will be removed after 2025-12-31.

For `use_container_width=True`, use `width='stretch'`. For `use_container_width=False`, use `width='content'`.
2026-09-01 09:01:34.292 Please replace `use_container_width` with `width`.

`use_container_width` will be removed after 2025-12-31.

For `use_container_width=True`, use `width='stretch'`. For `use_container_width=False`, use `width='content'`.
2026-09-01 09:01:34.312 Please replace `use_container_width` with `width`.

`use_container_width` will be removed after 2025-12-31.

For `use_container_width=True`, use `width='stretch'`. For `use_container_width=False`, use `width='content'`.
2026-09-01 09:01:34.316 Please replace `use_container_width` with `width`.

`use_container_width` will be removed after 2025-12-31.

For `use_container_width=True`, use `width='stretch'`. For `use_container_width=False`, use `width='content'`.
2026-09-01 09:01:34.366 Please replace `use_container_width` with `width`.

`use_container_width` will be removed after 2025-12-31.

For `use_container_width=True`, use `width='stretch'`. For `use_container_width=False`, use `width='content'`.
2026-09-01 09:01:34.373 Please replace `use_container_width` with `width`.

`use_container_width` will be removed after 2025-12-31.

For `use_container_width=True`, use `width='stretch'`. For `use_container_width=False`, use `width='content'`.
2026-09-01 09:01:34.495 Please replace `st.components.v1.html` with `st.iframe`.

`st.components.v1.html` will be removed after 2026-06-01.
2026-09-01 09:01:34.621 Please replace `use_container_width` with `width`.

`use_container_width` will be removed after 2025-12-31.

For `use_container_width=True`, use `width='stretch'`. For `use_container_width=False`, use `width='content'`.
2026-09-01 09:01:34.697 Please replace `use_container_width` with `width`.

`use_container_width` will be removed after 2025-12-31.

For `use_container_width=True`, use `width='stretch'`. For `use_container_width=False`, use `width='content'`.
2026-09-01 09:01:34.790 Please replace `use_container_width` with `width`.

`use_container_width` will be removed after 2025-12-31.

For `use_container_width=True`, use `width='stretch'`. For `use_container_width=False`, use `width='content'`.
2026-09-01 09:01:35.203 Please replace `use_container_width` with `width`.

`use_container_width` will be removed after 2025-12-31.

For `use_container_width=True`, use `width='stretch'`. For `use_container_width=False`, use `width='content'`.
2026-09-01 09:01:35.378 Please replace `use_container_width` with `width`.

`use_container_width` will be removed after 2025-12-31.

For `use_container_width=True`, use `width='stretch'`. For `use_container_width=False`, use `width='content'`.
2026-09-01 09:01:35.463 Please replace `use_container_width` with `width`.

`use_container_width` will be removed after 2025-12-31.

For `use_container_width=True`, use `width='stretch'`. For `use_container_width=False`, use `width='content'`.
2026-09-01 09:01:35.464 Serialization of dataframe to Arrow table was unsuccessful. Applying automatic fixes for column types to make the dataframe Arrow-compatible.
Traceback (most recent call last):
  File "C:\Users\admin\miniconda3\Lib\site-packages\streamlit\dataframe_util.py", line 818, in convert_pandas_df_to_arrow_bytes
    table = pa.Table.from_pandas(df)
  File "pyarrow/table.pxi", line 4796, in pyarrow.lib.Table.from_pandas
  File "C:\Users\admin\miniconda3\Lib\site-packages\pyarrow\pandas_compat.py", line 651, in dataframe_to_arrays
    arrays = [convert_column(c, f)
              ~~~~~~~~~~~~~~^^^^^^
  File "C:\Users\admin\miniconda3\Lib\site-packages\pyarrow\pandas_compat.py", line 639, in convert_column
    raise e
  File "C:\Users\admin\miniconda3\Lib\site-packages\pyarrow\pandas_compat.py", line 633, in convert_column
    result = pa.array(col, type=type_, from_pandas=True, safe=safe)
  File "pyarrow/array.pxi", line 365, in pyarrow.lib.array
  File "pyarrow/array.pxi", line 91, in pyarrow.lib._ndarray_to_array
  File "pyarrow/error.pxi", line 92, in pyarrow.lib.check_status
pyarrow.lib.ArrowInvalid: ("Could not convert '—' with type str: tried to convert to double", 'Conversion failed for column 【左】路寬(m) with type object')
2026-09-01 09:01:35.474 Please replace `use_container_width` with `width`.

`use_container_width` will be removed after 2025-12-31.

For `use_container_width=True`, use `width='stretch'`. For `use_container_width=False`, use `width='content'`.
2026-09-01 09:01:35.482 Please replace `use_container_width` with `width`.

`use_container_width` will be removed after 2025-12-31.

For `use_container_width=True`, use `width='stretch'`. For `use_container_width=False`, use `width='content'`.
2026-09-01 09:01:35.509 Please replace `use_container_width` with `width`.

`use_container_width` will be removed after 2025-12-31.

For `use_container_width=True`, use `width='stretch'`. For `use_container_width=False`, use `width='content'`.
2026-09-01 09:01:35.514 Please replace `use_container_width` with `width`.

`use_container_width` will be removed after 2025-12-31.

For `use_container_width=True`, use `width='stretch'`. For `use_container_width=False`, use `width='content'`.
2026-09-01 09:01:35.566 Please replace `use_container_width` with `width`.

`use_container_width` will be removed after 2025-12-31.

For `use_container_width=True`, use `width='stretch'`. For `use_container_width=False`, use `width='content'`.
2026-09-01 09:01:35.571 Please replace `use_container_width` with `width`.

`use_container_width` will be removed after 2025-12-31.

For `use_container_width=True`, use `width='stretch'`. For `use_container_width=False`, use `width='content'`.
2026-09-01 09:01:36.196 Please replace `st.components.v1.html` with `st.iframe`.

`st.components.v1.html` will be removed after 2026-06-01.
2026-09-01 09:01:36.344 Please replace `use_container_width` with `width`.

`use_container_width` will be removed after 2025-12-31.

For `use_container_width=True`, use `width='stretch'`. For `use_container_width=False`, use `width='content'`.
2026-09-01 09:01:36.431 Please replace `use_container_width` with `width`.

`use_container_width` will be removed after 2025-12-31.

For `use_container_width=True`, use `width='stretch'`. For `use_container_width=False`, use `width='content'`.
2026-09-01 09:01:36.506 Please replace `use_container_width` with `width`.

`use_container_width` will be removed after 2025-12-31.

For `use_container_width=True`, use `width='stretch'`. For `use_container_width=False`, use `width='content'`.
2026-09-01 09:01:36.906 Please replace `use_container_width` with `width`.

`use_container_width` will be removed after 2025-12-31.

For `use_container_width=True`, use `width='stretch'`. For `use_container_width=False`, use `width='content'`.
2026-09-01 09:01:37.085 Please replace `use_container_width` with `width`.

`use_container_width` will be removed after 2025-12-31.

For `use_container_width=True`, use `width='stretch'`. For `use_container_width=False`, use `width='content'`.
2026-09-01 09:01:37.167 Please replace `use_container_width` with `width`.

`use_container_width` will be removed after 2025-12-31.

For `use_container_width=True`, use `width='stretch'`. For `use_container_width=False`, use `width='content'`.
2026-09-01 09:01:37.169 Serialization of dataframe to Arrow table was unsuccessful. Applying automatic fixes for column types to make the dataframe Arrow-compatible.
Traceback (most recent call last):
  File "C:\Users\admin\miniconda3\Lib\site-packages\streamlit\dataframe_util.py", line 818, in convert_pandas_df_to_arrow_bytes
    table = pa.Table.from_pandas(df)
  File "pyarrow/table.pxi", line 4796, in pyarrow.lib.Table.from_pandas
  File "C:\Users\admin\miniconda3\Lib\site-packages\pyarrow\pandas_compat.py", line 651, in dataframe_to_arrays
    arrays = [convert_column(c, f)
              ~~~~~~~~~~~~~~^^^^^^
  File "C:\Users\admin\miniconda3\Lib\site-packages\pyarrow\pandas_compat.py", line 639, in convert_column
    raise e
  File "C:\Users\admin\miniconda3\Lib\site-packages\pyarrow\pandas_compat.py", line 633, in convert_column
    result = pa.array(col, type=type_, from_pandas=True, safe=safe)
  File "pyarrow/array.pxi", line 365, in pyarrow.lib.array
  File "pyarrow/array.pxi", line 91, in pyarrow.lib._ndarray_to_array
  File "pyarrow/error.pxi", line 92, in pyarrow.lib.check_status
pyarrow.lib.ArrowInvalid: ("Could not convert '—' with type str: tried to convert to double", 'Conversion failed for column 【左】路寬(m) with type object')
2026-09-01 09:01:37.182 Please replace `use_container_width` with `width`.

`use_container_width` will be removed after 2025-12-31.

For `use_container_width=True`, use `width='stretch'`. For `use_container_width=False`, use `width='content'`.
2026-09-01 09:01:37.188 Please replace `use_container_width` with `width`.

`use_container_width` will be removed after 2025-12-31.

For `use_container_width=True`, use `width='stretch'`. For `use_container_width=False`, use `width='content'`.
2026-09-01 09:01:37.213 Please replace `use_container_width` with `width`.

`use_container_width` will be removed after 2025-12-31.

For `use_container_width=True`, use `width='stretch'`. For `use_container_width=False`, use `width='content'`.
2026-09-01 09:01:37.219 Please replace `use_container_width` with `width`.

`use_container_width` will be removed after 2025-12-31.

For `use_container_width=True`, use `width='stretch'`. For `use_container_width=False`, use `width='content'`.
2026-09-01 09:01:37.284 Please replace `use_container_width` with `width`.

`use_container_width` will be removed after 2025-12-31.

For `use_container_width=True`, use `width='stretch'`. For `use_container_width=False`, use `width='content'`.
2026-09-01 09:01:37.290 Please replace `use_container_width` with `width`.

`use_container_width` will be removed after 2025-12-31.

For `use_container_width=True`, use `width='stretch'`. For `use_container_width=False`, use `width='content'`.
2026-09-01 09:01:37.381 Please replace `st.components.v1.html` with `st.iframe`.

`st.components.v1.html` will be removed after 2026-06-01.
2026-09-01 09:01:37.433 Please replace `use_container_width` with `width`.

`use_container_width` will be removed after 2025-12-31.

For `use_container_width=True`, use `width='stretch'`. For `use_container_width=False`, use `width='content'`.
2026-09-01 09:01:37.536 Please replace `use_container_width` with `width`.

`use_container_width` will be removed after 2025-12-31.

For `use_container_width=True`, use `width='stretch'`. For `use_container_width=False`, use `width='content'`.
2026-09-01 09:01:37.625 Please replace `use_container_width` with `width`.

`use_container_width` will be removed after 2025-12-31.

For `use_container_width=True`, use `width='stretch'`. For `use_container_width=False`, use `width='content'`.
2026-09-01 09:01:38.070 Please replace `use_container_width` with `width`.

`use_container_width` will be removed after 2025-12-31.

For `use_container_width=True`, use `width='stretch'`. For `use_container_width=False`, use `width='content'`.
2026-09-01 09:01:38.268 Please replace `use_container_width` with `width`.

`use_container_width` will be removed after 2025-12-31.

For `use_container_width=True`, use `width='stretch'`. For `use_container_width=False`, use `width='content'`.
2026-09-01 09:01:38.360 Please replace `use_container_width` with `width`.

`use_container_width` will be removed after 2025-12-31.

For `use_container_width=True`, use `width='stretch'`. For `use_container_width=False`, use `width='content'`.
2026-09-01 09:01:38.361 Serialization of dataframe to Arrow table was unsuccessful. Applying automatic fixes for column types to make the dataframe Arrow-compatible.
Traceback (most recent call last):
  File "C:\Users\admin\miniconda3\Lib\site-packages\streamlit\dataframe_util.py", line 818, in convert_pandas_df_to_arrow_bytes
    table = pa.Table.from_pandas(df)
  File "pyarrow/table.pxi", line 4796, in pyarrow.lib.Table.from_pandas
  File "C:\Users\admin\miniconda3\Lib\site-packages\pyarrow\pandas_compat.py", line 651, in dataframe_to_arrays
    arrays = [convert_column(c, f)
              ~~~~~~~~~~~~~~^^^^^^
  File "C:\Users\admin\miniconda3\Lib\site-packages\pyarrow\pandas_compat.py", line 639, in convert_column
    raise e
  File "C:\Users\admin\miniconda3\Lib\site-packages\pyarrow\pandas_compat.py", line 633, in convert_column
    result = pa.array(col, type=type_, from_pandas=True, safe=safe)
  File "pyarrow/array.pxi", line 365, in pyarrow.lib.array
  File "pyarrow/array.pxi", line 91, in pyarrow.lib._ndarray_to_array
  File "pyarrow/error.pxi", line 92, in pyarrow.lib.check_status
pyarrow.lib.ArrowInvalid: ("Could not convert '—' with type str: tried to convert to double", 'Conversion failed for column 【左】路寬(m) with type object')
2026-09-01 09:01:38.371 Please replace `use_container_width` with `width`.

`use_container_width` will be removed after 2025-12-31.

For `use_container_width=True`, use `width='stretch'`. For `use_container_width=False`, use `width='content'`.
2026-09-01 09:01:38.379 Please replace `use_container_width` with `width`.

`use_container_width` will be removed after 2025-12-31.

For `use_container_width=True`, use `width='stretch'`. For `use_container_width=False`, use `width='content'`.
2026-09-01 09:01:38.407 Please replace `use_container_width` with `width`.

`use_container_width` will be removed after 2025-12-31.

For `use_container_width=True`, use `width='stretch'`. For `use_container_width=False`, use `width='content'`.
2026-09-01 09:01:38.410 Please replace `use_container_width` with `width`.

`use_container_width` will be removed after 2025-12-31.

For `use_container_width=True`, use `width='stretch'`. For `use_container_width=False`, use `width='content'`.
2026-09-01 09:01:38.485 Please replace `use_container_width` with `width`.

`use_container_width` will be removed after 2025-12-31.

For `use_container_width=True`, use `width='stretch'`. For `use_container_width=False`, use `width='content'`.
2026-09-01 09:01:38.494 Please replace `use_container_width` with `width`.

`use_container_width` will be removed after 2025-12-31.

For `use_container_width=True`, use `width='stretch'`. For `use_container_width=False`, use `width='content'`.
2026-09-01 09:01:39.423 Please replace `st.components.v1.html` with `st.iframe`.

`st.components.v1.html` will be removed after 2026-06-01.
2026-09-01 09:01:45.309 Please replace `st.components.v1.html` with `st.iframe`.

`st.components.v1.html` will be removed after 2026-06-01.
2026-09-01 09:01:49.923 Please replace `st.components.v1.html` with `st.iframe`.

`st.components.v1.html` will be removed after 2026-06-01.
2026-09-01 09:01:50.375 Please replace `st.components.v1.html` with `st.iframe`.

`st.components.v1.html` will be removed after 2026-06-01.
2026-09-01 09:01:50.435 The widget with key "bi" was created with a default value but also had its value set via the Session State API.
Stack (most recent call last):
  File "C:\Users\admin\miniconda3\Lib\threading.py", line 1015, in _bootstrap
    self._bootstrap_inner()
  File "C:\Users\admin\miniconda3\Lib\threading.py", line 1044, in _bootstrap_inner
    self.run()
  File "C:\Users\admin\miniconda3\Lib\threading.py", line 995, in run
    self._target(*self._args, **self._kwargs)
  File "C:\Users\admin\miniconda3\Lib\site-packages\streamlit\runtime\scriptrunner\script_runner.py", line 379, in _run_script_thread
    self._run_script(request.rerun_data)
  File "C:\Users\admin\miniconda3\Lib\site-packages\streamlit\runtime\scriptrunner\script_runner.py", line 705, in _run_script
    ) = exec_func_with_error_handling(code_to_exec, ctx)
  File "C:\Users\admin\miniconda3\Lib\site-packages\streamlit\runtime\scriptrunner\exec_code.py", line 129, in exec_func_with_error_handling
    result = func()
  File "C:\Users\admin\miniconda3\Lib\site-packages\streamlit\runtime\scriptrunner\script_runner.py", line 689, in code_to_exec
    exec(code, module.__dict__)  # noqa: S102
  File "C:\Users\admin\Desktop\land-readjustment-trial\app.py", line 23463, in <module>
    main()
  File "C:\Users\admin\Desktop\land-readjustment-trial\app.py", line 14569, in main
    base_idx = _ni("基期物價指數(113.11)", min_value=50.0, max_value=200.0, value=100.0, step=0.1, key="bi")
  File "C:\Users\admin\Desktop\land-readjustment-trial\app.py", line 108, in _ni
    val = _st_number_input(label, **kwargs)
  File "C:\Users\admin\miniconda3\Lib\site-packages\streamlit\runtime\metrics_util.py", line 563, in wrapped_func
    result = non_optional_func(*args, **kwargs)
  File "C:\Users\admin\miniconda3\Lib\site-packages\streamlit\elements\widgets\number_input.py", line 447, in number_input
    return self._number_input(
  File "C:\Users\admin\miniconda3\Lib\site-packages\streamlit\elements\widgets\number_input.py", line 492, in _number_input
    check_widget_policies(
  File "C:\Users\admin\miniconda3\Lib\site-packages\streamlit\elements\lib\policies.py", line 180, in check_widget_policies
    check_session_state_rules(
  File "C:\Users\admin\miniconda3\Lib\site-packages\streamlit\elements\lib\policies.py", line 91, in check_session_state_rules
    _LOGGER.warning(
────────────────────────── Traceback (most recent call last) ───────────────────────────
  C:\Users\admin\miniconda3\Lib\site-packages\streamlit\runtime\scriptrunner\exec_code  
  .py:129 in exec_func_with_error_handling                                              
                                                                                        
  C:\Users\admin\miniconda3\Lib\site-packages\streamlit\runtime\scriptrunner\script_ru  
  nner.py:689 in code_to_exec                                                           
                                                                                        
  C:\Users\admin\Desktop\land-readjustment-trial\app.py:23463 in <module>               
                                                                                        
    23460 │   │   │   │   │   │      "雙路同源終驗（app live vs wf/f4 baseline 逐格）   
    23461                                                                               
    23462 if __name__ == "__main__":                                                    
  > 23463 │   main()                                                                    
    23464                                                                               
                                                                                        
  C:\Users\admin\Desktop\land-readjustment-trial\app.py:14570 in main                   
                                                                                        
    14567 │   │   │   │   │   │   │   st.rerun()                                        
    14568 │   │   │                                                                     
    14569 │   │   │   base_idx = _ni("基期物價指數(113.11)", min_value=50.0, max_value  
  > 14570 │   │   │   curr_idx = _ni("價格日期物價指數", min_value=50.0, max_value=200  
    14571 │   │   │   pir = curr_idx / base_idx if base_idx > 0 else 1.0                
    14572 │   │   │   st.success(f"調整後營造單價：{base_cc * pir:,.0f} 元/坪")         
    14573                                                                               
                                                                                        
  C:\Users\admin\Desktop\land-readjustment-trial\app.py:108 in _ni                      
                                                                                        
      105 │   key = kwargs.get('key', '')                                               
      106 │   if key and f"_sv_{key}" in st.session_state:                              
      107 │   │   kwargs['value'] = st.session_state[f"_sv_{key}"]                      
  >   108 │   val = _st_number_input(label, **kwargs)                                   
      109 │   if key:                                                                   
      110 │   │   st.session_state[f"_sv_{key}"] = val                                  
      111 │   return val                                                                
                                                                                        
  C:\Users\admin\miniconda3\Lib\site-packages\streamlit\runtime\metrics_util.py:563 in  
  wrapped_func                                                                          
                                                                                        
  C:\Users\admin\miniconda3\Lib\site-packages\streamlit\elements\widgets\number_input.  
  py:447 in number_input                                                                
                                                                                        
  C:\Users\admin\miniconda3\Lib\site-packages\streamlit\elements\widgets\number_input.  
  py:590 in _number_input                                                               
────────────────────────────────────────────────────────────────────────────────────────
StreamlitValueBelowMinError: The `value` 0.0 is less than the `min_value` 50.0.
2026-09-01 09:02:01.870 Please replace `st.components.v1.html` with `st.iframe`.

`st.components.v1.html` will be removed after 2026-06-01.
2026-09-01 09:02:02.027 Please replace `st.components.v1.html` with `st.iframe`.

`st.components.v1.html` will be removed after 2026-06-01.
2026-09-01 09:02:02.058 Please replace `use_container_width` with `width`.

`use_container_width` will be removed after 2025-12-31.

For `use_container_width=True`, use `width='stretch'`. For `use_container_width=False`, use `width='content'`.
2026-09-01 09:02:06.274 Please replace `st.components.v1.html` with `st.iframe`.

`st.components.v1.html` will be removed after 2026-06-01.
2026-09-01 09:02:06.306 Please replace `use_container_width` with `width`.

`use_container_width` will be removed after 2025-12-31.

For `use_container_width=True`, use `width='stretch'`. For `use_container_width=False`, use `width='content'`.
2026-09-01 09:02:11.100 Please replace `st.components.v1.html` with `st.iframe`.

`st.components.v1.html` will be removed after 2026-06-01.
2026-09-01 09:02:11.134 Please replace `use_container_width` with `width`.

`use_container_width` will be removed after 2025-12-31.

For `use_container_width=True`, use `width='stretch'`. For `use_container_width=False`, use `width='content'`.
2026-09-01 09:02:12.985 Please replace `st.components.v1.html` with `st.iframe`.

`st.components.v1.html` will be removed after 2026-06-01.
2026-09-01 09:02:13.026 Please replace `use_container_width` with `width`.

`use_container_width` will be removed after 2025-12-31.

For `use_container_width=True`, use `width='stretch'`. For `use_container_width=False`, use `width='content'`.
2026-09-01 09:02:16.886 Please replace `st.components.v1.html` with `st.iframe`.

`st.components.v1.html` will be removed after 2026-06-01.
2026-09-01 09:02:16.919 Please replace `use_container_width` with `width`.

`use_container_width` will be removed after 2025-12-31.

For `use_container_width=True`, use `width='stretch'`. For `use_container_width=False`, use `width='content'`.
2026-09-01 09:02:19.956 Please replace `st.components.v1.html` with `st.iframe`.

`st.components.v1.html` will be removed after 2026-06-01.
2026-09-01 09:02:30.112 Please replace `st.components.v1.html` with `st.iframe`.

`st.components.v1.html` will be removed after 2026-06-01.
2026-09-01 09:02:36.229 Please replace `st.components.v1.html` with `st.iframe`.

`st.components.v1.html` will be removed after 2026-06-01.
2026-09-01 09:02:38.773 Please replace `st.components.v1.html` with `st.iframe`.

`st.components.v1.html` will be removed after 2026-06-01.
2026-09-01 09:02:49.629 Please replace `st.components.v1.html` with `st.iframe`.

`st.components.v1.html` will be removed after 2026-06-01.
2026-09-01 09:02:49.637 Please replace `use_container_width` with `width`.

`use_container_width` will be removed after 2025-12-31.

For `use_container_width=True`, use `width='stretch'`. For `use_container_width=False`, use `width='content'`.
2026-09-01 09:02:49.643 Please replace `use_container_width` with `width`.

`use_container_width` will be removed after 2025-12-31.

For `use_container_width=True`, use `width='stretch'`. For `use_container_width=False`, use `width='content'`.
2026-09-01 09:02:49.656 Please replace `use_container_width` with `width`.

`use_container_width` will be removed after 2025-12-31.

For `use_container_width=True`, use `width='stretch'`. For `use_container_width=False`, use `width='content'`.
2026-09-01 09:02:49.797 Please replace `use_container_width` with `width`.

`use_container_width` will be removed after 2025-12-31.

For `use_container_width=True`, use `width='stretch'`. For `use_container_width=False`, use `width='content'`.
2026-09-01 09:02:49.810 Please replace `use_container_width` with `width`.

`use_container_width` will be removed after 2025-12-31.

For `use_container_width=True`, use `width='stretch'`. For `use_container_width=False`, use `width='content'`.
2026-09-01 09:02:49.816 Please replace `use_container_width` with `width`.

`use_container_width` will be removed after 2025-12-31.

For `use_container_width=True`, use `width='stretch'`. For `use_container_width=False`, use `width='content'`.
2026-09-01 09:02:53.146 Please replace `st.components.v1.html` with `st.iframe`.

`st.components.v1.html` will be removed after 2026-06-01.
2026-09-01 09:02:53.153 Please replace `use_container_width` with `width`.

`use_container_width` will be removed after 2025-12-31.

For `use_container_width=True`, use `width='stretch'`. For `use_container_width=False`, use `width='content'`.
2026-09-01 09:02:53.160 Please replace `use_container_width` with `width`.

`use_container_width` will be removed after 2025-12-31.

For `use_container_width=True`, use `width='stretch'`. For `use_container_width=False`, use `width='content'`.
2026-09-01 09:02:53.174 Please replace `use_container_width` with `width`.

`use_container_width` will be removed after 2025-12-31.

For `use_container_width=True`, use `width='stretch'`. For `use_container_width=False`, use `width='content'`.
2026-09-01 09:02:53.210 Please replace `use_container_width` with `width`.

`use_container_width` will be removed after 2025-12-31.

For `use_container_width=True`, use `width='stretch'`. For `use_container_width=False`, use `width='content'`.
2026-09-01 09:02:53.250 Please replace `use_container_width` with `width`.

`use_container_width` will be removed after 2025-12-31.

For `use_container_width=True`, use `width='stretch'`. For `use_container_width=False`, use `width='content'`.
2026-09-01 09:02:53.264 Please replace `use_container_width` with `width`.

`use_container_width` will be removed after 2025-12-31.

For `use_container_width=True`, use `width='stretch'`. For `use_container_width=False`, use `width='content'`.
2026-09-01 09:02:55.357 Please replace `st.components.v1.html` with `st.iframe`.

`st.components.v1.html` will be removed after 2026-06-01.
2026-09-01 09:02:55.362 Please replace `use_container_width` with `width`.

`use_container_width` will be removed after 2025-12-31.

For `use_container_width=True`, use `width='stretch'`. For `use_container_width=False`, use `width='content'`.
2026-09-01 09:02:55.368 Please replace `use_container_width` with `width`.

`use_container_width` will be removed after 2025-12-31.

For `use_container_width=True`, use `width='stretch'`. For `use_container_width=False`, use `width='content'`.
2026-09-01 09:02:55.377 Please replace `use_container_width` with `width`.

`use_container_width` will be removed after 2025-12-31.

For `use_container_width=True`, use `width='stretch'`. For `use_container_width=False`, use `width='content'`.
2026-09-01 09:02:55.417 Please replace `use_container_width` with `width`.

`use_container_width` will be removed after 2025-12-31.

For `use_container_width=True`, use `width='stretch'`. For `use_container_width=False`, use `width='content'`.
2026-09-01 09:02:55.438 Please replace `use_container_width` with `width`.

`use_container_width` will be removed after 2025-12-31.

For `use_container_width=True`, use `width='stretch'`. For `use_container_width=False`, use `width='content'`.
2026-09-01 09:02:55.450 Please replace `use_container_width` with `width`.

`use_container_width` will be removed after 2025-12-31.

For `use_container_width=True`, use `width='stretch'`. For `use_container_width=False`, use `width='content'`.
2026-09-01 09:02:56.235 Please replace `st.components.v1.html` with `st.iframe`.

`st.components.v1.html` will be removed after 2026-06-01.
2026-09-01 09:02:56.243 Please replace `use_container_width` with `width`.

`use_container_width` will be removed after 2025-12-31.

For `use_container_width=True`, use `width='stretch'`. For `use_container_width=False`, use `width='content'`.
2026-09-01 09:02:56.249 Please replace `use_container_width` with `width`.

`use_container_width` will be removed after 2025-12-31.

For `use_container_width=True`, use `width='stretch'`. For `use_container_width=False`, use `width='content'`.
2026-09-01 09:02:56.260 Please replace `use_container_width` with `width`.

`use_container_width` will be removed after 2025-12-31.

For `use_container_width=True`, use `width='stretch'`. For `use_container_width=False`, use `width='content'`.
2026-09-01 09:02:56.306 Please replace `use_container_width` with `width`.

`use_container_width` will be removed after 2025-12-31.

For `use_container_width=True`, use `width='stretch'`. For `use_container_width=False`, use `width='content'`.
2026-09-01 09:02:56.317 Please replace `use_container_width` with `width`.

`use_container_width` will be removed after 2025-12-31.

For `use_container_width=True`, use `width='stretch'`. For `use_container_width=False`, use `width='content'`.
2026-09-01 09:02:56.324 Please replace `use_container_width` with `width`.

`use_container_width` will be removed after 2025-12-31.

For `use_container_width=True`, use `width='stretch'`. For `use_container_width=False`, use `width='content'`.
2026-09-01 09:02:57.177 Please replace `st.components.v1.html` with `st.iframe`.

`st.components.v1.html` will be removed after 2026-06-01.
2026-09-01 09:02:57.184 Please replace `use_container_width` with `width`.

`use_container_width` will be removed after 2025-12-31.

For `use_container_width=True`, use `width='stretch'`. For `use_container_width=False`, use `width='content'`.
2026-09-01 09:02:57.187 Please replace `use_container_width` with `width`.

`use_container_width` will be removed after 2025-12-31.

For `use_container_width=True`, use `width='stretch'`. For `use_container_width=False`, use `width='content'`.
2026-09-01 09:02:57.196 Please replace `use_container_width` with `width`.

`use_container_width` will be removed after 2025-12-31.

For `use_container_width=True`, use `width='stretch'`. For `use_container_width=False`, use `width='content'`.
2026-09-01 09:02:57.245 Please replace `use_container_width` with `width`.

`use_container_width` will be removed after 2025-12-31.

For `use_container_width=True`, use `width='stretch'`. For `use_container_width=False`, use `width='content'`.
2026-09-01 09:02:57.270 Please replace `use_container_width` with `width`.

`use_container_width` will be removed after 2025-12-31.

For `use_container_width=True`, use `width='stretch'`. For `use_container_width=False`, use `width='content'`.
2026-09-01 09:02:57.285 Please replace `use_container_width` with `width`.

`use_container_width` will be removed after 2025-12-31.

For `use_container_width=True`, use `width='stretch'`. For `use_container_width=False`, use `width='content'`.
2026-09-01 09:02:59.908 Please replace `st.components.v1.html` with `st.iframe`.

`st.components.v1.html` will be removed after 2026-06-01.
2026-09-01 09:02:59.916 Please replace `use_container_width` with `width`.

`use_container_width` will be removed after 2025-12-31.

For `use_container_width=True`, use `width='stretch'`. For `use_container_width=False`, use `width='content'`.
2026-09-01 09:02:59.922 Please replace `use_container_width` with `width`.

`use_container_width` will be removed after 2025-12-31.

For `use_container_width=True`, use `width='stretch'`. For `use_container_width=False`, use `width='content'`.
2026-09-01 09:02:59.935 Please replace `use_container_width` with `width`.

`use_container_width` will be removed after 2025-12-31.

For `use_container_width=True`, use `width='stretch'`. For `use_container_width=False`, use `width='content'`.
2026-09-01 09:02:59.990 Please replace `use_container_width` with `width`.

`use_container_width` will be removed after 2025-12-31.

For `use_container_width=True`, use `width='stretch'`. For `use_container_width=False`, use `width='content'`.
2026-09-01 09:03:00.025 Please replace `use_container_width` with `width`.

`use_container_width` will be removed after 2025-12-31.

For `use_container_width=True`, use `width='stretch'`. For `use_container_width=False`, use `width='content'`.
2026-09-01 09:03:00.038 Please replace `use_container_width` with `width`.

`use_container_width` will be removed after 2025-12-31.

For `use_container_width=True`, use `width='stretch'`. For `use_container_width=False`, use `width='content'`.
2026-09-01 09:03:05.971 Please replace `st.components.v1.html` with `st.iframe`.

`st.components.v1.html` will be removed after 2026-06-01.
2026-09-01 09:03:06.059 Please replace `use_container_width` with `width`.

`use_container_width` will be removed after 2025-12-31.

For `use_container_width=True`, use `width='stretch'`. For `use_container_width=False`, use `width='content'`.
2026-09-01 09:03:06.070 Serialization of dataframe to Arrow table was unsuccessful. Applying automatic fixes for column types to make the dataframe Arrow-compatible.
Traceback (most recent call last):
  File "C:\Users\admin\miniconda3\Lib\site-packages\streamlit\dataframe_util.py", line 818, in convert_pandas_df_to_arrow_bytes
    table = pa.Table.from_pandas(df)
  File "pyarrow/table.pxi", line 4796, in pyarrow.lib.Table.from_pandas
  File "C:\Users\admin\miniconda3\Lib\site-packages\pyarrow\pandas_compat.py", line 651, in dataframe_to_arrays
    arrays = [convert_column(c, f)
              ~~~~~~~~~~~~~~^^^^^^
  File "C:\Users\admin\miniconda3\Lib\site-packages\pyarrow\pandas_compat.py", line 639, in convert_column
    raise e
  File "C:\Users\admin\miniconda3\Lib\site-packages\pyarrow\pandas_compat.py", line 633, in convert_column
    result = pa.array(col, type=type_, from_pandas=True, safe=safe)
  File "pyarrow/array.pxi", line 365, in pyarrow.lib.array
  File "pyarrow/array.pxi", line 91, in pyarrow.lib._ndarray_to_array
  File "pyarrow/error.pxi", line 92, in pyarrow.lib.check_status
pyarrow.lib.ArrowInvalid: ("Could not convert '-' with type str: tried to convert to double", 'Conversion failed for column 期初淨額 with type object')
2026-09-01 09:03:09.078 Please replace `st.components.v1.html` with `st.iframe`.

`st.components.v1.html` will be removed after 2026-06-01.
2026-09-01 09:03:09.233 Please replace `use_container_width` with `width`.

`use_container_width` will be removed after 2025-12-31.

For `use_container_width=True`, use `width='stretch'`. For `use_container_width=False`, use `width='content'`.
2026-09-01 09:03:09.330 Please replace `use_container_width` with `width`.

`use_container_width` will be removed after 2025-12-31.

For `use_container_width=True`, use `width='stretch'`. For `use_container_width=False`, use `width='content'`.
2026-09-01 09:03:09.415 Please replace `use_container_width` with `width`.

`use_container_width` will be removed after 2025-12-31.

For `use_container_width=True`, use `width='stretch'`. For `use_container_width=False`, use `width='content'`.
2026-09-01 09:03:09.841 Please replace `use_container_width` with `width`.

`use_container_width` will be removed after 2025-12-31.

For `use_container_width=True`, use `width='stretch'`. For `use_container_width=False`, use `width='content'`.
2026-09-01 09:03:10.054 Please replace `use_container_width` with `width`.

`use_container_width` will be removed after 2025-12-31.

For `use_container_width=True`, use `width='stretch'`. For `use_container_width=False`, use `width='content'`.
2026-09-01 09:03:10.186 Please replace `use_container_width` with `width`.

`use_container_width` will be removed after 2025-12-31.

For `use_container_width=True`, use `width='stretch'`. For `use_container_width=False`, use `width='content'`.
2026-09-01 09:03:10.188 Serialization of dataframe to Arrow table was unsuccessful. Applying automatic fixes for column types to make the dataframe Arrow-compatible.
Traceback (most recent call last):
  File "C:\Users\admin\miniconda3\Lib\site-packages\streamlit\dataframe_util.py", line 818, in convert_pandas_df_to_arrow_bytes
    table = pa.Table.from_pandas(df)
  File "pyarrow/table.pxi", line 4796, in pyarrow.lib.Table.from_pandas
  File "C:\Users\admin\miniconda3\Lib\site-packages\pyarrow\pandas_compat.py", line 651, in dataframe_to_arrays
    arrays = [convert_column(c, f)
              ~~~~~~~~~~~~~~^^^^^^
  File "C:\Users\admin\miniconda3\Lib\site-packages\pyarrow\pandas_compat.py", line 639, in convert_column
    raise e
  File "C:\Users\admin\miniconda3\Lib\site-packages\pyarrow\pandas_compat.py", line 633, in convert_column
    result = pa.array(col, type=type_, from_pandas=True, safe=safe)
  File "pyarrow/array.pxi", line 365, in pyarrow.lib.array
  File "pyarrow/array.pxi", line 91, in pyarrow.lib._ndarray_to_array
  File "pyarrow/error.pxi", line 92, in pyarrow.lib.check_status
pyarrow.lib.ArrowInvalid: ("Could not convert '—' with type str: tried to convert to double", 'Conversion failed for column 【左】路寬(m) with type object')
2026-09-01 09:03:10.208 Please replace `use_container_width` with `width`.

`use_container_width` will be removed after 2025-12-31.

For `use_container_width=True`, use `width='stretch'`. For `use_container_width=False`, use `width='content'`.
2026-09-01 09:03:10.218 Please replace `use_container_width` with `width`.

`use_container_width` will be removed after 2025-12-31.

For `use_container_width=True`, use `width='stretch'`. For `use_container_width=False`, use `width='content'`.
2026-09-01 09:03:10.245 Please replace `use_container_width` with `width`.

`use_container_width` will be removed after 2025-12-31.

For `use_container_width=True`, use `width='stretch'`. For `use_container_width=False`, use `width='content'`.
2026-09-01 09:03:10.252 Please replace `use_container_width` with `width`.

`use_container_width` will be removed after 2025-12-31.

For `use_container_width=True`, use `width='stretch'`. For `use_container_width=False`, use `width='content'`.
2026-09-01 09:03:10.326 Please replace `use_container_width` with `width`.

`use_container_width` will be removed after 2025-12-31.

For `use_container_width=True`, use `width='stretch'`. For `use_container_width=False`, use `width='content'`.
2026-09-01 09:03:10.333 Please replace `use_container_width` with `width`.

`use_container_width` will be removed after 2025-12-31.

For `use_container_width=True`, use `width='stretch'`. For `use_container_width=False`, use `width='content'`.
2026-09-01 09:06:56.518 Please replace `st.components.v1.html` with `st.iframe`.

`st.components.v1.html` will be removed after 2026-06-01.
2026-09-01 09:06:56.648 Please replace `use_container_width` with `width`.

`use_container_width` will be removed after 2025-12-31.

For `use_container_width=True`, use `width='stretch'`. For `use_container_width=False`, use `width='content'`.
2026-09-01 09:06:56.730 Please replace `use_container_width` with `width`.

`use_container_width` will be removed after 2025-12-31.

For `use_container_width=True`, use `width='stretch'`. For `use_container_width=False`, use `width='content'`.
2026-09-01 09:06:56.840 Please replace `use_container_width` with `width`.

`use_container_width` will be removed after 2025-12-31.

For `use_container_width=True`, use `width='stretch'`. For `use_container_width=False`, use `width='content'`.
2026-09-01 09:06:57.257 Please replace `use_container_width` with `width`.

`use_container_width` will be removed after 2025-12-31.

For `use_container_width=True`, use `width='stretch'`. For `use_container_width=False`, use `width='content'`.
2026-09-01 09:06:57.536 Please replace `st.components.v1.html` with `st.iframe`.

`st.components.v1.html` will be removed after 2026-06-01.
2026-09-01 09:06:57.669 Please replace `use_container_width` with `width`.

`use_container_width` will be removed after 2025-12-31.

For `use_container_width=True`, use `width='stretch'`. For `use_container_width=False`, use `width='content'`.
2026-09-01 09:06:57.761 Please replace `use_container_width` with `width`.

`use_container_width` will be removed after 2025-12-31.

For `use_container_width=True`, use `width='stretch'`. For `use_container_width=False`, use `width='content'`.
2026-09-01 09:06:57.839 Please replace `use_container_width` with `width`.

`use_container_width` will be removed after 2025-12-31.

For `use_container_width=True`, use `width='stretch'`. For `use_container_width=False`, use `width='content'`.
2026-09-01 09:06:58.284 Please replace `use_container_width` with `width`.

`use_container_width` will be removed after 2025-12-31.

For `use_container_width=True`, use `width='stretch'`. For `use_container_width=False`, use `width='content'`.
2026-09-01 09:06:58.516 Please replace `use_container_width` with `width`.

`use_container_width` will be removed after 2025-12-31.

For `use_container_width=True`, use `width='stretch'`. For `use_container_width=False`, use `width='content'`.
2026-09-01 09:06:58.605 Please replace `use_container_width` with `width`.

`use_container_width` will be removed after 2025-12-31.

For `use_container_width=True`, use `width='stretch'`. For `use_container_width=False`, use `width='content'`.
2026-09-01 09:06:58.606 Serialization of dataframe to Arrow table was unsuccessful. Applying automatic fixes for column types to make the dataframe Arrow-compatible.
Traceback (most recent call last):
  File "C:\Users\admin\miniconda3\Lib\site-packages\streamlit\dataframe_util.py", line 818, in convert_pandas_df_to_arrow_bytes
    table = pa.Table.from_pandas(df)
  File "pyarrow/table.pxi", line 4796, in pyarrow.lib.Table.from_pandas
  File "C:\Users\admin\miniconda3\Lib\site-packages\pyarrow\pandas_compat.py", line 651, in dataframe_to_arrays
    arrays = [convert_column(c, f)
              ~~~~~~~~~~~~~~^^^^^^
  File "C:\Users\admin\miniconda3\Lib\site-packages\pyarrow\pandas_compat.py", line 639, in convert_column
    raise e
  File "C:\Users\admin\miniconda3\Lib\site-packages\pyarrow\pandas_compat.py", line 633, in convert_column
    result = pa.array(col, type=type_, from_pandas=True, safe=safe)
  File "pyarrow/array.pxi", line 365, in pyarrow.lib.array
  File "pyarrow/array.pxi", line 91, in pyarrow.lib._ndarray_to_array
  File "pyarrow/error.pxi", line 92, in pyarrow.lib.check_status
pyarrow.lib.ArrowInvalid: ("Could not convert '—' with type str: tried to convert to double", 'Conversion failed for column 【左】路寬(m) with type object')
2026-09-01 09:06:58.617 Please replace `use_container_width` with `width`.

`use_container_width` will be removed after 2025-12-31.

For `use_container_width=True`, use `width='stretch'`. For `use_container_width=False`, use `width='content'`.
2026-09-01 09:06:58.625 Please replace `use_container_width` with `width`.

`use_container_width` will be removed after 2025-12-31.

For `use_container_width=True`, use `width='stretch'`. For `use_container_width=False`, use `width='content'`.
2026-09-01 09:06:58.648 Please replace `use_container_width` with `width`.

`use_container_width` will be removed after 2025-12-31.

For `use_container_width=True`, use `width='stretch'`. For `use_container_width=False`, use `width='content'`.
2026-09-01 09:06:58.659 Please replace `use_container_width` with `width`.

`use_container_width` will be removed after 2025-12-31.

For `use_container_width=True`, use `width='stretch'`. For `use_container_width=False`, use `width='content'`.
2026-09-01 09:06:58.723 Please replace `use_container_width` with `width`.

`use_container_width` will be removed after 2025-12-31.

For `use_container_width=True`, use `width='stretch'`. For `use_container_width=False`, use `width='content'`.
2026-09-01 09:06:58.730 Please replace `use_container_width` with `width`.

`use_container_width` will be removed after 2025-12-31.

For `use_container_width=True`, use `width='stretch'`. For `use_container_width=False`, use `width='content'`.
2026-09-01 09:06:59.696 Please replace `st.components.v1.html` with `st.iframe`.

`st.components.v1.html` will be removed after 2026-06-01.
2026-09-01 09:06:59.832 Please replace `use_container_width` with `width`.

`use_container_width` will be removed after 2025-12-31.

For `use_container_width=True`, use `width='stretch'`. For `use_container_width=False`, use `width='content'`.
2026-09-01 09:06:59.914 Please replace `use_container_width` with `width`.

`use_container_width` will be removed after 2025-12-31.

For `use_container_width=True`, use `width='stretch'`. For `use_container_width=False`, use `width='content'`.
2026-09-01 09:07:00.035 Please replace `use_container_width` with `width`.

`use_container_width` will be removed after 2025-12-31.

For `use_container_width=True`, use `width='stretch'`. For `use_container_width=False`, use `width='content'`.
2026-09-01 09:07:00.449 Please replace `use_container_width` with `width`.

`use_container_width` will be removed after 2025-12-31.

For `use_container_width=True`, use `width='stretch'`. For `use_container_width=False`, use `width='content'`.
2026-09-01 09:07:00.755 Please replace `st.components.v1.html` with `st.iframe`.

`st.components.v1.html` will be removed after 2026-06-01.
2026-09-01 09:07:00.895 Please replace `use_container_width` with `width`.

`use_container_width` will be removed after 2025-12-31.

For `use_container_width=True`, use `width='stretch'`. For `use_container_width=False`, use `width='content'`.
2026-09-01 09:07:00.970 Please replace `use_container_width` with `width`.

`use_container_width` will be removed after 2025-12-31.

For `use_container_width=True`, use `width='stretch'`. For `use_container_width=False`, use `width='content'`.
2026-09-01 09:07:01.042 Please replace `use_container_width` with `width`.

`use_container_width` will be removed after 2025-12-31.

For `use_container_width=True`, use `width='stretch'`. For `use_container_width=False`, use `width='content'`.
2026-09-01 09:07:01.448 Please replace `use_container_width` with `width`.

`use_container_width` will be removed after 2025-12-31.

For `use_container_width=True`, use `width='stretch'`. For `use_container_width=False`, use `width='content'`.
2026-09-01 09:07:01.624 Please replace `use_container_width` with `width`.

`use_container_width` will be removed after 2025-12-31.

For `use_container_width=True`, use `width='stretch'`. For `use_container_width=False`, use `width='content'`.
2026-09-01 09:07:01.705 Please replace `use_container_width` with `width`.

`use_container_width` will be removed after 2025-12-31.

For `use_container_width=True`, use `width='stretch'`. For `use_container_width=False`, use `width='content'`.
2026-09-01 09:07:01.707 Serialization of dataframe to Arrow table was unsuccessful. Applying automatic fixes for column types to make the dataframe Arrow-compatible.
Traceback (most recent call last):
  File "C:\Users\admin\miniconda3\Lib\site-packages\streamlit\dataframe_util.py", line 818, in convert_pandas_df_to_arrow_bytes
    table = pa.Table.from_pandas(df)
  File "pyarrow/table.pxi", line 4796, in pyarrow.lib.Table.from_pandas
  File "C:\Users\admin\miniconda3\Lib\site-packages\pyarrow\pandas_compat.py", line 651, in dataframe_to_arrays
    arrays = [convert_column(c, f)
              ~~~~~~~~~~~~~~^^^^^^
  File "C:\Users\admin\miniconda3\Lib\site-packages\pyarrow\pandas_compat.py", line 639, in convert_column
    raise e
  File "C:\Users\admin\miniconda3\Lib\site-packages\pyarrow\pandas_compat.py", line 633, in convert_column
    result = pa.array(col, type=type_, from_pandas=True, safe=safe)
  File "pyarrow/array.pxi", line 365, in pyarrow.lib.array
  File "pyarrow/array.pxi", line 91, in pyarrow.lib._ndarray_to_array
  File "pyarrow/error.pxi", line 92, in pyarrow.lib.check_status
pyarrow.lib.ArrowInvalid: ("Could not convert '—' with type str: tried to convert to double", 'Conversion failed for column 【左】路寬(m) with type object')
2026-09-01 09:07:01.721 Please replace `use_container_width` with `width`.

`use_container_width` will be removed after 2025-12-31.

For `use_container_width=True`, use `width='stretch'`. For `use_container_width=False`, use `width='content'`.
2026-09-01 09:07:01.731 Please replace `use_container_width` with `width`.

`use_container_width` will be removed after 2025-12-31.

For `use_container_width=True`, use `width='stretch'`. For `use_container_width=False`, use `width='content'`.
2026-09-01 09:07:01.766 Please replace `use_container_width` with `width`.

`use_container_width` will be removed after 2025-12-31.

For `use_container_width=True`, use `width='stretch'`. For `use_container_width=False`, use `width='content'`.
2026-09-01 09:07:01.767 Please replace `use_container_width` with `width`.

`use_container_width` will be removed after 2025-12-31.

For `use_container_width=True`, use `width='stretch'`. For `use_container_width=False`, use `width='content'`.
2026-09-01 09:07:01.823 Please replace `use_container_width` with `width`.

`use_container_width` will be removed after 2025-12-31.

For `use_container_width=True`, use `width='stretch'`. For `use_container_width=False`, use `width='content'`.
2026-09-01 09:07:01.830 Please replace `use_container_width` with `width`.

`use_container_width` will be removed after 2025-12-31.

For `use_container_width=True`, use `width='stretch'`. For `use_container_width=False`, use `width='content'`.
2026-09-01 09:07:03.417 Please replace `st.components.v1.html` with `st.iframe`.

`st.components.v1.html` will be removed after 2026-06-01.
2026-09-01 09:07:03.567 Please replace `use_container_width` with `width`.

`use_container_width` will be removed after 2025-12-31.

For `use_container_width=True`, use `width='stretch'`. For `use_container_width=False`, use `width='content'`.
2026-09-01 09:07:03.603 Please replace `use_container_width` with `width`.

`use_container_width` will be removed after 2025-12-31.

For `use_container_width=True`, use `width='stretch'`. For `use_container_width=False`, use `width='content'`.
2026-09-01 09:07:03.708 Please replace `use_container_width` with `width`.

`use_container_width` will be removed after 2025-12-31.

For `use_container_width=True`, use `width='stretch'`. For `use_container_width=False`, use `width='content'`.
2026-09-01 09:07:04.112 Please replace `use_container_width` with `width`.

`use_container_width` will be removed after 2025-12-31.

For `use_container_width=True`, use `width='stretch'`. For `use_container_width=False`, use `width='content'`.
2026-09-01 09:07:04.420 Please replace `st.components.v1.html` with `st.iframe`.

`st.components.v1.html` will be removed after 2026-06-01.
2026-09-01 09:07:04.554 Please replace `use_container_width` with `width`.

`use_container_width` will be removed after 2025-12-31.

For `use_container_width=True`, use `width='stretch'`. For `use_container_width=False`, use `width='content'`.
2026-09-01 09:07:04.652 Please replace `use_container_width` with `width`.

`use_container_width` will be removed after 2025-12-31.

For `use_container_width=True`, use `width='stretch'`. For `use_container_width=False`, use `width='content'`.
2026-09-01 09:07:04.727 Please replace `use_container_width` with `width`.

`use_container_width` will be removed after 2025-12-31.

For `use_container_width=True`, use `width='stretch'`. For `use_container_width=False`, use `width='content'`.
2026-09-01 09:07:05.170 Please replace `use_container_width` with `width`.

`use_container_width` will be removed after 2025-12-31.

For `use_container_width=True`, use `width='stretch'`. For `use_container_width=False`, use `width='content'`.
2026-09-01 09:07:05.379 Please replace `use_container_width` with `width`.

`use_container_width` will be removed after 2025-12-31.

For `use_container_width=True`, use `width='stretch'`. For `use_container_width=False`, use `width='content'`.
2026-09-01 09:07:05.490 Please replace `use_container_width` with `width`.

`use_container_width` will be removed after 2025-12-31.

For `use_container_width=True`, use `width='stretch'`. For `use_container_width=False`, use `width='content'`.
2026-09-01 09:07:05.491 Serialization of dataframe to Arrow table was unsuccessful. Applying automatic fixes for column types to make the dataframe Arrow-compatible.
Traceback (most recent call last):
  File "C:\Users\admin\miniconda3\Lib\site-packages\streamlit\dataframe_util.py", line 818, in convert_pandas_df_to_arrow_bytes
    table = pa.Table.from_pandas(df)
  File "pyarrow/table.pxi", line 4796, in pyarrow.lib.Table.from_pandas
  File "C:\Users\admin\miniconda3\Lib\site-packages\pyarrow\pandas_compat.py", line 651, in dataframe_to_arrays
    arrays = [convert_column(c, f)
              ~~~~~~~~~~~~~~^^^^^^
  File "C:\Users\admin\miniconda3\Lib\site-packages\pyarrow\pandas_compat.py", line 639, in convert_column
    raise e
  File "C:\Users\admin\miniconda3\Lib\site-packages\pyarrow\pandas_compat.py", line 633, in convert_column
    result = pa.array(col, type=type_, from_pandas=True, safe=safe)
  File "pyarrow/array.pxi", line 365, in pyarrow.lib.array
  File "pyarrow/array.pxi", line 91, in pyarrow.lib._ndarray_to_array
  File "pyarrow/error.pxi", line 92, in pyarrow.lib.check_status
pyarrow.lib.ArrowInvalid: ("Could not convert '—' with type str: tried to convert to double", 'Conversion failed for column 【左】路寬(m) with type object')
2026-09-01 09:07:05.503 Please replace `use_container_width` with `width`.

`use_container_width` will be removed after 2025-12-31.

For `use_container_width=True`, use `width='stretch'`. For `use_container_width=False`, use `width='content'`.
2026-09-01 09:07:05.509 Please replace `use_container_width` with `width`.

`use_container_width` will be removed after 2025-12-31.

For `use_container_width=True`, use `width='stretch'`. For `use_container_width=False`, use `width='content'`.
2026-09-01 09:07:05.537 Please replace `use_container_width` with `width`.

`use_container_width` will be removed after 2025-12-31.

For `use_container_width=True`, use `width='stretch'`. For `use_container_width=False`, use `width='content'`.
2026-09-01 09:07:05.542 Please replace `use_container_width` with `width`.

`use_container_width` will be removed after 2025-12-31.

For `use_container_width=True`, use `width='stretch'`. For `use_container_width=False`, use `width='content'`.
2026-09-01 09:07:05.609 Please replace `use_container_width` with `width`.

`use_container_width` will be removed after 2025-12-31.

For `use_container_width=True`, use `width='stretch'`. For `use_container_width=False`, use `width='content'`.
2026-09-01 09:07:05.616 Please replace `use_container_width` with `width`.

`use_container_width` will be removed after 2025-12-31.

For `use_container_width=True`, use `width='stretch'`. For `use_container_width=False`, use `width='content'`.
2026-09-01 09:07:11.446 Please replace `st.components.v1.html` with `st.iframe`.

`st.components.v1.html` will be removed after 2026-06-01.
2026-09-01 09:07:11.560 Please replace `use_container_width` with `width`.

`use_container_width` will be removed after 2025-12-31.

For `use_container_width=True`, use `width='stretch'`. For `use_container_width=False`, use `width='content'`.
2026-09-01 09:07:11.669 Please replace `use_container_width` with `width`.

`use_container_width` will be removed after 2025-12-31.

For `use_container_width=True`, use `width='stretch'`. For `use_container_width=False`, use `width='content'`.
2026-09-01 09:07:11.779 Please replace `use_container_width` with `width`.

`use_container_width` will be removed after 2025-12-31.

For `use_container_width=True`, use `width='stretch'`. For `use_container_width=False`, use `width='content'`.
2026-09-01 09:07:12.159 Please replace `use_container_width` with `width`.

`use_container_width` will be removed after 2025-12-31.

For `use_container_width=True`, use `width='stretch'`. For `use_container_width=False`, use `width='content'`.
2026-09-01 09:07:12.355 Please replace `use_container_width` with `width`.

`use_container_width` will be removed after 2025-12-31.

For `use_container_width=True`, use `width='stretch'`. For `use_container_width=False`, use `width='content'`.
2026-09-01 09:07:12.441 Please replace `use_container_width` with `width`.

`use_container_width` will be removed after 2025-12-31.

For `use_container_width=True`, use `width='stretch'`. For `use_container_width=False`, use `width='content'`.
2026-09-01 09:07:12.442 Serialization of dataframe to Arrow table was unsuccessful. Applying automatic fixes for column types to make the dataframe Arrow-compatible.
Traceback (most recent call last):
  File "C:\Users\admin\miniconda3\Lib\site-packages\streamlit\dataframe_util.py", line 818, in convert_pandas_df_to_arrow_bytes
    table = pa.Table.from_pandas(df)
  File "pyarrow/table.pxi", line 4796, in pyarrow.lib.Table.from_pandas
  File "C:\Users\admin\miniconda3\Lib\site-packages\pyarrow\pandas_compat.py", line 651, in dataframe_to_arrays
    arrays = [convert_column(c, f)
              ~~~~~~~~~~~~~~^^^^^^
  File "C:\Users\admin\miniconda3\Lib\site-packages\pyarrow\pandas_compat.py", line 639, in convert_column
    raise e
  File "C:\Users\admin\miniconda3\Lib\site-packages\pyarrow\pandas_compat.py", line 633, in convert_column
    result = pa.array(col, type=type_, from_pandas=True, safe=safe)
  File "pyarrow/array.pxi", line 365, in pyarrow.lib.array
  File "pyarrow/array.pxi", line 91, in pyarrow.lib._ndarray_to_array
  File "pyarrow/error.pxi", line 92, in pyarrow.lib.check_status
pyarrow.lib.ArrowInvalid: ("Could not convert '—' with type str: tried to convert to double", 'Conversion failed for column 【左】路寬(m) with type object')
2026-09-01 09:07:12.454 Please replace `use_container_width` with `width`.

`use_container_width` will be removed after 2025-12-31.

For `use_container_width=True`, use `width='stretch'`. For `use_container_width=False`, use `width='content'`.
2026-09-01 09:07:12.910 Please replace `use_container_width` with `width`.

`use_container_width` will be removed after 2025-12-31.

For `use_container_width=True`, use `width='stretch'`. For `use_container_width=False`, use `width='content'`.
2026-09-01 09:07:12.911 Serialization of dataframe to Arrow table was unsuccessful. Applying automatic fixes for column types to make the dataframe Arrow-compatible.
Traceback (most recent call last):
  File "C:\Users\admin\miniconda3\Lib\site-packages\streamlit\dataframe_util.py", line 818, in convert_pandas_df_to_arrow_bytes
    table = pa.Table.from_pandas(df)
  File "pyarrow/table.pxi", line 4796, in pyarrow.lib.Table.from_pandas
  File "C:\Users\admin\miniconda3\Lib\site-packages\pyarrow\pandas_compat.py", line 651, in dataframe_to_arrays
    arrays = [convert_column(c, f)
              ~~~~~~~~~~~~~~^^^^^^
  File "C:\Users\admin\miniconda3\Lib\site-packages\pyarrow\pandas_compat.py", line 639, in convert_column
    raise e
  File "C:\Users\admin\miniconda3\Lib\site-packages\pyarrow\pandas_compat.py", line 633, in convert_column
    result = pa.array(col, type=type_, from_pandas=True, safe=safe)
  File "pyarrow/array.pxi", line 365, in pyarrow.lib.array
  File "pyarrow/array.pxi", line 91, in pyarrow.lib._ndarray_to_array
  File "pyarrow/error.pxi", line 92, in pyarrow.lib.check_status
pyarrow.lib.ArrowInvalid: ("Could not convert '—' with type str: tried to convert to int64", 'Conversion failed for column 【左】達資格候選 with type object')
2026-09-01 09:07:12.927 Please replace `use_container_width` with `width`.

`use_container_width` will be removed after 2025-12-31.

For `use_container_width=True`, use `width='stretch'`. For `use_container_width=False`, use `width='content'`.
2026-09-01 09:07:12.929 Serialization of dataframe to Arrow table was unsuccessful. Applying automatic fixes for column types to make the dataframe Arrow-compatible.
Traceback (most recent call last):
  File "C:\Users\admin\miniconda3\Lib\site-packages\streamlit\dataframe_util.py", line 818, in convert_pandas_df_to_arrow_bytes
    table = pa.Table.from_pandas(df)
  File "pyarrow/table.pxi", line 4796, in pyarrow.lib.Table.from_pandas
  File "C:\Users\admin\miniconda3\Lib\site-packages\pyarrow\pandas_compat.py", line 651, in dataframe_to_arrays
    arrays = [convert_column(c, f)
              ~~~~~~~~~~~~~~^^^^^^
  File "C:\Users\admin\miniconda3\Lib\site-packages\pyarrow\pandas_compat.py", line 639, in convert_column
    raise e
  File "C:\Users\admin\miniconda3\Lib\site-packages\pyarrow\pandas_compat.py", line 633, in convert_column
    result = pa.array(col, type=type_, from_pandas=True, safe=safe)
  File "pyarrow/array.pxi", line 365, in pyarrow.lib.array
  File "pyarrow/array.pxi", line 91, in pyarrow.lib._ndarray_to_array
  File "pyarrow/error.pxi", line 92, in pyarrow.lib.check_status
pyarrow.lib.ArrowInvalid: ("Could not convert '—' with type str: tried to convert to double", 'Conversion failed for column 正街角分(0.4) with type object')
2026-09-01 09:07:12.947 Please replace `use_container_width` with `width`.

`use_container_width` will be removed after 2025-12-31.

For `use_container_width=True`, use `width='stretch'`. For `use_container_width=False`, use `width='content'`.
2026-09-01 09:07:12.952 Please replace `use_container_width` with `width`.

`use_container_width` will be removed after 2025-12-31.

For `use_container_width=True`, use `width='stretch'`. For `use_container_width=False`, use `width='content'`.
2026-09-01 09:07:12.956 Please replace `use_container_width` with `width`.

`use_container_width` will be removed after 2025-12-31.

For `use_container_width=True`, use `width='stretch'`. For `use_container_width=False`, use `width='content'`.
2026-09-01 09:07:12.980 Please replace `use_container_width` with `width`.

`use_container_width` will be removed after 2025-12-31.

For `use_container_width=True`, use `width='stretch'`. For `use_container_width=False`, use `width='content'`.
2026-09-01 09:07:12.985 Please replace `use_container_width` with `width`.

`use_container_width` will be removed after 2025-12-31.

For `use_container_width=True`, use `width='stretch'`. For `use_container_width=False`, use `width='content'`.
2026-09-01 09:07:13.051 Please replace `use_container_width` with `width`.

`use_container_width` will be removed after 2025-12-31.

For `use_container_width=True`, use `width='stretch'`. For `use_container_width=False`, use `width='content'`.
2026-09-01 09:07:13.057 Please replace `use_container_width` with `width`.

`use_container_width` will be removed after 2025-12-31.

For `use_container_width=True`, use `width='stretch'`. For `use_container_width=False`, use `width='content'`.
2026-09-01 09:08:58.204 Please replace `st.components.v1.html` with `st.iframe`.

`st.components.v1.html` will be removed after 2026-06-01.
2026-09-01 09:08:58.381 Please replace `use_container_width` with `width`.

`use_container_width` will be removed after 2025-12-31.

For `use_container_width=True`, use `width='stretch'`. For `use_container_width=False`, use `width='content'`.
2026-09-01 09:08:58.504 Please replace `use_container_width` with `width`.

`use_container_width` will be removed after 2025-12-31.

For `use_container_width=True`, use `width='stretch'`. For `use_container_width=False`, use `width='content'`.
2026-09-01 09:08:58.558 Please replace `use_container_width` with `width`.

`use_container_width` will be removed after 2025-12-31.

For `use_container_width=True`, use `width='stretch'`. For `use_container_width=False`, use `width='content'`.
2026-09-01 09:08:59.005 Please replace `use_container_width` with `width`.

`use_container_width` will be removed after 2025-12-31.

For `use_container_width=True`, use `width='stretch'`. For `use_container_width=False`, use `width='content'`.
2026-09-01 09:08:59.192 Please replace `use_container_width` with `width`.

`use_container_width` will be removed after 2025-12-31.

For `use_container_width=True`, use `width='stretch'`. For `use_container_width=False`, use `width='content'`.
2026-09-01 09:08:59.300 Please replace `use_container_width` with `width`.

`use_container_width` will be removed after 2025-12-31.

For `use_container_width=True`, use `width='stretch'`. For `use_container_width=False`, use `width='content'`.
2026-09-01 09:08:59.301 Serialization of dataframe to Arrow table was unsuccessful. Applying automatic fixes for column types to make the dataframe Arrow-compatible.
Traceback (most recent call last):
  File "C:\Users\admin\miniconda3\Lib\site-packages\streamlit\dataframe_util.py", line 818, in convert_pandas_df_to_arrow_bytes
    table = pa.Table.from_pandas(df)
  File "pyarrow/table.pxi", line 4796, in pyarrow.lib.Table.from_pandas
  File "C:\Users\admin\miniconda3\Lib\site-packages\pyarrow\pandas_compat.py", line 651, in dataframe_to_arrays
    arrays = [convert_column(c, f)
              ~~~~~~~~~~~~~~^^^^^^
  File "C:\Users\admin\miniconda3\Lib\site-packages\pyarrow\pandas_compat.py", line 639, in convert_column
    raise e
  File "C:\Users\admin\miniconda3\Lib\site-packages\pyarrow\pandas_compat.py", line 633, in convert_column
    result = pa.array(col, type=type_, from_pandas=True, safe=safe)
  File "pyarrow/array.pxi", line 365, in pyarrow.lib.array
  File "pyarrow/array.pxi", line 91, in pyarrow.lib._ndarray_to_array
  File "pyarrow/error.pxi", line 92, in pyarrow.lib.check_status
pyarrow.lib.ArrowInvalid: ("Could not convert '—' with type str: tried to convert to double", 'Conversion failed for column 【左】路寬(m) with type object')
2026-09-01 09:08:59.317 Please replace `use_container_width` with `width`.

`use_container_width` will be removed after 2025-12-31.

For `use_container_width=True`, use `width='stretch'`. For `use_container_width=False`, use `width='content'`.
2026-09-01 09:08:59.329 Please replace `use_container_width` with `width`.

`use_container_width` will be removed after 2025-12-31.

For `use_container_width=True`, use `width='stretch'`. For `use_container_width=False`, use `width='content'`.
🔎 [W-G.9-4·診斷·⛔ 未進生產] 街廓 R1：左 舊=0.0 新=0.1618772119011016 W_0=0.1618772119011016／右 舊=0.0 新=0.20056928969109045 W_0=0.20056928969109045
🔎 [W-G.9-4·診斷·⛔ 未進生產] 街廓 R1：左 舊=0.0 新=0.1618772119011016 W_0=0.1618772119011016／右 舊=0.0 新=0.20056928969109045 W_0=0.20056928969109045
🟢 [配餘] 街廓 R1：幾何餘 5.3835㎡ 入抵費地（`K-9-5-7` 配餘·s∈[-0.3248,17.5649]）——原為「非宗亦非池帶」之無主空間
🟢 [配餘] 街廓 R1：幾何餘 0.0046㎡ 入抵費地（`K-9-5-7` 配餘·s∈[-0.3248,-0.0358]）——原為「非宗亦非池帶」之無主空間
[T2-DIAG] 街廓 R1｜宗數 5｜池帶 3 片｜池帶 s 寬 [35.2871  17.8897  0.2890]｜池帶面積 [1169.7082  5.3835  0.0046]｜Σ池 1175.0963｜覆蓋殘差 0.0000｜Σ 殘差 -0.0000｜宗-宗疊 0.0000（上界 0.6630）｜內部縫 0 帶／0.0000㎡｜退化帶 0 個｜s 域 [-0.3248,87.7155]
🔎 [W-G.9-4·診斷·⛔ 未進生產] 街廓 R2：左 舊=0.0 新=6.98048044737404 W_0=-1.693923622653152／右 舊=0.0 新=0.0 W_0=0.0
🔎 [W-G.9-4·診斷·⛔ 未進生產] 街廓 R2：左 舊=0.0 新=6.98048044737404 W_0=-1.693923622653152／右 舊=0.0 新=0.0 W_0=0.0
[T2-DIAG] 街廓 R2｜宗數 14｜池帶 2 片｜池帶 s 寬 [8.4283  33.0811]｜池帶面積 [308.1700  1471.2568]｜Σ池 1779.4268｜覆蓋殘差 0.0000｜Σ 殘差 -0.0000｜宗-宗疊 0.0000（上界 2.8906）｜內部縫 0 帶／0.0000㎡｜退化帶 2 個（s 寬 1.69e-10, 4.23e-11）｜s 域 [0.2677,100.0274]
🔎 [W-G.9-4·診斷·⛔ 未進生產] 街廓 R4：左 舊=0.0 新=-0.7875240380983994 W_0=-0.7875240380983994／右 舊=0.0 新=0.6507410983142652 W_0=0.6507410983142652
🔎 [W-G.9-4·診斷·⛔ 未進生產] 街廓 R4：左 舊=0.0 新=-0.7875240380983994 W_0=-0.7875240380983994／右 舊=0.0 新=0.6507410983142652 W_0=0.6507410983142652
🟢 [配餘] 街廓 R4：幾何餘 26.0938㎡ 入抵費地（`K-9-5-7` 配餘·s∈[3.7114,47.7107]）——原為「非宗亦非池帶」之無主空間
🟢 [配餘] 街廓 R4：幾何餘 27.4425㎡ 入抵費地（`K-9-5-7` 配餘·s∈[83.0368,84.6948]）——原為「非宗亦非池帶」之無主空間
🟢 [配餘] 街廓 R4：幾何餘 4.9632㎡ 入抵費地（`K-9-5-7` 配餘·s∈[49.5299,98.5477]）——原為「非宗亦非池帶」之無主空間
[T2-DIAG] 街廓 R4｜宗數 2｜池帶 5 片｜池帶 s 寬 [35.3260  0.1686  43.9993  1.6580  49.0178]｜池帶面積 [1169.5585  0.2988  26.0938  27.4425  4.9632]｜Σ池 1228.3568｜覆蓋殘差 0.0000｜Σ 殘差 +0.0000｜宗-宗疊 0.0000（上界 0.1656）｜內部縫 0 帶／0.0000㎡｜退化帶 0 個｜s 域 [0.1759,98.7163]
🔎 [W-G.9-4·診斷·⛔ 未進生產] 街廓 R6：左 舊=0.0 新=0.0 W_0=0.0／右 舊=0.0 新=1.0285086275985122e-06 W_0=1.0285086275985122e-06
🔎 [W-G.9-4·診斷·⛔ 未進生產] 街廓 R6：左 舊=0.0 新=0.0 W_0=0.0／右 舊=0.0 新=1.0285086275985122e-06 W_0=1.0285086275985122e-06
[T2-DIAG] 街廓 R6｜宗數 8｜池帶 2 片｜池帶 s 寬 [3.6068  34.0520]｜池帶面積 [85.7064  1543.0063]｜Σ池 1628.7127｜覆蓋殘差 0.0000｜Σ 殘差 -0.0000｜宗-宗疊 0.0000（上界 1.5929）｜內部縫 0 帶／0.0000㎡｜退化帶 0 個｜s 域 [-3.6068,85.8549]
🔎 [W-G.9-4·診斷·⛔ 未進生產] 街廓 R5：左 舊=0.0 新=-1.640251584647073 W_0=-1.640251584647073／右 舊=0.0 新=0.0 W_0=0.0
🔎 [W-G.9-4·診斷·⛔ 未進生產] 街廓 R5：左 舊=0.0 新=-1.640251584647073 W_0=-1.640251584647073／右 舊=0.0 新=0.0 W_0=0.0
🔎 [W-G.9-4·診斷·⛔ 未進生產] 街廓 R3：左 舊=0.0 新=0.0 W_0=0.0／右 舊=0.0 新=1.6918015834368276 W_0=1.6918015834368276
🔎 [W-G.9-4·診斷·⛔ 未進生產] 街廓 R3：左 舊=0.0 新=0.0 W_0=0.0／右 舊=0.0 新=1.6918015834368276 W_0=1.6918015834368276
[T2-DIAG] 街廓 R3｜宗數 10｜池帶 1 片｜池帶 s 寬 [40.5337]｜池帶面積 [1795.1328]｜Σ池 1795.1328｜覆蓋殘差 0.0001｜Σ 殘差 -0.0001｜宗-宗疊 0.0000（上界 1.9953）｜內部縫 0 帶／0.0000㎡｜退化帶 2 個（s 寬 5.57e-06, 1.70e-10）｜s 域 [-0.0000,96.8032]
────────────────────────── Traceback (most recent call last) ───────────────────────────
  C:\Users\admin\miniconda3\Lib\site-packages\streamlit\runtime\scriptrunner\exec_code  
  .py:129 in exec_func_with_error_handling                                              
                                                                                        
  C:\Users\admin\miniconda3\Lib\site-packages\streamlit\runtime\scriptrunner\script_ru  
  nner.py:689 in code_to_exec                                                           
                                                                                        
  C:\Users\admin\Desktop\land-readjustment-trial\app.py:23463 in <module>               
                                                                                        
    23460 │   │   │   │   │   │      "雙路同源終驗（app live vs wf/f4 baseline 逐格）   
    23461                                                                               
    23462 if __name__ == "__main__":                                                    
  > 23463 │   main()                                                                    
    23464                                                                               
                                                                                        
  C:\Users\admin\Desktop\land-readjustment-trial\app.py:21769 in main                   
                                                                                        
    21766 │   │   │   │   │   │   _k94_bl_by)                                           
    21767 │   │   │   │   │   st.session_state['f3_k94_baseline_touch'] = _k94_touch    
    21768 │   │   │   │   │   # ⛔ 停機閘：違反即 raise（未配到／跨過各自具名）。**不   
  > 21769 │   │   │   │   │   k94_assert_baseline_touch(_k94_touch)                     
    21770 │   │   │   │   │                                                             
    21771 │   │   │   │   │   st.session_state['f3_G_values'] = g_rows                  
    21772 │   │   │   │   │   st.session_state['f3_G_trace'] = detail_trace             
                                                                                        
  C:\Users\admin\Desktop\land-readjustment-trial\app.py:6398 in                         
  k94_assert_baseline_touch                                                             
                                                                                        
     6395 │   │   │   f"其上分配之土地**無法成為合法建築基地** ⇒ "                      
     6396 │   │   │   f"請檢討本街廓之分配、或檢查該街廓所指定之屁股線位置是否正確。"   
     6397 │   │   │   f"（容差 {_EPS_TOUCH_FRONT}m）")                                  
  >  6398 │   raise RuntimeError("🔴 K-9-4 BASELINE 臨接閘未過：" + "　".join(_seg))    
     6399                                                                               
     6400                                                                               
     6401 def iterate_G_S(a: float, A: float, B: float, C: float,                       
────────────────────────────────────────────────────────────────────────────────────────
RuntimeError: 🔴 K-9-4 BASELINE 臨接閘未過：【未配到屁股線】1 宗——R5 之 628-53(2)（差 
38.803m）。其上分配之土地**無法成為合法建築基地** ⇒ 
請檢討本街廓之分配、或檢查該街廓所指定之屁股線位置是否正確。（容差 0.01m）
