Microsoft Windows [版本 10.0.26200.9168]
(c) Microsoft Corporation. 著作權所有，並保留一切權利。

C:\Users\admin\Desktop\land-readjustment-trial>streamlit run app.py

  You can now view your Streamlit app in your browser.

  Local URL: http://localhost:8502
  Network URL: http://192.168.1.103:8502

2026-08-30 09:37:26.551 Please replace `st.components.v1.html` with `st.iframe`.

`st.components.v1.html` will be removed after 2026-06-01.
2026-08-30 09:37:30.431 Please replace `st.components.v1.html` with `st.iframe`.

`st.components.v1.html` will be removed after 2026-06-01.
2026-08-30 09:39:01.150 Please replace `use_container_width` with `width`.

`use_container_width` will be removed after 2025-12-31.

For `use_container_width=True`, use `width='stretch'`. For `use_container_width=False`, use `width='content'`.
2026-08-30 09:39:01.172 Please replace `use_container_width` with `width`.

`use_container_width` will be removed after 2025-12-31.

For `use_container_width=True`, use `width='stretch'`. For `use_container_width=False`, use `width='content'`.
2026-08-30 09:40:40.534 Please replace `st.components.v1.html` with `st.iframe`.

`st.components.v1.html` will be removed after 2026-06-01.
2026-08-30 09:40:44.205 Please replace `st.components.v1.html` with `st.iframe`.

`st.components.v1.html` will be removed after 2026-06-01.
2026-08-30 09:40:44.243 Please replace `use_container_width` with `width`.

`use_container_width` will be removed after 2025-12-31.

For `use_container_width=True`, use `width='stretch'`. For `use_container_width=False`, use `width='content'`.
2026-08-30 09:40:45.363 Please replace `st.components.v1.html` with `st.iframe`.

`st.components.v1.html` will be removed after 2026-06-01.
2026-08-30 09:40:48.274 Please replace `st.components.v1.html` with `st.iframe`.

`st.components.v1.html` will be removed after 2026-06-01.
2026-08-30 09:40:48.601 Please replace `use_container_width` with `width`.

`use_container_width` will be removed after 2025-12-31.

For `use_container_width=True`, use `width='stretch'`. For `use_container_width=False`, use `width='content'`.
2026-08-30 09:40:49.570 Please replace `st.components.v1.html` with `st.iframe`.

`st.components.v1.html` will be removed after 2026-06-01.
2026-08-30 09:40:49.866 Please replace `use_container_width` with `width`.

`use_container_width` will be removed after 2025-12-31.

For `use_container_width=True`, use `width='stretch'`. For `use_container_width=False`, use `width='content'`.
2026-08-30 09:40:50.609 Please replace `st.components.v1.html` with `st.iframe`.

`st.components.v1.html` will be removed after 2026-06-01.
2026-08-30 09:40:50.907 Please replace `st.components.v1.html` with `st.iframe`.

`st.components.v1.html` will be removed after 2026-06-01.
2026-08-30 09:40:51.468 Please replace `st.components.v1.html` with `st.iframe`.

`st.components.v1.html` will be removed after 2026-06-01.
2026-08-30 09:40:51.896 Please replace `use_container_width` with `width`.

`use_container_width` will be removed after 2025-12-31.

For `use_container_width=True`, use `width='stretch'`. For `use_container_width=False`, use `width='content'`.
2026-08-30 09:40:53.020 Please replace `st.components.v1.html` with `st.iframe`.

`st.components.v1.html` will be removed after 2026-06-01.
2026-08-30 09:40:55.252 Please replace `st.components.v1.html` with `st.iframe`.

`st.components.v1.html` will be removed after 2026-06-01.
2026-08-30 09:40:55.917 Please replace `use_container_width` with `width`.

`use_container_width` will be removed after 2025-12-31.

For `use_container_width=True`, use `width='stretch'`. For `use_container_width=False`, use `width='content'`.
2026-08-30 09:40:56.062 Please replace `use_container_width` with `width`.

`use_container_width` will be removed after 2025-12-31.

For `use_container_width=True`, use `width='stretch'`. For `use_container_width=False`, use `width='content'`.
2026-08-30 09:40:56.771 Please replace `use_container_width` with `width`.

`use_container_width` will be removed after 2025-12-31.

For `use_container_width=True`, use `width='stretch'`. For `use_container_width=False`, use `width='content'`.
2026-08-30 09:40:57.392 Please replace `st.components.v1.html` with `st.iframe`.

`st.components.v1.html` will be removed after 2026-06-01.
2026-08-30 09:40:57.753 Please replace `st.components.v1.html` with `st.iframe`.

`st.components.v1.html` will be removed after 2026-06-01.
2026-08-30 09:40:57.915 Please replace `use_container_width` with `width`.

`use_container_width` will be removed after 2025-12-31.

For `use_container_width=True`, use `width='stretch'`. For `use_container_width=False`, use `width='content'`.
2026-08-30 09:40:58.024 Please replace `use_container_width` with `width`.

`use_container_width` will be removed after 2025-12-31.

For `use_container_width=True`, use `width='stretch'`. For `use_container_width=False`, use `width='content'`.
2026-08-30 09:40:58.213 Please replace `use_container_width` with `width`.

`use_container_width` will be removed after 2025-12-31.

For `use_container_width=True`, use `width='stretch'`. For `use_container_width=False`, use `width='content'`.
2026-08-30 09:40:58.779 Please replace `use_container_width` with `width`.

`use_container_width` will be removed after 2025-12-31.

For `use_container_width=True`, use `width='stretch'`. For `use_container_width=False`, use `width='content'`.
2026-08-30 09:40:59.007 Please replace `use_container_width` with `width`.

`use_container_width` will be removed after 2025-12-31.

For `use_container_width=True`, use `width='stretch'`. For `use_container_width=False`, use `width='content'`.
2026-08-30 09:40:59.162 Please replace `use_container_width` with `width`.

`use_container_width` will be removed after 2025-12-31.

For `use_container_width=True`, use `width='stretch'`. For `use_container_width=False`, use `width='content'`.
2026-08-30 09:40:59.169 Serialization of dataframe to Arrow table was unsuccessful. Applying automatic fixes for column types to make the dataframe Arrow-compatible.
Traceback (most recent call last):
  File "C:\Users\admin\miniconda3\Lib\site-packages\streamlit\dataframe_util.py", line 818, in convert_pandas_df_to_arrow_bytes
    table = pa.Table.from_pandas(df)
  File "pyarrow/table.pxi", line 4796, in pyarrow.lib.Table.from_pandas
  File "C:\Users\admin\miniconda3\Lib\site-packages\pyarrow\pandas_compat.py", line 651, in dataframe_to_arrays
    arrays = [convert_column(c, f)
              ~~~~~~~~~~~~~~^^^^^^
  File "C:\Users\admin\miniconda3\Lib\site-packages\pyarrow\pandas_compat.py", line 639, in convert_column
    raise e
  File "C:\Users\admin\miniconda3\Lib\site-packages\pyarrow\pandas_compat.py", line 633, in convert_column
    result = pa.array(col, type=type_, from_pandas=True, safe=safe)
  File "pyarrow/array.pxi", line 365, in pyarrow.lib.array
  File "pyarrow/array.pxi", line 91, in pyarrow.lib._ndarray_to_array
  File "pyarrow/error.pxi", line 92, in pyarrow.lib.check_status
pyarrow.lib.ArrowInvalid: ("Could not convert '—' with type str: tried to convert to double", 'Conversion failed for column 【左】路寬(m) with type object')
2026-08-30 09:40:59.198 Please replace `use_container_width` with `width`.

`use_container_width` will be removed after 2025-12-31.

For `use_container_width=True`, use `width='stretch'`. For `use_container_width=False`, use `width='content'`.
2026-08-30 09:40:59.210 Please replace `use_container_width` with `width`.

`use_container_width` will be removed after 2025-12-31.

For `use_container_width=True`, use `width='stretch'`. For `use_container_width=False`, use `width='content'`.
2026-08-30 09:40:59.265 Please replace `use_container_width` with `width`.

`use_container_width` will be removed after 2025-12-31.

For `use_container_width=True`, use `width='stretch'`. For `use_container_width=False`, use `width='content'`.
2026-08-30 09:40:59.276 Please replace `use_container_width` with `width`.

`use_container_width` will be removed after 2025-12-31.

For `use_container_width=True`, use `width='stretch'`. For `use_container_width=False`, use `width='content'`.
2026-08-30 09:40:59.360 Please replace `use_container_width` with `width`.

`use_container_width` will be removed after 2025-12-31.

For `use_container_width=True`, use `width='stretch'`. For `use_container_width=False`, use `width='content'`.
2026-08-30 09:40:59.375 Please replace `use_container_width` with `width`.

`use_container_width` will be removed after 2025-12-31.

For `use_container_width=True`, use `width='stretch'`. For `use_container_width=False`, use `width='content'`.
2026-08-30 09:41:05.357 Please replace `st.components.v1.html` with `st.iframe`.

`st.components.v1.html` will be removed after 2026-06-01.
2026-08-30 09:41:05.472 Please replace `use_container_width` with `width`.

`use_container_width` will be removed after 2025-12-31.

For `use_container_width=True`, use `width='stretch'`. For `use_container_width=False`, use `width='content'`.
2026-08-30 09:41:05.553 Please replace `use_container_width` with `width`.

`use_container_width` will be removed after 2025-12-31.

For `use_container_width=True`, use `width='stretch'`. For `use_container_width=False`, use `width='content'`.
2026-08-30 09:41:05.643 Please replace `use_container_width` with `width`.

`use_container_width` will be removed after 2025-12-31.

For `use_container_width=True`, use `width='stretch'`. For `use_container_width=False`, use `width='content'`.
2026-08-30 09:41:06.176 Please replace `st.components.v1.html` with `st.iframe`.

`st.components.v1.html` will be removed after 2026-06-01.
2026-08-30 09:41:06.299 Please replace `use_container_width` with `width`.

`use_container_width` will be removed after 2025-12-31.

For `use_container_width=True`, use `width='stretch'`. For `use_container_width=False`, use `width='content'`.
2026-08-30 09:41:06.361 Please replace `use_container_width` with `width`.

`use_container_width` will be removed after 2025-12-31.

For `use_container_width=True`, use `width='stretch'`. For `use_container_width=False`, use `width='content'`.
2026-08-30 09:41:06.456 Please replace `use_container_width` with `width`.

`use_container_width` will be removed after 2025-12-31.

For `use_container_width=True`, use `width='stretch'`. For `use_container_width=False`, use `width='content'`.
2026-08-30 09:41:06.788 Please replace `st.components.v1.html` with `st.iframe`.

`st.components.v1.html` will be removed after 2026-06-01.
2026-08-30 09:41:06.942 Please replace `use_container_width` with `width`.

`use_container_width` will be removed after 2025-12-31.

For `use_container_width=True`, use `width='stretch'`. For `use_container_width=False`, use `width='content'`.
2026-08-30 09:41:07.118 Please replace `use_container_width` with `width`.

`use_container_width` will be removed after 2025-12-31.

For `use_container_width=True`, use `width='stretch'`. For `use_container_width=False`, use `width='content'`.
2026-08-30 09:41:07.376 Please replace `use_container_width` with `width`.

`use_container_width` will be removed after 2025-12-31.

For `use_container_width=True`, use `width='stretch'`. For `use_container_width=False`, use `width='content'`.
2026-08-30 09:41:07.822 Please replace `use_container_width` with `width`.

`use_container_width` will be removed after 2025-12-31.

For `use_container_width=True`, use `width='stretch'`. For `use_container_width=False`, use `width='content'`.
2026-08-30 09:41:08.020 Please replace `use_container_width` with `width`.

`use_container_width` will be removed after 2025-12-31.

For `use_container_width=True`, use `width='stretch'`. For `use_container_width=False`, use `width='content'`.
2026-08-30 09:41:08.094 Please replace `use_container_width` with `width`.

`use_container_width` will be removed after 2025-12-31.

For `use_container_width=True`, use `width='stretch'`. For `use_container_width=False`, use `width='content'`.
2026-08-30 09:41:08.096 Serialization of dataframe to Arrow table was unsuccessful. Applying automatic fixes for column types to make the dataframe Arrow-compatible.
Traceback (most recent call last):
  File "C:\Users\admin\miniconda3\Lib\site-packages\streamlit\dataframe_util.py", line 818, in convert_pandas_df_to_arrow_bytes
    table = pa.Table.from_pandas(df)
  File "pyarrow/table.pxi", line 4796, in pyarrow.lib.Table.from_pandas
  File "C:\Users\admin\miniconda3\Lib\site-packages\pyarrow\pandas_compat.py", line 651, in dataframe_to_arrays
    arrays = [convert_column(c, f)
              ~~~~~~~~~~~~~~^^^^^^
  File "C:\Users\admin\miniconda3\Lib\site-packages\pyarrow\pandas_compat.py", line 639, in convert_column
    raise e
  File "C:\Users\admin\miniconda3\Lib\site-packages\pyarrow\pandas_compat.py", line 633, in convert_column
    result = pa.array(col, type=type_, from_pandas=True, safe=safe)
  File "pyarrow/array.pxi", line 365, in pyarrow.lib.array
  File "pyarrow/array.pxi", line 91, in pyarrow.lib._ndarray_to_array
  File "pyarrow/error.pxi", line 92, in pyarrow.lib.check_status
pyarrow.lib.ArrowInvalid: ("Could not convert '—' with type str: tried to convert to double", 'Conversion failed for column 【左】路寬(m) with type object')
2026-08-30 09:41:08.109 Please replace `use_container_width` with `width`.

`use_container_width` will be removed after 2025-12-31.

For `use_container_width=True`, use `width='stretch'`. For `use_container_width=False`, use `width='content'`.
2026-08-30 09:41:08.117 Please replace `use_container_width` with `width`.

`use_container_width` will be removed after 2025-12-31.

For `use_container_width=True`, use `width='stretch'`. For `use_container_width=False`, use `width='content'`.
2026-08-30 09:41:08.148 Please replace `use_container_width` with `width`.

`use_container_width` will be removed after 2025-12-31.

For `use_container_width=True`, use `width='stretch'`. For `use_container_width=False`, use `width='content'`.
2026-08-30 09:41:08.154 Please replace `use_container_width` with `width`.

`use_container_width` will be removed after 2025-12-31.

For `use_container_width=True`, use `width='stretch'`. For `use_container_width=False`, use `width='content'`.
2026-08-30 09:41:08.215 Please replace `use_container_width` with `width`.

`use_container_width` will be removed after 2025-12-31.

For `use_container_width=True`, use `width='stretch'`. For `use_container_width=False`, use `width='content'`.
2026-08-30 09:41:08.221 Please replace `use_container_width` with `width`.

`use_container_width` will be removed after 2025-12-31.

For `use_container_width=True`, use `width='stretch'`. For `use_container_width=False`, use `width='content'`.
2026-08-30 09:41:09.045 Please replace `st.components.v1.html` with `st.iframe`.

`st.components.v1.html` will be removed after 2026-06-01.
2026-08-30 09:41:09.183 Please replace `use_container_width` with `width`.

`use_container_width` will be removed after 2025-12-31.

For `use_container_width=True`, use `width='stretch'`. For `use_container_width=False`, use `width='content'`.
2026-08-30 09:41:09.288 Please replace `use_container_width` with `width`.

`use_container_width` will be removed after 2025-12-31.

For `use_container_width=True`, use `width='stretch'`. For `use_container_width=False`, use `width='content'`.
2026-08-30 09:41:09.373 Please replace `use_container_width` with `width`.

`use_container_width` will be removed after 2025-12-31.

For `use_container_width=True`, use `width='stretch'`. For `use_container_width=False`, use `width='content'`.
2026-08-30 09:41:09.785 Please replace `use_container_width` with `width`.

`use_container_width` will be removed after 2025-12-31.

For `use_container_width=True`, use `width='stretch'`. For `use_container_width=False`, use `width='content'`.
2026-08-30 09:41:09.993 Please replace `use_container_width` with `width`.

`use_container_width` will be removed after 2025-12-31.

For `use_container_width=True`, use `width='stretch'`. For `use_container_width=False`, use `width='content'`.
2026-08-30 09:41:10.066 Please replace `use_container_width` with `width`.

`use_container_width` will be removed after 2025-12-31.

For `use_container_width=True`, use `width='stretch'`. For `use_container_width=False`, use `width='content'`.
2026-08-30 09:41:10.067 Serialization of dataframe to Arrow table was unsuccessful. Applying automatic fixes for column types to make the dataframe Arrow-compatible.
Traceback (most recent call last):
  File "C:\Users\admin\miniconda3\Lib\site-packages\streamlit\dataframe_util.py", line 818, in convert_pandas_df_to_arrow_bytes
    table = pa.Table.from_pandas(df)
  File "pyarrow/table.pxi", line 4796, in pyarrow.lib.Table.from_pandas
  File "C:\Users\admin\miniconda3\Lib\site-packages\pyarrow\pandas_compat.py", line 651, in dataframe_to_arrays
    arrays = [convert_column(c, f)
              ~~~~~~~~~~~~~~^^^^^^
  File "C:\Users\admin\miniconda3\Lib\site-packages\pyarrow\pandas_compat.py", line 639, in convert_column
    raise e
  File "C:\Users\admin\miniconda3\Lib\site-packages\pyarrow\pandas_compat.py", line 633, in convert_column
    result = pa.array(col, type=type_, from_pandas=True, safe=safe)
  File "pyarrow/array.pxi", line 365, in pyarrow.lib.array
  File "pyarrow/array.pxi", line 91, in pyarrow.lib._ndarray_to_array
  File "pyarrow/error.pxi", line 92, in pyarrow.lib.check_status
pyarrow.lib.ArrowInvalid: ("Could not convert '—' with type str: tried to convert to double", 'Conversion failed for column 【左】路寬(m) with type object')
2026-08-30 09:41:10.081 Please replace `use_container_width` with `width`.

`use_container_width` will be removed after 2025-12-31.

For `use_container_width=True`, use `width='stretch'`. For `use_container_width=False`, use `width='content'`.
2026-08-30 09:41:10.091 Please replace `use_container_width` with `width`.

`use_container_width` will be removed after 2025-12-31.

For `use_container_width=True`, use `width='stretch'`. For `use_container_width=False`, use `width='content'`.
2026-08-30 09:41:10.118 Please replace `use_container_width` with `width`.

`use_container_width` will be removed after 2025-12-31.

For `use_container_width=True`, use `width='stretch'`. For `use_container_width=False`, use `width='content'`.
2026-08-30 09:41:10.130 Please replace `use_container_width` with `width`.

`use_container_width` will be removed after 2025-12-31.

For `use_container_width=True`, use `width='stretch'`. For `use_container_width=False`, use `width='content'`.
2026-08-30 09:41:10.211 Please replace `use_container_width` with `width`.

`use_container_width` will be removed after 2025-12-31.

For `use_container_width=True`, use `width='stretch'`. For `use_container_width=False`, use `width='content'`.
2026-08-30 09:41:10.218 Please replace `use_container_width` with `width`.

`use_container_width` will be removed after 2025-12-31.

For `use_container_width=True`, use `width='stretch'`. For `use_container_width=False`, use `width='content'`.
2026-08-30 09:41:12.795 Please replace `st.components.v1.html` with `st.iframe`.

`st.components.v1.html` will be removed after 2026-06-01.
2026-08-30 09:41:12.920 Please replace `use_container_width` with `width`.

`use_container_width` will be removed after 2025-12-31.

For `use_container_width=True`, use `width='stretch'`. For `use_container_width=False`, use `width='content'`.
2026-08-30 09:41:13.013 Please replace `use_container_width` with `width`.

`use_container_width` will be removed after 2025-12-31.

For `use_container_width=True`, use `width='stretch'`. For `use_container_width=False`, use `width='content'`.
2026-08-30 09:41:13.105 Please replace `use_container_width` with `width`.

`use_container_width` will be removed after 2025-12-31.

For `use_container_width=True`, use `width='stretch'`. For `use_container_width=False`, use `width='content'`.
2026-08-30 09:41:13.530 Please replace `use_container_width` with `width`.

`use_container_width` will be removed after 2025-12-31.

For `use_container_width=True`, use `width='stretch'`. For `use_container_width=False`, use `width='content'`.
2026-08-30 09:41:13.712 Please replace `use_container_width` with `width`.

`use_container_width` will be removed after 2025-12-31.

For `use_container_width=True`, use `width='stretch'`. For `use_container_width=False`, use `width='content'`.
2026-08-30 09:41:13.786 Please replace `use_container_width` with `width`.

`use_container_width` will be removed after 2025-12-31.

For `use_container_width=True`, use `width='stretch'`. For `use_container_width=False`, use `width='content'`.
2026-08-30 09:41:13.788 Serialization of dataframe to Arrow table was unsuccessful. Applying automatic fixes for column types to make the dataframe Arrow-compatible.
Traceback (most recent call last):
  File "C:\Users\admin\miniconda3\Lib\site-packages\streamlit\dataframe_util.py", line 818, in convert_pandas_df_to_arrow_bytes
    table = pa.Table.from_pandas(df)
  File "pyarrow/table.pxi", line 4796, in pyarrow.lib.Table.from_pandas
  File "C:\Users\admin\miniconda3\Lib\site-packages\pyarrow\pandas_compat.py", line 651, in dataframe_to_arrays
    arrays = [convert_column(c, f)
              ~~~~~~~~~~~~~~^^^^^^
  File "C:\Users\admin\miniconda3\Lib\site-packages\pyarrow\pandas_compat.py", line 639, in convert_column
    raise e
  File "C:\Users\admin\miniconda3\Lib\site-packages\pyarrow\pandas_compat.py", line 633, in convert_column
    result = pa.array(col, type=type_, from_pandas=True, safe=safe)
  File "pyarrow/array.pxi", line 365, in pyarrow.lib.array
  File "pyarrow/array.pxi", line 91, in pyarrow.lib._ndarray_to_array
  File "pyarrow/error.pxi", line 92, in pyarrow.lib.check_status
pyarrow.lib.ArrowInvalid: ("Could not convert '—' with type str: tried to convert to double", 'Conversion failed for column 【左】路寬(m) with type object')
2026-08-30 09:41:13.801 Please replace `use_container_width` with `width`.

`use_container_width` will be removed after 2025-12-31.

For `use_container_width=True`, use `width='stretch'`. For `use_container_width=False`, use `width='content'`.
2026-08-30 09:41:13.807 Please replace `use_container_width` with `width`.

`use_container_width` will be removed after 2025-12-31.

For `use_container_width=True`, use `width='stretch'`. For `use_container_width=False`, use `width='content'`.
2026-08-30 09:41:13.832 Please replace `use_container_width` with `width`.

`use_container_width` will be removed after 2025-12-31.

For `use_container_width=True`, use `width='stretch'`. For `use_container_width=False`, use `width='content'`.
2026-08-30 09:41:13.838 Please replace `use_container_width` with `width`.

`use_container_width` will be removed after 2025-12-31.

For `use_container_width=True`, use `width='stretch'`. For `use_container_width=False`, use `width='content'`.
2026-08-30 09:41:13.905 Please replace `use_container_width` with `width`.

`use_container_width` will be removed after 2025-12-31.

For `use_container_width=True`, use `width='stretch'`. For `use_container_width=False`, use `width='content'`.
2026-08-30 09:41:13.913 Please replace `use_container_width` with `width`.

`use_container_width` will be removed after 2025-12-31.

For `use_container_width=True`, use `width='stretch'`. For `use_container_width=False`, use `width='content'`.
2026-08-30 09:41:15.409 Please replace `st.components.v1.html` with `st.iframe`.

`st.components.v1.html` will be removed after 2026-06-01.
2026-08-30 09:41:15.547 Please replace `use_container_width` with `width`.

`use_container_width` will be removed after 2025-12-31.

For `use_container_width=True`, use `width='stretch'`. For `use_container_width=False`, use `width='content'`.
2026-08-30 09:41:15.634 Please replace `use_container_width` with `width`.

`use_container_width` will be removed after 2025-12-31.

For `use_container_width=True`, use `width='stretch'`. For `use_container_width=False`, use `width='content'`.
2026-08-30 09:41:15.721 Please replace `use_container_width` with `width`.

`use_container_width` will be removed after 2025-12-31.

For `use_container_width=True`, use `width='stretch'`. For `use_container_width=False`, use `width='content'`.
2026-08-30 09:41:16.124 Please replace `use_container_width` with `width`.

`use_container_width` will be removed after 2025-12-31.

For `use_container_width=True`, use `width='stretch'`. For `use_container_width=False`, use `width='content'`.
2026-08-30 09:41:16.277 Please replace `use_container_width` with `width`.

`use_container_width` will be removed after 2025-12-31.

For `use_container_width=True`, use `width='stretch'`. For `use_container_width=False`, use `width='content'`.
2026-08-30 09:41:16.374 Please replace `use_container_width` with `width`.

`use_container_width` will be removed after 2025-12-31.

For `use_container_width=True`, use `width='stretch'`. For `use_container_width=False`, use `width='content'`.
2026-08-30 09:41:16.377 Serialization of dataframe to Arrow table was unsuccessful. Applying automatic fixes for column types to make the dataframe Arrow-compatible.
Traceback (most recent call last):
  File "C:\Users\admin\miniconda3\Lib\site-packages\streamlit\dataframe_util.py", line 818, in convert_pandas_df_to_arrow_bytes
    table = pa.Table.from_pandas(df)
  File "pyarrow/table.pxi", line 4796, in pyarrow.lib.Table.from_pandas
  File "C:\Users\admin\miniconda3\Lib\site-packages\pyarrow\pandas_compat.py", line 651, in dataframe_to_arrays
    arrays = [convert_column(c, f)
              ~~~~~~~~~~~~~~^^^^^^
  File "C:\Users\admin\miniconda3\Lib\site-packages\pyarrow\pandas_compat.py", line 639, in convert_column
    raise e
  File "C:\Users\admin\miniconda3\Lib\site-packages\pyarrow\pandas_compat.py", line 633, in convert_column
    result = pa.array(col, type=type_, from_pandas=True, safe=safe)
  File "pyarrow/array.pxi", line 365, in pyarrow.lib.array
  File "pyarrow/array.pxi", line 91, in pyarrow.lib._ndarray_to_array
  File "pyarrow/error.pxi", line 92, in pyarrow.lib.check_status
pyarrow.lib.ArrowInvalid: ("Could not convert '—' with type str: tried to convert to double", 'Conversion failed for column 【左】路寬(m) with type object')
2026-08-30 09:41:16.391 Please replace `use_container_width` with `width`.

`use_container_width` will be removed after 2025-12-31.

For `use_container_width=True`, use `width='stretch'`. For `use_container_width=False`, use `width='content'`.
2026-08-30 09:41:16.397 Please replace `use_container_width` with `width`.

`use_container_width` will be removed after 2025-12-31.

For `use_container_width=True`, use `width='stretch'`. For `use_container_width=False`, use `width='content'`.
2026-08-30 09:41:16.420 Please replace `use_container_width` with `width`.

`use_container_width` will be removed after 2025-12-31.

For `use_container_width=True`, use `width='stretch'`. For `use_container_width=False`, use `width='content'`.
2026-08-30 09:41:16.425 Please replace `use_container_width` with `width`.

`use_container_width` will be removed after 2025-12-31.

For `use_container_width=True`, use `width='stretch'`. For `use_container_width=False`, use `width='content'`.
2026-08-30 09:41:16.488 Please replace `use_container_width` with `width`.

`use_container_width` will be removed after 2025-12-31.

For `use_container_width=True`, use `width='stretch'`. For `use_container_width=False`, use `width='content'`.
2026-08-30 09:41:16.491 Please replace `use_container_width` with `width`.

`use_container_width` will be removed after 2025-12-31.

For `use_container_width=True`, use `width='stretch'`. For `use_container_width=False`, use `width='content'`.
2026-08-30 09:41:17.331 Please replace `st.components.v1.html` with `st.iframe`.

`st.components.v1.html` will be removed after 2026-06-01.
2026-08-30 09:41:17.417 Please replace `use_container_width` with `width`.

`use_container_width` will be removed after 2025-12-31.

For `use_container_width=True`, use `width='stretch'`. For `use_container_width=False`, use `width='content'`.
2026-08-30 09:41:17.505 Please replace `use_container_width` with `width`.

`use_container_width` will be removed after 2025-12-31.

For `use_container_width=True`, use `width='stretch'`. For `use_container_width=False`, use `width='content'`.
2026-08-30 09:41:17.555 Please replace `use_container_width` with `width`.

`use_container_width` will be removed after 2025-12-31.

For `use_container_width=True`, use `width='stretch'`. For `use_container_width=False`, use `width='content'`.
2026-08-30 09:41:18.012 Please replace `use_container_width` with `width`.

`use_container_width` will be removed after 2025-12-31.

For `use_container_width=True`, use `width='stretch'`. For `use_container_width=False`, use `width='content'`.
2026-08-30 09:41:18.169 Please replace `use_container_width` with `width`.

`use_container_width` will be removed after 2025-12-31.

For `use_container_width=True`, use `width='stretch'`. For `use_container_width=False`, use `width='content'`.
2026-08-30 09:41:18.258 Please replace `use_container_width` with `width`.

`use_container_width` will be removed after 2025-12-31.

For `use_container_width=True`, use `width='stretch'`. For `use_container_width=False`, use `width='content'`.
2026-08-30 09:41:18.260 Serialization of dataframe to Arrow table was unsuccessful. Applying automatic fixes for column types to make the dataframe Arrow-compatible.
Traceback (most recent call last):
  File "C:\Users\admin\miniconda3\Lib\site-packages\streamlit\dataframe_util.py", line 818, in convert_pandas_df_to_arrow_bytes
    table = pa.Table.from_pandas(df)
  File "pyarrow/table.pxi", line 4796, in pyarrow.lib.Table.from_pandas
  File "C:\Users\admin\miniconda3\Lib\site-packages\pyarrow\pandas_compat.py", line 651, in dataframe_to_arrays
    arrays = [convert_column(c, f)
              ~~~~~~~~~~~~~~^^^^^^
  File "C:\Users\admin\miniconda3\Lib\site-packages\pyarrow\pandas_compat.py", line 639, in convert_column
    raise e
  File "C:\Users\admin\miniconda3\Lib\site-packages\pyarrow\pandas_compat.py", line 633, in convert_column
    result = pa.array(col, type=type_, from_pandas=True, safe=safe)
  File "pyarrow/array.pxi", line 365, in pyarrow.lib.array
  File "pyarrow/array.pxi", line 91, in pyarrow.lib._ndarray_to_array
  File "pyarrow/error.pxi", line 92, in pyarrow.lib.check_status
pyarrow.lib.ArrowInvalid: ("Could not convert '—' with type str: tried to convert to double", 'Conversion failed for column 【左】路寬(m) with type object')
2026-08-30 09:41:18.277 Please replace `use_container_width` with `width`.

`use_container_width` will be removed after 2025-12-31.

For `use_container_width=True`, use `width='stretch'`. For `use_container_width=False`, use `width='content'`.
2026-08-30 09:41:18.284 Please replace `use_container_width` with `width`.

`use_container_width` will be removed after 2025-12-31.

For `use_container_width=True`, use `width='stretch'`. For `use_container_width=False`, use `width='content'`.
2026-08-30 09:41:18.311 Please replace `use_container_width` with `width`.

`use_container_width` will be removed after 2025-12-31.

For `use_container_width=True`, use `width='stretch'`. For `use_container_width=False`, use `width='content'`.
2026-08-30 09:41:18.316 Please replace `use_container_width` with `width`.

`use_container_width` will be removed after 2025-12-31.

For `use_container_width=True`, use `width='stretch'`. For `use_container_width=False`, use `width='content'`.
2026-08-30 09:41:18.368 Please replace `use_container_width` with `width`.

`use_container_width` will be removed after 2025-12-31.

For `use_container_width=True`, use `width='stretch'`. For `use_container_width=False`, use `width='content'`.
2026-08-30 09:41:18.374 Please replace `use_container_width` with `width`.

`use_container_width` will be removed after 2025-12-31.

For `use_container_width=True`, use `width='stretch'`. For `use_container_width=False`, use `width='content'`.
2026-08-30 09:41:19.047 Please replace `st.components.v1.html` with `st.iframe`.

`st.components.v1.html` will be removed after 2026-06-01.
2026-08-30 09:41:19.154 Please replace `use_container_width` with `width`.

`use_container_width` will be removed after 2025-12-31.

For `use_container_width=True`, use `width='stretch'`. For `use_container_width=False`, use `width='content'`.
2026-08-30 09:41:19.232 Please replace `use_container_width` with `width`.

`use_container_width` will be removed after 2025-12-31.

For `use_container_width=True`, use `width='stretch'`. For `use_container_width=False`, use `width='content'`.
2026-08-30 09:41:19.308 Please replace `use_container_width` with `width`.

`use_container_width` will be removed after 2025-12-31.

For `use_container_width=True`, use `width='stretch'`. For `use_container_width=False`, use `width='content'`.
2026-08-30 09:41:19.768 Please replace `use_container_width` with `width`.

`use_container_width` will be removed after 2025-12-31.

For `use_container_width=True`, use `width='stretch'`. For `use_container_width=False`, use `width='content'`.
2026-08-30 09:41:19.960 Please replace `use_container_width` with `width`.

`use_container_width` will be removed after 2025-12-31.

For `use_container_width=True`, use `width='stretch'`. For `use_container_width=False`, use `width='content'`.
2026-08-30 09:41:20.043 Please replace `use_container_width` with `width`.

`use_container_width` will be removed after 2025-12-31.

For `use_container_width=True`, use `width='stretch'`. For `use_container_width=False`, use `width='content'`.
2026-08-30 09:41:20.044 Serialization of dataframe to Arrow table was unsuccessful. Applying automatic fixes for column types to make the dataframe Arrow-compatible.
Traceback (most recent call last):
  File "C:\Users\admin\miniconda3\Lib\site-packages\streamlit\dataframe_util.py", line 818, in convert_pandas_df_to_arrow_bytes
    table = pa.Table.from_pandas(df)
  File "pyarrow/table.pxi", line 4796, in pyarrow.lib.Table.from_pandas
  File "C:\Users\admin\miniconda3\Lib\site-packages\pyarrow\pandas_compat.py", line 651, in dataframe_to_arrays
    arrays = [convert_column(c, f)
              ~~~~~~~~~~~~~~^^^^^^
  File "C:\Users\admin\miniconda3\Lib\site-packages\pyarrow\pandas_compat.py", line 639, in convert_column
    raise e
  File "C:\Users\admin\miniconda3\Lib\site-packages\pyarrow\pandas_compat.py", line 633, in convert_column
    result = pa.array(col, type=type_, from_pandas=True, safe=safe)
  File "pyarrow/array.pxi", line 365, in pyarrow.lib.array
  File "pyarrow/array.pxi", line 91, in pyarrow.lib._ndarray_to_array
  File "pyarrow/error.pxi", line 92, in pyarrow.lib.check_status
pyarrow.lib.ArrowInvalid: ("Could not convert '—' with type str: tried to convert to double", 'Conversion failed for column 【左】路寬(m) with type object')
2026-08-30 09:41:20.055 Please replace `use_container_width` with `width`.

`use_container_width` will be removed after 2025-12-31.

For `use_container_width=True`, use `width='stretch'`. For `use_container_width=False`, use `width='content'`.
2026-08-30 09:41:20.063 Please replace `use_container_width` with `width`.

`use_container_width` will be removed after 2025-12-31.

For `use_container_width=True`, use `width='stretch'`. For `use_container_width=False`, use `width='content'`.
2026-08-30 09:41:20.088 Please replace `use_container_width` with `width`.

`use_container_width` will be removed after 2025-12-31.

For `use_container_width=True`, use `width='stretch'`. For `use_container_width=False`, use `width='content'`.
2026-08-30 09:41:20.095 Please replace `use_container_width` with `width`.

`use_container_width` will be removed after 2025-12-31.

For `use_container_width=True`, use `width='stretch'`. For `use_container_width=False`, use `width='content'`.
2026-08-30 09:41:20.171 Please replace `use_container_width` with `width`.

`use_container_width` will be removed after 2025-12-31.

For `use_container_width=True`, use `width='stretch'`. For `use_container_width=False`, use `width='content'`.
2026-08-30 09:41:20.182 Please replace `use_container_width` with `width`.

`use_container_width` will be removed after 2025-12-31.

For `use_container_width=True`, use `width='stretch'`. For `use_container_width=False`, use `width='content'`.
2026-08-30 09:41:20.863 Please replace `st.components.v1.html` with `st.iframe`.

`st.components.v1.html` will be removed after 2026-06-01.
2026-08-30 09:41:20.972 Please replace `use_container_width` with `width`.

`use_container_width` will be removed after 2025-12-31.

For `use_container_width=True`, use `width='stretch'`. For `use_container_width=False`, use `width='content'`.
2026-08-30 09:41:21.054 Please replace `use_container_width` with `width`.

`use_container_width` will be removed after 2025-12-31.

For `use_container_width=True`, use `width='stretch'`. For `use_container_width=False`, use `width='content'`.
2026-08-30 09:41:21.144 Please replace `use_container_width` with `width`.

`use_container_width` will be removed after 2025-12-31.

For `use_container_width=True`, use `width='stretch'`. For `use_container_width=False`, use `width='content'`.
2026-08-30 09:41:21.609 Please replace `use_container_width` with `width`.

`use_container_width` will be removed after 2025-12-31.

For `use_container_width=True`, use `width='stretch'`. For `use_container_width=False`, use `width='content'`.
2026-08-30 09:41:21.776 Please replace `use_container_width` with `width`.

`use_container_width` will be removed after 2025-12-31.

For `use_container_width=True`, use `width='stretch'`. For `use_container_width=False`, use `width='content'`.
2026-08-30 09:41:21.873 Please replace `use_container_width` with `width`.

`use_container_width` will be removed after 2025-12-31.

For `use_container_width=True`, use `width='stretch'`. For `use_container_width=False`, use `width='content'`.
2026-08-30 09:41:21.874 Serialization of dataframe to Arrow table was unsuccessful. Applying automatic fixes for column types to make the dataframe Arrow-compatible.
Traceback (most recent call last):
  File "C:\Users\admin\miniconda3\Lib\site-packages\streamlit\dataframe_util.py", line 818, in convert_pandas_df_to_arrow_bytes
    table = pa.Table.from_pandas(df)
  File "pyarrow/table.pxi", line 4796, in pyarrow.lib.Table.from_pandas
  File "C:\Users\admin\miniconda3\Lib\site-packages\pyarrow\pandas_compat.py", line 651, in dataframe_to_arrays
    arrays = [convert_column(c, f)
              ~~~~~~~~~~~~~~^^^^^^
  File "C:\Users\admin\miniconda3\Lib\site-packages\pyarrow\pandas_compat.py", line 639, in convert_column
    raise e
  File "C:\Users\admin\miniconda3\Lib\site-packages\pyarrow\pandas_compat.py", line 633, in convert_column
    result = pa.array(col, type=type_, from_pandas=True, safe=safe)
  File "pyarrow/array.pxi", line 365, in pyarrow.lib.array
  File "pyarrow/array.pxi", line 91, in pyarrow.lib._ndarray_to_array
  File "pyarrow/error.pxi", line 92, in pyarrow.lib.check_status
pyarrow.lib.ArrowInvalid: ("Could not convert '—' with type str: tried to convert to double", 'Conversion failed for column 【左】路寬(m) with type object')
2026-08-30 09:41:21.889 Please replace `use_container_width` with `width`.

`use_container_width` will be removed after 2025-12-31.

For `use_container_width=True`, use `width='stretch'`. For `use_container_width=False`, use `width='content'`.
2026-08-30 09:41:21.897 Please replace `use_container_width` with `width`.

`use_container_width` will be removed after 2025-12-31.

For `use_container_width=True`, use `width='stretch'`. For `use_container_width=False`, use `width='content'`.
2026-08-30 09:41:21.923 Please replace `use_container_width` with `width`.

`use_container_width` will be removed after 2025-12-31.

For `use_container_width=True`, use `width='stretch'`. For `use_container_width=False`, use `width='content'`.
2026-08-30 09:41:21.929 Please replace `use_container_width` with `width`.

`use_container_width` will be removed after 2025-12-31.

For `use_container_width=True`, use `width='stretch'`. For `use_container_width=False`, use `width='content'`.
2026-08-30 09:41:21.991 Please replace `use_container_width` with `width`.

`use_container_width` will be removed after 2025-12-31.

For `use_container_width=True`, use `width='stretch'`. For `use_container_width=False`, use `width='content'`.
2026-08-30 09:41:21.998 Please replace `use_container_width` with `width`.

`use_container_width` will be removed after 2025-12-31.

For `use_container_width=True`, use `width='stretch'`. For `use_container_width=False`, use `width='content'`.
2026-08-30 09:41:23.807 Please replace `st.components.v1.html` with `st.iframe`.

`st.components.v1.html` will be removed after 2026-06-01.
2026-08-30 09:41:23.955 Please replace `use_container_width` with `width`.

`use_container_width` will be removed after 2025-12-31.

For `use_container_width=True`, use `width='stretch'`. For `use_container_width=False`, use `width='content'`.
2026-08-30 09:41:24.050 Please replace `use_container_width` with `width`.

`use_container_width` will be removed after 2025-12-31.

For `use_container_width=True`, use `width='stretch'`. For `use_container_width=False`, use `width='content'`.
2026-08-30 09:41:24.120 Please replace `use_container_width` with `width`.

`use_container_width` will be removed after 2025-12-31.

For `use_container_width=True`, use `width='stretch'`. For `use_container_width=False`, use `width='content'`.
2026-08-30 09:41:24.578 Please replace `use_container_width` with `width`.

`use_container_width` will be removed after 2025-12-31.

For `use_container_width=True`, use `width='stretch'`. For `use_container_width=False`, use `width='content'`.
2026-08-30 09:41:24.751 Please replace `use_container_width` with `width`.

`use_container_width` will be removed after 2025-12-31.

For `use_container_width=True`, use `width='stretch'`. For `use_container_width=False`, use `width='content'`.
2026-08-30 09:41:24.829 Please replace `use_container_width` with `width`.

`use_container_width` will be removed after 2025-12-31.

For `use_container_width=True`, use `width='stretch'`. For `use_container_width=False`, use `width='content'`.
2026-08-30 09:41:24.831 Serialization of dataframe to Arrow table was unsuccessful. Applying automatic fixes for column types to make the dataframe Arrow-compatible.
Traceback (most recent call last):
  File "C:\Users\admin\miniconda3\Lib\site-packages\streamlit\dataframe_util.py", line 818, in convert_pandas_df_to_arrow_bytes
    table = pa.Table.from_pandas(df)
  File "pyarrow/table.pxi", line 4796, in pyarrow.lib.Table.from_pandas
  File "C:\Users\admin\miniconda3\Lib\site-packages\pyarrow\pandas_compat.py", line 651, in dataframe_to_arrays
    arrays = [convert_column(c, f)
              ~~~~~~~~~~~~~~^^^^^^
  File "C:\Users\admin\miniconda3\Lib\site-packages\pyarrow\pandas_compat.py", line 639, in convert_column
    raise e
  File "C:\Users\admin\miniconda3\Lib\site-packages\pyarrow\pandas_compat.py", line 633, in convert_column
    result = pa.array(col, type=type_, from_pandas=True, safe=safe)
  File "pyarrow/array.pxi", line 365, in pyarrow.lib.array
  File "pyarrow/array.pxi", line 91, in pyarrow.lib._ndarray_to_array
  File "pyarrow/error.pxi", line 92, in pyarrow.lib.check_status
pyarrow.lib.ArrowInvalid: ("Could not convert '—' with type str: tried to convert to double", 'Conversion failed for column 【左】路寬(m) with type object')
2026-08-30 09:41:24.844 Please replace `use_container_width` with `width`.

`use_container_width` will be removed after 2025-12-31.

For `use_container_width=True`, use `width='stretch'`. For `use_container_width=False`, use `width='content'`.
2026-08-30 09:41:24.852 Please replace `use_container_width` with `width`.

`use_container_width` will be removed after 2025-12-31.

For `use_container_width=True`, use `width='stretch'`. For `use_container_width=False`, use `width='content'`.
2026-08-30 09:41:24.877 Please replace `use_container_width` with `width`.

`use_container_width` will be removed after 2025-12-31.

For `use_container_width=True`, use `width='stretch'`. For `use_container_width=False`, use `width='content'`.
2026-08-30 09:41:24.883 Please replace `use_container_width` with `width`.

`use_container_width` will be removed after 2025-12-31.

For `use_container_width=True`, use `width='stretch'`. For `use_container_width=False`, use `width='content'`.
2026-08-30 09:41:24.955 Please replace `use_container_width` with `width`.

`use_container_width` will be removed after 2025-12-31.

For `use_container_width=True`, use `width='stretch'`. For `use_container_width=False`, use `width='content'`.
2026-08-30 09:41:24.965 Please replace `use_container_width` with `width`.

`use_container_width` will be removed after 2025-12-31.

For `use_container_width=True`, use `width='stretch'`. For `use_container_width=False`, use `width='content'`.
2026-08-30 09:41:28.645 Please replace `st.components.v1.html` with `st.iframe`.

`st.components.v1.html` will be removed after 2026-06-01.
2026-08-30 09:41:28.754 Please replace `use_container_width` with `width`.

`use_container_width` will be removed after 2025-12-31.

For `use_container_width=True`, use `width='stretch'`. For `use_container_width=False`, use `width='content'`.
2026-08-30 09:41:28.852 Please replace `use_container_width` with `width`.

`use_container_width` will be removed after 2025-12-31.

For `use_container_width=True`, use `width='stretch'`. For `use_container_width=False`, use `width='content'`.
2026-08-30 09:41:28.936 Please replace `use_container_width` with `width`.

`use_container_width` will be removed after 2025-12-31.

For `use_container_width=True`, use `width='stretch'`. For `use_container_width=False`, use `width='content'`.
2026-08-30 09:41:29.369 Please replace `use_container_width` with `width`.

`use_container_width` will be removed after 2025-12-31.

For `use_container_width=True`, use `width='stretch'`. For `use_container_width=False`, use `width='content'`.
2026-08-30 09:41:29.507 Please replace `st.components.v1.html` with `st.iframe`.

`st.components.v1.html` will be removed after 2026-06-01.
2026-08-30 09:41:29.638 Please replace `use_container_width` with `width`.

`use_container_width` will be removed after 2025-12-31.

For `use_container_width=True`, use `width='stretch'`. For `use_container_width=False`, use `width='content'`.
2026-08-30 09:41:29.743 Please replace `use_container_width` with `width`.

`use_container_width` will be removed after 2025-12-31.

For `use_container_width=True`, use `width='stretch'`. For `use_container_width=False`, use `width='content'`.
2026-08-30 09:41:29.820 Please replace `use_container_width` with `width`.

`use_container_width` will be removed after 2025-12-31.

For `use_container_width=True`, use `width='stretch'`. For `use_container_width=False`, use `width='content'`.
2026-08-30 09:41:30.232 Please replace `use_container_width` with `width`.

`use_container_width` will be removed after 2025-12-31.

For `use_container_width=True`, use `width='stretch'`. For `use_container_width=False`, use `width='content'`.
2026-08-30 09:41:30.418 Please replace `use_container_width` with `width`.

`use_container_width` will be removed after 2025-12-31.

For `use_container_width=True`, use `width='stretch'`. For `use_container_width=False`, use `width='content'`.
2026-08-30 09:41:30.495 Please replace `use_container_width` with `width`.

`use_container_width` will be removed after 2025-12-31.

For `use_container_width=True`, use `width='stretch'`. For `use_container_width=False`, use `width='content'`.
2026-08-30 09:41:30.497 Serialization of dataframe to Arrow table was unsuccessful. Applying automatic fixes for column types to make the dataframe Arrow-compatible.
Traceback (most recent call last):
  File "C:\Users\admin\miniconda3\Lib\site-packages\streamlit\dataframe_util.py", line 818, in convert_pandas_df_to_arrow_bytes
    table = pa.Table.from_pandas(df)
  File "pyarrow/table.pxi", line 4796, in pyarrow.lib.Table.from_pandas
  File "C:\Users\admin\miniconda3\Lib\site-packages\pyarrow\pandas_compat.py", line 651, in dataframe_to_arrays
    arrays = [convert_column(c, f)
              ~~~~~~~~~~~~~~^^^^^^
  File "C:\Users\admin\miniconda3\Lib\site-packages\pyarrow\pandas_compat.py", line 639, in convert_column
    raise e
  File "C:\Users\admin\miniconda3\Lib\site-packages\pyarrow\pandas_compat.py", line 633, in convert_column
    result = pa.array(col, type=type_, from_pandas=True, safe=safe)
  File "pyarrow/array.pxi", line 365, in pyarrow.lib.array
  File "pyarrow/array.pxi", line 91, in pyarrow.lib._ndarray_to_array
  File "pyarrow/error.pxi", line 92, in pyarrow.lib.check_status
pyarrow.lib.ArrowInvalid: ("Could not convert '—' with type str: tried to convert to double", 'Conversion failed for column 【左】路寬(m) with type object')
2026-08-30 09:41:30.512 Please replace `use_container_width` with `width`.

`use_container_width` will be removed after 2025-12-31.

For `use_container_width=True`, use `width='stretch'`. For `use_container_width=False`, use `width='content'`.
2026-08-30 09:41:30.520 Please replace `use_container_width` with `width`.

`use_container_width` will be removed after 2025-12-31.

For `use_container_width=True`, use `width='stretch'`. For `use_container_width=False`, use `width='content'`.
2026-08-30 09:41:30.546 Please replace `use_container_width` with `width`.

`use_container_width` will be removed after 2025-12-31.

For `use_container_width=True`, use `width='stretch'`. For `use_container_width=False`, use `width='content'`.
2026-08-30 09:41:30.555 Please replace `use_container_width` with `width`.

`use_container_width` will be removed after 2025-12-31.

For `use_container_width=True`, use `width='stretch'`. For `use_container_width=False`, use `width='content'`.
2026-08-30 09:41:30.625 Please replace `use_container_width` with `width`.

`use_container_width` will be removed after 2025-12-31.

For `use_container_width=True`, use `width='stretch'`. For `use_container_width=False`, use `width='content'`.
2026-08-30 09:41:30.633 Please replace `use_container_width` with `width`.

`use_container_width` will be removed after 2025-12-31.

For `use_container_width=True`, use `width='stretch'`. For `use_container_width=False`, use `width='content'`.
2026-08-30 09:42:00.910 Please replace `st.components.v1.html` with `st.iframe`.

`st.components.v1.html` will be removed after 2026-06-01.
2026-08-30 09:42:01.059 Please replace `use_container_width` with `width`.

`use_container_width` will be removed after 2025-12-31.

For `use_container_width=True`, use `width='stretch'`. For `use_container_width=False`, use `width='content'`.
2026-08-30 09:42:01.146 Please replace `use_container_width` with `width`.

`use_container_width` will be removed after 2025-12-31.

For `use_container_width=True`, use `width='stretch'`. For `use_container_width=False`, use `width='content'`.
2026-08-30 09:42:01.229 Please replace `use_container_width` with `width`.

`use_container_width` will be removed after 2025-12-31.

For `use_container_width=True`, use `width='stretch'`. For `use_container_width=False`, use `width='content'`.
2026-08-30 09:42:01.675 Please replace `use_container_width` with `width`.

`use_container_width` will be removed after 2025-12-31.

For `use_container_width=True`, use `width='stretch'`. For `use_container_width=False`, use `width='content'`.
2026-08-30 09:42:01.925 Please replace `st.components.v1.html` with `st.iframe`.

`st.components.v1.html` will be removed after 2026-06-01.
2026-08-30 09:42:02.040 Please replace `use_container_width` with `width`.

`use_container_width` will be removed after 2025-12-31.

For `use_container_width=True`, use `width='stretch'`. For `use_container_width=False`, use `width='content'`.
2026-08-30 09:42:02.130 Please replace `use_container_width` with `width`.

`use_container_width` will be removed after 2025-12-31.

For `use_container_width=True`, use `width='stretch'`. For `use_container_width=False`, use `width='content'`.
2026-08-30 09:42:02.222 Please replace `use_container_width` with `width`.

`use_container_width` will be removed after 2025-12-31.

For `use_container_width=True`, use `width='stretch'`. For `use_container_width=False`, use `width='content'`.
2026-08-30 09:42:02.627 Please replace `use_container_width` with `width`.

`use_container_width` will be removed after 2025-12-31.

For `use_container_width=True`, use `width='stretch'`. For `use_container_width=False`, use `width='content'`.
2026-08-30 09:42:02.820 Please replace `use_container_width` with `width`.

`use_container_width` will be removed after 2025-12-31.

For `use_container_width=True`, use `width='stretch'`. For `use_container_width=False`, use `width='content'`.
2026-08-30 09:42:02.904 Please replace `use_container_width` with `width`.

`use_container_width` will be removed after 2025-12-31.

For `use_container_width=True`, use `width='stretch'`. For `use_container_width=False`, use `width='content'`.
2026-08-30 09:42:02.905 Serialization of dataframe to Arrow table was unsuccessful. Applying automatic fixes for column types to make the dataframe Arrow-compatible.
Traceback (most recent call last):
  File "C:\Users\admin\miniconda3\Lib\site-packages\streamlit\dataframe_util.py", line 818, in convert_pandas_df_to_arrow_bytes
    table = pa.Table.from_pandas(df)
  File "pyarrow/table.pxi", line 4796, in pyarrow.lib.Table.from_pandas
  File "C:\Users\admin\miniconda3\Lib\site-packages\pyarrow\pandas_compat.py", line 651, in dataframe_to_arrays
    arrays = [convert_column(c, f)
              ~~~~~~~~~~~~~~^^^^^^
  File "C:\Users\admin\miniconda3\Lib\site-packages\pyarrow\pandas_compat.py", line 639, in convert_column
    raise e
  File "C:\Users\admin\miniconda3\Lib\site-packages\pyarrow\pandas_compat.py", line 633, in convert_column
    result = pa.array(col, type=type_, from_pandas=True, safe=safe)
  File "pyarrow/array.pxi", line 365, in pyarrow.lib.array
  File "pyarrow/array.pxi", line 91, in pyarrow.lib._ndarray_to_array
  File "pyarrow/error.pxi", line 92, in pyarrow.lib.check_status
pyarrow.lib.ArrowInvalid: ("Could not convert '—' with type str: tried to convert to double", 'Conversion failed for column 【左】路寬(m) with type object')
2026-08-30 09:42:02.918 Please replace `use_container_width` with `width`.

`use_container_width` will be removed after 2025-12-31.

For `use_container_width=True`, use `width='stretch'`. For `use_container_width=False`, use `width='content'`.
2026-08-30 09:42:02.925 Please replace `use_container_width` with `width`.

`use_container_width` will be removed after 2025-12-31.

For `use_container_width=True`, use `width='stretch'`. For `use_container_width=False`, use `width='content'`.
2026-08-30 09:42:02.950 Please replace `use_container_width` with `width`.

`use_container_width` will be removed after 2025-12-31.

For `use_container_width=True`, use `width='stretch'`. For `use_container_width=False`, use `width='content'`.
2026-08-30 09:42:02.955 Please replace `use_container_width` with `width`.

`use_container_width` will be removed after 2025-12-31.

For `use_container_width=True`, use `width='stretch'`. For `use_container_width=False`, use `width='content'`.
2026-08-30 09:42:02.999 Please replace `use_container_width` with `width`.

`use_container_width` will be removed after 2025-12-31.

For `use_container_width=True`, use `width='stretch'`. For `use_container_width=False`, use `width='content'`.
2026-08-30 09:42:03.003 Please replace `use_container_width` with `width`.

`use_container_width` will be removed after 2025-12-31.

For `use_container_width=True`, use `width='stretch'`. For `use_container_width=False`, use `width='content'`.
2026-08-30 09:42:16.495 Please replace `st.components.v1.html` with `st.iframe`.

`st.components.v1.html` will be removed after 2026-06-01.
2026-08-30 09:42:16.610 Please replace `use_container_width` with `width`.

`use_container_width` will be removed after 2025-12-31.

For `use_container_width=True`, use `width='stretch'`. For `use_container_width=False`, use `width='content'`.
2026-08-30 09:42:16.700 Please replace `use_container_width` with `width`.

`use_container_width` will be removed after 2025-12-31.

For `use_container_width=True`, use `width='stretch'`. For `use_container_width=False`, use `width='content'`.
2026-08-30 09:42:16.793 Please replace `use_container_width` with `width`.

`use_container_width` will be removed after 2025-12-31.

For `use_container_width=True`, use `width='stretch'`. For `use_container_width=False`, use `width='content'`.
2026-08-30 09:42:17.239 Please replace `use_container_width` with `width`.

`use_container_width` will be removed after 2025-12-31.

For `use_container_width=True`, use `width='stretch'`. For `use_container_width=False`, use `width='content'`.
2026-08-30 09:42:17.411 Please replace `use_container_width` with `width`.

`use_container_width` will be removed after 2025-12-31.

For `use_container_width=True`, use `width='stretch'`. For `use_container_width=False`, use `width='content'`.
2026-08-30 09:42:17.497 Please replace `use_container_width` with `width`.

`use_container_width` will be removed after 2025-12-31.

For `use_container_width=True`, use `width='stretch'`. For `use_container_width=False`, use `width='content'`.
2026-08-30 09:42:17.499 Serialization of dataframe to Arrow table was unsuccessful. Applying automatic fixes for column types to make the dataframe Arrow-compatible.
Traceback (most recent call last):
  File "C:\Users\admin\miniconda3\Lib\site-packages\streamlit\dataframe_util.py", line 818, in convert_pandas_df_to_arrow_bytes
    table = pa.Table.from_pandas(df)
  File "pyarrow/table.pxi", line 4796, in pyarrow.lib.Table.from_pandas
  File "C:\Users\admin\miniconda3\Lib\site-packages\pyarrow\pandas_compat.py", line 651, in dataframe_to_arrays
    arrays = [convert_column(c, f)
              ~~~~~~~~~~~~~~^^^^^^
  File "C:\Users\admin\miniconda3\Lib\site-packages\pyarrow\pandas_compat.py", line 639, in convert_column
    raise e
  File "C:\Users\admin\miniconda3\Lib\site-packages\pyarrow\pandas_compat.py", line 633, in convert_column
    result = pa.array(col, type=type_, from_pandas=True, safe=safe)
  File "pyarrow/array.pxi", line 365, in pyarrow.lib.array
  File "pyarrow/array.pxi", line 91, in pyarrow.lib._ndarray_to_array
  File "pyarrow/error.pxi", line 92, in pyarrow.lib.check_status
pyarrow.lib.ArrowInvalid: ("Could not convert '—' with type str: tried to convert to double", 'Conversion failed for column 【左】路寬(m) with type object')
2026-08-30 09:42:17.512 Please replace `use_container_width` with `width`.

`use_container_width` will be removed after 2025-12-31.

For `use_container_width=True`, use `width='stretch'`. For `use_container_width=False`, use `width='content'`.
2026-08-30 09:42:17.519 Please replace `use_container_width` with `width`.

`use_container_width` will be removed after 2025-12-31.

For `use_container_width=True`, use `width='stretch'`. For `use_container_width=False`, use `width='content'`.
2026-08-30 09:42:17.546 Please replace `use_container_width` with `width`.

`use_container_width` will be removed after 2025-12-31.

For `use_container_width=True`, use `width='stretch'`. For `use_container_width=False`, use `width='content'`.
2026-08-30 09:42:17.552 Please replace `use_container_width` with `width`.

`use_container_width` will be removed after 2025-12-31.

For `use_container_width=True`, use `width='stretch'`. For `use_container_width=False`, use `width='content'`.
2026-08-30 09:42:17.614 Please replace `use_container_width` with `width`.

`use_container_width` will be removed after 2025-12-31.

For `use_container_width=True`, use `width='stretch'`. For `use_container_width=False`, use `width='content'`.
2026-08-30 09:42:17.623 Please replace `use_container_width` with `width`.

`use_container_width` will be removed after 2025-12-31.

For `use_container_width=True`, use `width='stretch'`. For `use_container_width=False`, use `width='content'`.
2026-08-30 09:42:17.744 Please replace `st.components.v1.html` with `st.iframe`.

`st.components.v1.html` will be removed after 2026-06-01.
2026-08-30 09:42:17.887 Please replace `use_container_width` with `width`.

`use_container_width` will be removed after 2025-12-31.

For `use_container_width=True`, use `width='stretch'`. For `use_container_width=False`, use `width='content'`.
2026-08-30 09:42:17.985 Please replace `use_container_width` with `width`.

`use_container_width` will be removed after 2025-12-31.

For `use_container_width=True`, use `width='stretch'`. For `use_container_width=False`, use `width='content'`.
2026-08-30 09:42:18.067 Please replace `use_container_width` with `width`.

`use_container_width` will be removed after 2025-12-31.

For `use_container_width=True`, use `width='stretch'`. For `use_container_width=False`, use `width='content'`.
2026-08-30 09:42:18.360 Please replace `st.components.v1.html` with `st.iframe`.

`st.components.v1.html` will be removed after 2026-06-01.
2026-08-30 09:42:18.478 Please replace `use_container_width` with `width`.

`use_container_width` will be removed after 2025-12-31.

For `use_container_width=True`, use `width='stretch'`. For `use_container_width=False`, use `width='content'`.
2026-08-30 09:42:18.590 Please replace `use_container_width` with `width`.

`use_container_width` will be removed after 2025-12-31.

For `use_container_width=True`, use `width='stretch'`. For `use_container_width=False`, use `width='content'`.
2026-08-30 09:42:18.984 Please replace `use_container_width` with `width`.

`use_container_width` will be removed after 2025-12-31.

For `use_container_width=True`, use `width='stretch'`. For `use_container_width=False`, use `width='content'`.
2026-08-30 09:42:19.447 Please replace `use_container_width` with `width`.

`use_container_width` will be removed after 2025-12-31.

For `use_container_width=True`, use `width='stretch'`. For `use_container_width=False`, use `width='content'`.
2026-08-30 09:42:19.604 Please replace `use_container_width` with `width`.

`use_container_width` will be removed after 2025-12-31.

For `use_container_width=True`, use `width='stretch'`. For `use_container_width=False`, use `width='content'`.
2026-08-30 09:42:19.687 Please replace `use_container_width` with `width`.

`use_container_width` will be removed after 2025-12-31.

For `use_container_width=True`, use `width='stretch'`. For `use_container_width=False`, use `width='content'`.
2026-08-30 09:42:19.689 Serialization of dataframe to Arrow table was unsuccessful. Applying automatic fixes for column types to make the dataframe Arrow-compatible.
Traceback (most recent call last):
  File "C:\Users\admin\miniconda3\Lib\site-packages\streamlit\dataframe_util.py", line 818, in convert_pandas_df_to_arrow_bytes
    table = pa.Table.from_pandas(df)
  File "pyarrow/table.pxi", line 4796, in pyarrow.lib.Table.from_pandas
  File "C:\Users\admin\miniconda3\Lib\site-packages\pyarrow\pandas_compat.py", line 651, in dataframe_to_arrays
    arrays = [convert_column(c, f)
              ~~~~~~~~~~~~~~^^^^^^
  File "C:\Users\admin\miniconda3\Lib\site-packages\pyarrow\pandas_compat.py", line 639, in convert_column
    raise e
  File "C:\Users\admin\miniconda3\Lib\site-packages\pyarrow\pandas_compat.py", line 633, in convert_column
    result = pa.array(col, type=type_, from_pandas=True, safe=safe)
  File "pyarrow/array.pxi", line 365, in pyarrow.lib.array
  File "pyarrow/array.pxi", line 91, in pyarrow.lib._ndarray_to_array
  File "pyarrow/error.pxi", line 92, in pyarrow.lib.check_status
pyarrow.lib.ArrowInvalid: ("Could not convert '—' with type str: tried to convert to double", 'Conversion failed for column 【左】路寬(m) with type object')
2026-08-30 09:42:19.705 Please replace `use_container_width` with `width`.

`use_container_width` will be removed after 2025-12-31.

For `use_container_width=True`, use `width='stretch'`. For `use_container_width=False`, use `width='content'`.
2026-08-30 09:42:19.714 Please replace `use_container_width` with `width`.

`use_container_width` will be removed after 2025-12-31.

For `use_container_width=True`, use `width='stretch'`. For `use_container_width=False`, use `width='content'`.
2026-08-30 09:42:19.742 Please replace `use_container_width` with `width`.

`use_container_width` will be removed after 2025-12-31.

For `use_container_width=True`, use `width='stretch'`. For `use_container_width=False`, use `width='content'`.
2026-08-30 09:42:19.748 Please replace `use_container_width` with `width`.

`use_container_width` will be removed after 2025-12-31.

For `use_container_width=True`, use `width='stretch'`. For `use_container_width=False`, use `width='content'`.
2026-08-30 09:42:19.817 Please replace `use_container_width` with `width`.

`use_container_width` will be removed after 2025-12-31.

For `use_container_width=True`, use `width='stretch'`. For `use_container_width=False`, use `width='content'`.
2026-08-30 09:42:19.825 Please replace `use_container_width` with `width`.

`use_container_width` will be removed after 2025-12-31.

For `use_container_width=True`, use `width='stretch'`. For `use_container_width=False`, use `width='content'`.
2026-08-30 09:42:19.945 Please replace `st.components.v1.html` with `st.iframe`.

`st.components.v1.html` will be removed after 2026-06-01.
2026-08-30 09:42:20.073 Please replace `use_container_width` with `width`.

`use_container_width` will be removed after 2025-12-31.

For `use_container_width=True`, use `width='stretch'`. For `use_container_width=False`, use `width='content'`.
2026-08-30 09:42:20.158 Please replace `use_container_width` with `width`.

`use_container_width` will be removed after 2025-12-31.

For `use_container_width=True`, use `width='stretch'`. For `use_container_width=False`, use `width='content'`.
2026-08-30 09:42:20.234 Please replace `use_container_width` with `width`.

`use_container_width` will be removed after 2025-12-31.

For `use_container_width=True`, use `width='stretch'`. For `use_container_width=False`, use `width='content'`.
2026-08-30 09:42:20.421 Please replace `st.components.v1.html` with `st.iframe`.

`st.components.v1.html` will be removed after 2026-06-01.
2026-08-30 09:42:20.719 Please replace `use_container_width` with `width`.

`use_container_width` will be removed after 2025-12-31.

For `use_container_width=True`, use `width='stretch'`. For `use_container_width=False`, use `width='content'`.
2026-08-30 09:42:20.796 Please replace `use_container_width` with `width`.

`use_container_width` will be removed after 2025-12-31.

For `use_container_width=True`, use `width='stretch'`. For `use_container_width=False`, use `width='content'`.
2026-08-30 09:42:20.881 Please replace `use_container_width` with `width`.

`use_container_width` will be removed after 2025-12-31.

For `use_container_width=True`, use `width='stretch'`. For `use_container_width=False`, use `width='content'`.
2026-08-30 09:42:21.387 Please replace `use_container_width` with `width`.

`use_container_width` will be removed after 2025-12-31.

For `use_container_width=True`, use `width='stretch'`. For `use_container_width=False`, use `width='content'`.
2026-08-30 09:42:21.567 Please replace `use_container_width` with `width`.

`use_container_width` will be removed after 2025-12-31.

For `use_container_width=True`, use `width='stretch'`. For `use_container_width=False`, use `width='content'`.
2026-08-30 09:42:21.643 Please replace `use_container_width` with `width`.

`use_container_width` will be removed after 2025-12-31.

For `use_container_width=True`, use `width='stretch'`. For `use_container_width=False`, use `width='content'`.
2026-08-30 09:42:21.647 Serialization of dataframe to Arrow table was unsuccessful. Applying automatic fixes for column types to make the dataframe Arrow-compatible.
Traceback (most recent call last):
  File "C:\Users\admin\miniconda3\Lib\site-packages\streamlit\dataframe_util.py", line 818, in convert_pandas_df_to_arrow_bytes
    table = pa.Table.from_pandas(df)
  File "pyarrow/table.pxi", line 4796, in pyarrow.lib.Table.from_pandas
  File "C:\Users\admin\miniconda3\Lib\site-packages\pyarrow\pandas_compat.py", line 651, in dataframe_to_arrays
    arrays = [convert_column(c, f)
              ~~~~~~~~~~~~~~^^^^^^
  File "C:\Users\admin\miniconda3\Lib\site-packages\pyarrow\pandas_compat.py", line 639, in convert_column
    raise e
  File "C:\Users\admin\miniconda3\Lib\site-packages\pyarrow\pandas_compat.py", line 633, in convert_column
    result = pa.array(col, type=type_, from_pandas=True, safe=safe)
  File "pyarrow/array.pxi", line 365, in pyarrow.lib.array
  File "pyarrow/array.pxi", line 91, in pyarrow.lib._ndarray_to_array
  File "pyarrow/error.pxi", line 92, in pyarrow.lib.check_status
pyarrow.lib.ArrowInvalid: ("Could not convert '—' with type str: tried to convert to double", 'Conversion failed for column 【左】路寬(m) with type object')
2026-08-30 09:42:21.659 Please replace `use_container_width` with `width`.

`use_container_width` will be removed after 2025-12-31.

For `use_container_width=True`, use `width='stretch'`. For `use_container_width=False`, use `width='content'`.
2026-08-30 09:42:21.668 Please replace `use_container_width` with `width`.

`use_container_width` will be removed after 2025-12-31.

For `use_container_width=True`, use `width='stretch'`. For `use_container_width=False`, use `width='content'`.
2026-08-30 09:42:21.693 Please replace `use_container_width` with `width`.

`use_container_width` will be removed after 2025-12-31.

For `use_container_width=True`, use `width='stretch'`. For `use_container_width=False`, use `width='content'`.
2026-08-30 09:42:21.698 Please replace `use_container_width` with `width`.

`use_container_width` will be removed after 2025-12-31.

For `use_container_width=True`, use `width='stretch'`. For `use_container_width=False`, use `width='content'`.
2026-08-30 09:42:21.765 Please replace `use_container_width` with `width`.

`use_container_width` will be removed after 2025-12-31.

For `use_container_width=True`, use `width='stretch'`. For `use_container_width=False`, use `width='content'`.
2026-08-30 09:42:21.772 Please replace `use_container_width` with `width`.

`use_container_width` will be removed after 2025-12-31.

For `use_container_width=True`, use `width='stretch'`. For `use_container_width=False`, use `width='content'`.
2026-08-30 09:42:21.886 Please replace `st.components.v1.html` with `st.iframe`.

`st.components.v1.html` will be removed after 2026-06-01.
2026-08-30 09:42:22.016 Please replace `use_container_width` with `width`.

`use_container_width` will be removed after 2025-12-31.

For `use_container_width=True`, use `width='stretch'`. For `use_container_width=False`, use `width='content'`.
2026-08-30 09:42:22.099 Please replace `use_container_width` with `width`.

`use_container_width` will be removed after 2025-12-31.

For `use_container_width=True`, use `width='stretch'`. For `use_container_width=False`, use `width='content'`.
2026-08-30 09:42:22.218 Please replace `st.components.v1.html` with `st.iframe`.

`st.components.v1.html` will be removed after 2026-06-01.
2026-08-30 09:42:27.498 Please replace `st.components.v1.html` with `st.iframe`.

`st.components.v1.html` will be removed after 2026-06-01.
2026-08-30 09:42:29.628 Please replace `st.components.v1.html` with `st.iframe`.

`st.components.v1.html` will be removed after 2026-06-01.
2026-08-30 09:42:29.942 Please replace `st.components.v1.html` with `st.iframe`.

`st.components.v1.html` will be removed after 2026-06-01.
2026-08-30 09:42:29.996 The widget with key "bi" was created with a default value but also had its value set via the Session State API.
Stack (most recent call last):
  File "C:\Users\admin\miniconda3\Lib\threading.py", line 1015, in _bootstrap
    self._bootstrap_inner()
  File "C:\Users\admin\miniconda3\Lib\threading.py", line 1044, in _bootstrap_inner
    self.run()
  File "C:\Users\admin\miniconda3\Lib\threading.py", line 995, in run
    self._target(*self._args, **self._kwargs)
  File "C:\Users\admin\miniconda3\Lib\site-packages\streamlit\runtime\scriptrunner\script_runner.py", line 379, in _run_script_thread
    self._run_script(request.rerun_data)
  File "C:\Users\admin\miniconda3\Lib\site-packages\streamlit\runtime\scriptrunner\script_runner.py", line 705, in _run_script
    ) = exec_func_with_error_handling(code_to_exec, ctx)
  File "C:\Users\admin\miniconda3\Lib\site-packages\streamlit\runtime\scriptrunner\exec_code.py", line 129, in exec_func_with_error_handling
    result = func()
  File "C:\Users\admin\miniconda3\Lib\site-packages\streamlit\runtime\scriptrunner\script_runner.py", line 689, in code_to_exec
    exec(code, module.__dict__)  # noqa: S102
  File "C:\Users\admin\Desktop\land-readjustment-trial\app.py", line 22922, in <module>
    main()
  File "C:\Users\admin\Desktop\land-readjustment-trial\app.py", line 14071, in main
    base_idx = _ni("基期物價指數(113.11)", min_value=50.0, max_value=200.0, value=100.0, step=0.1, key="bi")
  File "C:\Users\admin\Desktop\land-readjustment-trial\app.py", line 108, in _ni
    val = _st_number_input(label, **kwargs)
  File "C:\Users\admin\miniconda3\Lib\site-packages\streamlit\runtime\metrics_util.py", line 563, in wrapped_func
    result = non_optional_func(*args, **kwargs)
  File "C:\Users\admin\miniconda3\Lib\site-packages\streamlit\elements\widgets\number_input.py", line 447, in number_input
    return self._number_input(
  File "C:\Users\admin\miniconda3\Lib\site-packages\streamlit\elements\widgets\number_input.py", line 492, in _number_input
    check_widget_policies(
  File "C:\Users\admin\miniconda3\Lib\site-packages\streamlit\elements\lib\policies.py", line 180, in check_widget_policies
    check_session_state_rules(
  File "C:\Users\admin\miniconda3\Lib\site-packages\streamlit\elements\lib\policies.py", line 91, in check_session_state_rules
    _LOGGER.warning(
────────────────────────── Traceback (most recent call last) ───────────────────────────
  C:\Users\admin\miniconda3\Lib\site-packages\streamlit\runtime\scriptrunner\exec_code
  .py:129 in exec_func_with_error_handling

  C:\Users\admin\miniconda3\Lib\site-packages\streamlit\runtime\scriptrunner\script_ru
  nner.py:689 in code_to_exec

  C:\Users\admin\Desktop\land-readjustment-trial\app.py:22922 in <module>

    22919 │   │   │   │   │   │      "雙路同源終驗（app live vs wf/f4 baseline 逐格）
    22920
    22921 if __name__ == "__main__":
  ❱ 22922 │   main()
    22923

  C:\Users\admin\Desktop\land-readjustment-trial\app.py:14072 in main

    14069 │   │   │   │   │   │   │   st.rerun()
    14070 │   │   │
    14071 │   │   │   base_idx = _ni("基期物價指數(113.11)", min_value=50.0, max_value
  ❱ 14072 │   │   │   curr_idx = _ni("價格日期物價指數", min_value=50.0, max_value=200
    14073 │   │   │   pir = curr_idx / base_idx if base_idx > 0 else 1.0
    14074 │   │   │   st.success(f"調整後營造單價：{base_cc * pir:,.0f} 元/坪")
    14075

  C:\Users\admin\Desktop\land-readjustment-trial\app.py:108 in _ni

      105 │   key = kwargs.get('key', '')
      106 │   if key and f"_sv_{key}" in st.session_state:
      107 │   │   kwargs['value'] = st.session_state[f"_sv_{key}"]
  ❱   108 │   val = _st_number_input(label, **kwargs)
      109 │   if key:
      110 │   │   st.session_state[f"_sv_{key}"] = val
      111 │   return val

  C:\Users\admin\miniconda3\Lib\site-packages\streamlit\runtime\metrics_util.py:563 in
  wrapped_func

  C:\Users\admin\miniconda3\Lib\site-packages\streamlit\elements\widgets\number_input.
  py:447 in number_input

  C:\Users\admin\miniconda3\Lib\site-packages\streamlit\elements\widgets\number_input.
  py:590 in _number_input
────────────────────────────────────────────────────────────────────────────────────────
StreamlitValueBelowMinError: The `value` 0.0 is less than the `min_value` 50.0.
2026-08-30 09:42:40.633 Please replace `st.components.v1.html` with `st.iframe`.

`st.components.v1.html` will be removed after 2026-06-01.
2026-08-30 09:42:40.773 Please replace `st.components.v1.html` with `st.iframe`.

`st.components.v1.html` will be removed after 2026-06-01.
2026-08-30 09:42:40.812 Please replace `use_container_width` with `width`.

`use_container_width` will be removed after 2025-12-31.

For `use_container_width=True`, use `width='stretch'`. For `use_container_width=False`, use `width='content'`.
2026-08-30 09:42:44.733 Please replace `st.components.v1.html` with `st.iframe`.

`st.components.v1.html` will be removed after 2026-06-01.
2026-08-30 09:42:44.776 Please replace `use_container_width` with `width`.

`use_container_width` will be removed after 2025-12-31.

For `use_container_width=True`, use `width='stretch'`. For `use_container_width=False`, use `width='content'`.
2026-08-30 09:42:48.755 Please replace `st.components.v1.html` with `st.iframe`.

`st.components.v1.html` will be removed after 2026-06-01.
2026-08-30 09:42:48.785 Please replace `use_container_width` with `width`.

`use_container_width` will be removed after 2025-12-31.

For `use_container_width=True`, use `width='stretch'`. For `use_container_width=False`, use `width='content'`.
2026-08-30 09:42:50.575 Please replace `st.components.v1.html` with `st.iframe`.

`st.components.v1.html` will be removed after 2026-06-01.
2026-08-30 09:42:50.607 Please replace `use_container_width` with `width`.

`use_container_width` will be removed after 2025-12-31.

For `use_container_width=True`, use `width='stretch'`. For `use_container_width=False`, use `width='content'`.
2026-08-30 09:42:54.975 Please replace `st.components.v1.html` with `st.iframe`.

`st.components.v1.html` will be removed after 2026-06-01.
2026-08-30 09:42:55.009 Please replace `use_container_width` with `width`.

`use_container_width` will be removed after 2025-12-31.

For `use_container_width=True`, use `width='stretch'`. For `use_container_width=False`, use `width='content'`.
2026-08-30 09:43:01.780 Please replace `st.components.v1.html` with `st.iframe`.

`st.components.v1.html` will be removed after 2026-06-01.
2026-08-30 09:43:06.553 Please replace `st.components.v1.html` with `st.iframe`.

`st.components.v1.html` will be removed after 2026-06-01.
2026-08-30 09:43:09.002 Please replace `st.components.v1.html` with `st.iframe`.

`st.components.v1.html` will be removed after 2026-06-01.
2026-08-30 09:43:09.696 Please replace `st.components.v1.html` with `st.iframe`.

`st.components.v1.html` will be removed after 2026-06-01.
2026-08-30 09:43:09.703 Please replace `use_container_width` with `width`.

`use_container_width` will be removed after 2025-12-31.

For `use_container_width=True`, use `width='stretch'`. For `use_container_width=False`, use `width='content'`.
2026-08-30 09:43:09.707 Please replace `use_container_width` with `width`.

`use_container_width` will be removed after 2025-12-31.

For `use_container_width=True`, use `width='stretch'`. For `use_container_width=False`, use `width='content'`.
2026-08-30 09:43:09.716 Please replace `use_container_width` with `width`.

`use_container_width` will be removed after 2025-12-31.

For `use_container_width=True`, use `width='stretch'`. For `use_container_width=False`, use `width='content'`.
2026-08-30 09:43:09.873 Please replace `use_container_width` with `width`.

`use_container_width` will be removed after 2025-12-31.

For `use_container_width=True`, use `width='stretch'`. For `use_container_width=False`, use `width='content'`.
2026-08-30 09:43:09.899 Please replace `use_container_width` with `width`.

`use_container_width` will be removed after 2025-12-31.

For `use_container_width=True`, use `width='stretch'`. For `use_container_width=False`, use `width='content'`.
2026-08-30 09:43:09.910 Please replace `use_container_width` with `width`.

`use_container_width` will be removed after 2025-12-31.

For `use_container_width=True`, use `width='stretch'`. For `use_container_width=False`, use `width='content'`.
2026-08-30 09:43:13.804 Please replace `st.components.v1.html` with `st.iframe`.

`st.components.v1.html` will be removed after 2026-06-01.
2026-08-30 09:43:13.812 Please replace `use_container_width` with `width`.

`use_container_width` will be removed after 2025-12-31.

For `use_container_width=True`, use `width='stretch'`. For `use_container_width=False`, use `width='content'`.
2026-08-30 09:43:13.820 Please replace `use_container_width` with `width`.

`use_container_width` will be removed after 2025-12-31.

For `use_container_width=True`, use `width='stretch'`. For `use_container_width=False`, use `width='content'`.
2026-08-30 09:43:13.832 Please replace `use_container_width` with `width`.

`use_container_width` will be removed after 2025-12-31.

For `use_container_width=True`, use `width='stretch'`. For `use_container_width=False`, use `width='content'`.
2026-08-30 09:43:13.870 Please replace `use_container_width` with `width`.

`use_container_width` will be removed after 2025-12-31.

For `use_container_width=True`, use `width='stretch'`. For `use_container_width=False`, use `width='content'`.
2026-08-30 09:43:13.901 Please replace `use_container_width` with `width`.

`use_container_width` will be removed after 2025-12-31.

For `use_container_width=True`, use `width='stretch'`. For `use_container_width=False`, use `width='content'`.
2026-08-30 09:43:13.918 Please replace `use_container_width` with `width`.

`use_container_width` will be removed after 2025-12-31.

For `use_container_width=True`, use `width='stretch'`. For `use_container_width=False`, use `width='content'`.
2026-08-30 09:43:15.050 Please replace `st.components.v1.html` with `st.iframe`.

`st.components.v1.html` will be removed after 2026-06-01.
2026-08-30 09:43:15.057 Please replace `use_container_width` with `width`.

`use_container_width` will be removed after 2025-12-31.

For `use_container_width=True`, use `width='stretch'`. For `use_container_width=False`, use `width='content'`.
2026-08-30 09:43:15.062 Please replace `use_container_width` with `width`.

`use_container_width` will be removed after 2025-12-31.

For `use_container_width=True`, use `width='stretch'`. For `use_container_width=False`, use `width='content'`.
2026-08-30 09:43:15.070 Please replace `use_container_width` with `width`.

`use_container_width` will be removed after 2025-12-31.

For `use_container_width=True`, use `width='stretch'`. For `use_container_width=False`, use `width='content'`.
2026-08-30 09:43:15.115 Please replace `use_container_width` with `width`.

`use_container_width` will be removed after 2025-12-31.

For `use_container_width=True`, use `width='stretch'`. For `use_container_width=False`, use `width='content'`.
2026-08-30 09:43:15.139 Please replace `use_container_width` with `width`.

`use_container_width` will be removed after 2025-12-31.

For `use_container_width=True`, use `width='stretch'`. For `use_container_width=False`, use `width='content'`.
2026-08-30 09:43:15.144 Please replace `use_container_width` with `width`.

`use_container_width` will be removed after 2025-12-31.

For `use_container_width=True`, use `width='stretch'`. For `use_container_width=False`, use `width='content'`.
2026-08-30 09:43:16.086 Please replace `st.components.v1.html` with `st.iframe`.

`st.components.v1.html` will be removed after 2026-06-01.
2026-08-30 09:43:16.093 Please replace `use_container_width` with `width`.

`use_container_width` will be removed after 2025-12-31.

For `use_container_width=True`, use `width='stretch'`. For `use_container_width=False`, use `width='content'`.
2026-08-30 09:43:16.098 Please replace `use_container_width` with `width`.

`use_container_width` will be removed after 2025-12-31.

For `use_container_width=True`, use `width='stretch'`. For `use_container_width=False`, use `width='content'`.
2026-08-30 09:43:16.111 Please replace `use_container_width` with `width`.

`use_container_width` will be removed after 2025-12-31.

For `use_container_width=True`, use `width='stretch'`. For `use_container_width=False`, use `width='content'`.
2026-08-30 09:43:16.162 Please replace `use_container_width` with `width`.

`use_container_width` will be removed after 2025-12-31.

For `use_container_width=True`, use `width='stretch'`. For `use_container_width=False`, use `width='content'`.
2026-08-30 09:43:16.200 Please replace `use_container_width` with `width`.

`use_container_width` will be removed after 2025-12-31.

For `use_container_width=True`, use `width='stretch'`. For `use_container_width=False`, use `width='content'`.
2026-08-30 09:43:16.217 Please replace `use_container_width` with `width`.

`use_container_width` will be removed after 2025-12-31.

For `use_container_width=True`, use `width='stretch'`. For `use_container_width=False`, use `width='content'`.
2026-08-30 09:43:18.068 Please replace `st.components.v1.html` with `st.iframe`.

`st.components.v1.html` will be removed after 2026-06-01.
2026-08-30 09:43:18.076 Please replace `use_container_width` with `width`.

`use_container_width` will be removed after 2025-12-31.

For `use_container_width=True`, use `width='stretch'`. For `use_container_width=False`, use `width='content'`.
2026-08-30 09:43:18.083 Please replace `use_container_width` with `width`.

`use_container_width` will be removed after 2025-12-31.

For `use_container_width=True`, use `width='stretch'`. For `use_container_width=False`, use `width='content'`.
2026-08-30 09:43:18.097 Please replace `use_container_width` with `width`.

`use_container_width` will be removed after 2025-12-31.

For `use_container_width=True`, use `width='stretch'`. For `use_container_width=False`, use `width='content'`.
2026-08-30 09:43:18.142 Please replace `use_container_width` with `width`.

`use_container_width` will be removed after 2025-12-31.

For `use_container_width=True`, use `width='stretch'`. For `use_container_width=False`, use `width='content'`.
2026-08-30 09:43:18.178 Please replace `use_container_width` with `width`.

`use_container_width` will be removed after 2025-12-31.

For `use_container_width=True`, use `width='stretch'`. For `use_container_width=False`, use `width='content'`.
2026-08-30 09:43:18.193 Please replace `use_container_width` with `width`.

`use_container_width` will be removed after 2025-12-31.

For `use_container_width=True`, use `width='stretch'`. For `use_container_width=False`, use `width='content'`.
2026-08-30 09:43:26.785 Please replace `st.components.v1.html` with `st.iframe`.

`st.components.v1.html` will be removed after 2026-06-01.
2026-08-30 09:43:26.927 Please replace `use_container_width` with `width`.

`use_container_width` will be removed after 2025-12-31.

For `use_container_width=True`, use `width='stretch'`. For `use_container_width=False`, use `width='content'`.
2026-08-30 09:43:27.016 Please replace `use_container_width` with `width`.

`use_container_width` will be removed after 2025-12-31.

For `use_container_width=True`, use `width='stretch'`. For `use_container_width=False`, use `width='content'`.
2026-08-30 09:43:27.106 Please replace `use_container_width` with `width`.

`use_container_width` will be removed after 2025-12-31.

For `use_container_width=True`, use `width='stretch'`. For `use_container_width=False`, use `width='content'`.
2026-08-30 09:43:27.527 Please replace `use_container_width` with `width`.

`use_container_width` will be removed after 2025-12-31.

For `use_container_width=True`, use `width='stretch'`. For `use_container_width=False`, use `width='content'`.
2026-08-30 09:43:27.733 Please replace `use_container_width` with `width`.

`use_container_width` will be removed after 2025-12-31.

For `use_container_width=True`, use `width='stretch'`. For `use_container_width=False`, use `width='content'`.
2026-08-30 09:43:27.816 Please replace `use_container_width` with `width`.

`use_container_width` will be removed after 2025-12-31.

For `use_container_width=True`, use `width='stretch'`. For `use_container_width=False`, use `width='content'`.
2026-08-30 09:43:27.818 Serialization of dataframe to Arrow table was unsuccessful. Applying automatic fixes for column types to make the dataframe Arrow-compatible.
Traceback (most recent call last):
  File "C:\Users\admin\miniconda3\Lib\site-packages\streamlit\dataframe_util.py", line 818, in convert_pandas_df_to_arrow_bytes
    table = pa.Table.from_pandas(df)
  File "pyarrow/table.pxi", line 4796, in pyarrow.lib.Table.from_pandas
  File "C:\Users\admin\miniconda3\Lib\site-packages\pyarrow\pandas_compat.py", line 651, in dataframe_to_arrays
    arrays = [convert_column(c, f)
              ~~~~~~~~~~~~~~^^^^^^
  File "C:\Users\admin\miniconda3\Lib\site-packages\pyarrow\pandas_compat.py", line 639, in convert_column
    raise e
  File "C:\Users\admin\miniconda3\Lib\site-packages\pyarrow\pandas_compat.py", line 633, in convert_column
    result = pa.array(col, type=type_, from_pandas=True, safe=safe)
  File "pyarrow/array.pxi", line 365, in pyarrow.lib.array
  File "pyarrow/array.pxi", line 91, in pyarrow.lib._ndarray_to_array
  File "pyarrow/error.pxi", line 92, in pyarrow.lib.check_status
pyarrow.lib.ArrowInvalid: ("Could not convert '—' with type str: tried to convert to double", 'Conversion failed for column 【左】路寬(m) with type object')
2026-08-30 09:43:27.830 Please replace `use_container_width` with `width`.

`use_container_width` will be removed after 2025-12-31.

For `use_container_width=True`, use `width='stretch'`. For `use_container_width=False`, use `width='content'`.
2026-08-30 09:43:27.837 Please replace `use_container_width` with `width`.

`use_container_width` will be removed after 2025-12-31.

For `use_container_width=True`, use `width='stretch'`. For `use_container_width=False`, use `width='content'`.
2026-08-30 09:43:27.865 Please replace `use_container_width` with `width`.

`use_container_width` will be removed after 2025-12-31.

For `use_container_width=True`, use `width='stretch'`. For `use_container_width=False`, use `width='content'`.
2026-08-30 09:43:27.872 Please replace `use_container_width` with `width`.

`use_container_width` will be removed after 2025-12-31.

For `use_container_width=True`, use `width='stretch'`. For `use_container_width=False`, use `width='content'`.
2026-08-30 09:43:27.948 Please replace `use_container_width` with `width`.

`use_container_width` will be removed after 2025-12-31.

For `use_container_width=True`, use `width='stretch'`. For `use_container_width=False`, use `width='content'`.
2026-08-30 09:43:27.952 Please replace `use_container_width` with `width`.

`use_container_width` will be removed after 2025-12-31.

For `use_container_width=True`, use `width='stretch'`. For `use_container_width=False`, use `width='content'`.
2026-08-30 09:43:36.997 Please replace `st.components.v1.html` with `st.iframe`.

`st.components.v1.html` will be removed after 2026-06-01.
2026-08-30 09:43:37.222 Please replace `st.components.v1.html` with `st.iframe`.

`st.components.v1.html` will be removed after 2026-06-01.
2026-08-30 09:43:37.335 Please replace `use_container_width` with `width`.

`use_container_width` will be removed after 2025-12-31.

For `use_container_width=True`, use `width='stretch'`. For `use_container_width=False`, use `width='content'`.
2026-08-30 09:43:37.408 Please replace `use_container_width` with `width`.

`use_container_width` will be removed after 2025-12-31.

For `use_container_width=True`, use `width='stretch'`. For `use_container_width=False`, use `width='content'`.
2026-08-30 09:43:37.515 Please replace `use_container_width` with `width`.

`use_container_width` will be removed after 2025-12-31.

For `use_container_width=True`, use `width='stretch'`. For `use_container_width=False`, use `width='content'`.
2026-08-30 09:43:37.883 Please replace `st.components.v1.html` with `st.iframe`.

`st.components.v1.html` will be removed after 2026-06-01.
2026-08-30 09:43:38.024 Please replace `use_container_width` with `width`.

`use_container_width` will be removed after 2025-12-31.

For `use_container_width=True`, use `width='stretch'`. For `use_container_width=False`, use `width='content'`.
2026-08-30 09:43:38.120 Please replace `use_container_width` with `width`.

`use_container_width` will be removed after 2025-12-31.

For `use_container_width=True`, use `width='stretch'`. For `use_container_width=False`, use `width='content'`.
2026-08-30 09:43:38.204 Please replace `use_container_width` with `width`.

`use_container_width` will be removed after 2025-12-31.

For `use_container_width=True`, use `width='stretch'`. For `use_container_width=False`, use `width='content'`.
2026-08-30 09:43:38.666 Please replace `use_container_width` with `width`.

`use_container_width` will be removed after 2025-12-31.

For `use_container_width=True`, use `width='stretch'`. For `use_container_width=False`, use `width='content'`.
2026-08-30 09:43:38.875 Please replace `use_container_width` with `width`.

`use_container_width` will be removed after 2025-12-31.

For `use_container_width=True`, use `width='stretch'`. For `use_container_width=False`, use `width='content'`.
2026-08-30 09:43:38.963 Please replace `use_container_width` with `width`.

`use_container_width` will be removed after 2025-12-31.

For `use_container_width=True`, use `width='stretch'`. For `use_container_width=False`, use `width='content'`.
2026-08-30 09:43:38.966 Serialization of dataframe to Arrow table was unsuccessful. Applying automatic fixes for column types to make the dataframe Arrow-compatible.
Traceback (most recent call last):
  File "C:\Users\admin\miniconda3\Lib\site-packages\streamlit\dataframe_util.py", line 818, in convert_pandas_df_to_arrow_bytes
    table = pa.Table.from_pandas(df)
  File "pyarrow/table.pxi", line 4796, in pyarrow.lib.Table.from_pandas
  File "C:\Users\admin\miniconda3\Lib\site-packages\pyarrow\pandas_compat.py", line 651, in dataframe_to_arrays
    arrays = [convert_column(c, f)
              ~~~~~~~~~~~~~~^^^^^^
  File "C:\Users\admin\miniconda3\Lib\site-packages\pyarrow\pandas_compat.py", line 639, in convert_column
    raise e
  File "C:\Users\admin\miniconda3\Lib\site-packages\pyarrow\pandas_compat.py", line 633, in convert_column
    result = pa.array(col, type=type_, from_pandas=True, safe=safe)
  File "pyarrow/array.pxi", line 365, in pyarrow.lib.array
  File "pyarrow/array.pxi", line 91, in pyarrow.lib._ndarray_to_array
  File "pyarrow/error.pxi", line 92, in pyarrow.lib.check_status
pyarrow.lib.ArrowInvalid: ("Could not convert '—' with type str: tried to convert to double", 'Conversion failed for column 【左】路寬(m) with type object')
2026-08-30 09:43:38.986 Please replace `use_container_width` with `width`.

`use_container_width` will be removed after 2025-12-31.

For `use_container_width=True`, use `width='stretch'`. For `use_container_width=False`, use `width='content'`.
2026-08-30 09:43:38.995 Please replace `use_container_width` with `width`.

`use_container_width` will be removed after 2025-12-31.

For `use_container_width=True`, use `width='stretch'`. For `use_container_width=False`, use `width='content'`.
2026-08-30 09:43:39.029 Please replace `use_container_width` with `width`.

`use_container_width` will be removed after 2025-12-31.

For `use_container_width=True`, use `width='stretch'`. For `use_container_width=False`, use `width='content'`.
2026-08-30 09:43:39.039 Please replace `use_container_width` with `width`.

`use_container_width` will be removed after 2025-12-31.

For `use_container_width=True`, use `width='stretch'`. For `use_container_width=False`, use `width='content'`.
2026-08-30 09:43:39.125 Please replace `use_container_width` with `width`.

`use_container_width` will be removed after 2025-12-31.

For `use_container_width=True`, use `width='stretch'`. For `use_container_width=False`, use `width='content'`.
2026-08-30 09:43:39.135 Please replace `use_container_width` with `width`.

`use_container_width` will be removed after 2025-12-31.

For `use_container_width=True`, use `width='stretch'`. For `use_container_width=False`, use `width='content'`.
2026-08-30 09:43:40.883 Please replace `st.components.v1.html` with `st.iframe`.

`st.components.v1.html` will be removed after 2026-06-01.
2026-08-30 09:43:40.891 Please replace `use_container_width` with `width`.

`use_container_width` will be removed after 2025-12-31.

For `use_container_width=True`, use `width='stretch'`. For `use_container_width=False`, use `width='content'`.
2026-08-30 09:43:40.896 Please replace `use_container_width` with `width`.

`use_container_width` will be removed after 2025-12-31.

For `use_container_width=True`, use `width='stretch'`. For `use_container_width=False`, use `width='content'`.
2026-08-30 09:43:40.909 Please replace `use_container_width` with `width`.

`use_container_width` will be removed after 2025-12-31.

For `use_container_width=True`, use `width='stretch'`. For `use_container_width=False`, use `width='content'`.
2026-08-30 09:43:40.961 Please replace `use_container_width` with `width`.

`use_container_width` will be removed after 2025-12-31.

For `use_container_width=True`, use `width='stretch'`. For `use_container_width=False`, use `width='content'`.
2026-08-30 09:43:40.987 Please replace `use_container_width` with `width`.

`use_container_width` will be removed after 2025-12-31.

For `use_container_width=True`, use `width='stretch'`. For `use_container_width=False`, use `width='content'`.
2026-08-30 09:43:40.999 Please replace `use_container_width` with `width`.

`use_container_width` will be removed after 2025-12-31.

For `use_container_width=True`, use `width='stretch'`. For `use_container_width=False`, use `width='content'`.
2026-08-30 09:43:44.066 Please replace `st.components.v1.html` with `st.iframe`.

`st.components.v1.html` will be removed after 2026-06-01.
2026-08-30 09:43:45.531 Please replace `st.components.v1.html` with `st.iframe`.

`st.components.v1.html` will be removed after 2026-06-01.
2026-08-30 09:43:45.539 Please replace `use_container_width` with `width`.

`use_container_width` will be removed after 2025-12-31.

For `use_container_width=True`, use `width='stretch'`. For `use_container_width=False`, use `width='content'`.
2026-08-30 09:43:45.545 Please replace `use_container_width` with `width`.

`use_container_width` will be removed after 2025-12-31.

For `use_container_width=True`, use `width='stretch'`. For `use_container_width=False`, use `width='content'`.
2026-08-30 09:43:45.558 Please replace `use_container_width` with `width`.

`use_container_width` will be removed after 2025-12-31.

For `use_container_width=True`, use `width='stretch'`. For `use_container_width=False`, use `width='content'`.
2026-08-30 09:43:45.607 Please replace `use_container_width` with `width`.

`use_container_width` will be removed after 2025-12-31.

For `use_container_width=True`, use `width='stretch'`. For `use_container_width=False`, use `width='content'`.
2026-08-30 09:43:45.632 Please replace `use_container_width` with `width`.

`use_container_width` will be removed after 2025-12-31.

For `use_container_width=True`, use `width='stretch'`. For `use_container_width=False`, use `width='content'`.
2026-08-30 09:43:45.642 Please replace `use_container_width` with `width`.

`use_container_width` will be removed after 2025-12-31.

For `use_container_width=True`, use `width='stretch'`. For `use_container_width=False`, use `width='content'`.
2026-08-30 09:43:53.496 Please replace `st.components.v1.html` with `st.iframe`.

`st.components.v1.html` will be removed after 2026-06-01.
2026-08-30 09:43:53.631 Please replace `use_container_width` with `width`.

`use_container_width` will be removed after 2025-12-31.

For `use_container_width=True`, use `width='stretch'`. For `use_container_width=False`, use `width='content'`.
2026-08-30 09:43:53.728 Please replace `use_container_width` with `width`.

`use_container_width` will be removed after 2025-12-31.

For `use_container_width=True`, use `width='stretch'`. For `use_container_width=False`, use `width='content'`.
2026-08-30 09:43:53.818 Please replace `use_container_width` with `width`.

`use_container_width` will be removed after 2025-12-31.

For `use_container_width=True`, use `width='stretch'`. For `use_container_width=False`, use `width='content'`.
2026-08-30 09:43:54.290 Please replace `use_container_width` with `width`.

`use_container_width` will be removed after 2025-12-31.

For `use_container_width=True`, use `width='stretch'`. For `use_container_width=False`, use `width='content'`.
2026-08-30 09:43:54.490 Please replace `use_container_width` with `width`.

`use_container_width` will be removed after 2025-12-31.

For `use_container_width=True`, use `width='stretch'`. For `use_container_width=False`, use `width='content'`.
2026-08-30 09:43:54.589 Please replace `use_container_width` with `width`.

`use_container_width` will be removed after 2025-12-31.

For `use_container_width=True`, use `width='stretch'`. For `use_container_width=False`, use `width='content'`.
2026-08-30 09:43:54.591 Serialization of dataframe to Arrow table was unsuccessful. Applying automatic fixes for column types to make the dataframe Arrow-compatible.
Traceback (most recent call last):
  File "C:\Users\admin\miniconda3\Lib\site-packages\streamlit\dataframe_util.py", line 818, in convert_pandas_df_to_arrow_bytes
    table = pa.Table.from_pandas(df)
  File "pyarrow/table.pxi", line 4796, in pyarrow.lib.Table.from_pandas
  File "C:\Users\admin\miniconda3\Lib\site-packages\pyarrow\pandas_compat.py", line 651, in dataframe_to_arrays
    arrays = [convert_column(c, f)
              ~~~~~~~~~~~~~~^^^^^^
  File "C:\Users\admin\miniconda3\Lib\site-packages\pyarrow\pandas_compat.py", line 639, in convert_column
    raise e
  File "C:\Users\admin\miniconda3\Lib\site-packages\pyarrow\pandas_compat.py", line 633, in convert_column
    result = pa.array(col, type=type_, from_pandas=True, safe=safe)
  File "pyarrow/array.pxi", line 365, in pyarrow.lib.array
  File "pyarrow/array.pxi", line 91, in pyarrow.lib._ndarray_to_array
  File "pyarrow/error.pxi", line 92, in pyarrow.lib.check_status
pyarrow.lib.ArrowInvalid: ("Could not convert '—' with type str: tried to convert to double", 'Conversion failed for column 【左】路寬(m) with type object')
2026-08-30 09:43:54.603 Please replace `use_container_width` with `width`.

`use_container_width` will be removed after 2025-12-31.

For `use_container_width=True`, use `width='stretch'`. For `use_container_width=False`, use `width='content'`.
2026-08-30 09:43:54.610 Please replace `use_container_width` with `width`.

`use_container_width` will be removed after 2025-12-31.

For `use_container_width=True`, use `width='stretch'`. For `use_container_width=False`, use `width='content'`.
2026-08-30 09:43:54.634 Please replace `use_container_width` with `width`.

`use_container_width` will be removed after 2025-12-31.

For `use_container_width=True`, use `width='stretch'`. For `use_container_width=False`, use `width='content'`.
2026-08-30 09:43:54.642 Please replace `use_container_width` with `width`.

`use_container_width` will be removed after 2025-12-31.

For `use_container_width=True`, use `width='stretch'`. For `use_container_width=False`, use `width='content'`.
2026-08-30 09:43:54.702 Please replace `use_container_width` with `width`.

`use_container_width` will be removed after 2025-12-31.

For `use_container_width=True`, use `width='stretch'`. For `use_container_width=False`, use `width='content'`.
2026-08-30 09:43:54.709 Please replace `use_container_width` with `width`.

`use_container_width` will be removed after 2025-12-31.

For `use_container_width=True`, use `width='stretch'`. For `use_container_width=False`, use `width='content'`.
2026-08-30 09:43:55.240 Please replace `st.components.v1.html` with `st.iframe`.

`st.components.v1.html` will be removed after 2026-06-01.
2026-08-30 09:43:55.599 Please replace `use_container_width` with `width`.

`use_container_width` will be removed after 2025-12-31.

For `use_container_width=True`, use `width='stretch'`. For `use_container_width=False`, use `width='content'`.
2026-08-30 09:43:57.027 Please replace `st.components.v1.html` with `st.iframe`.

`st.components.v1.html` will be removed after 2026-06-01.
2026-08-30 09:43:57.133 Please replace `use_container_width` with `width`.

`use_container_width` will be removed after 2025-12-31.

For `use_container_width=True`, use `width='stretch'`. For `use_container_width=False`, use `width='content'`.
2026-08-30 09:43:57.233 Please replace `use_container_width` with `width`.

`use_container_width` will be removed after 2025-12-31.

For `use_container_width=True`, use `width='stretch'`. For `use_container_width=False`, use `width='content'`.
2026-08-30 09:43:57.323 Please replace `use_container_width` with `width`.

`use_container_width` will be removed after 2025-12-31.

For `use_container_width=True`, use `width='stretch'`. For `use_container_width=False`, use `width='content'`.
2026-08-30 09:43:57.759 Please replace `use_container_width` with `width`.

`use_container_width` will be removed after 2025-12-31.

For `use_container_width=True`, use `width='stretch'`. For `use_container_width=False`, use `width='content'`.
2026-08-30 09:43:57.953 Please replace `use_container_width` with `width`.

`use_container_width` will be removed after 2025-12-31.

For `use_container_width=True`, use `width='stretch'`. For `use_container_width=False`, use `width='content'`.
2026-08-30 09:43:58.061 Please replace `use_container_width` with `width`.

`use_container_width` will be removed after 2025-12-31.

For `use_container_width=True`, use `width='stretch'`. For `use_container_width=False`, use `width='content'`.
2026-08-30 09:43:58.063 Serialization of dataframe to Arrow table was unsuccessful. Applying automatic fixes for column types to make the dataframe Arrow-compatible.
Traceback (most recent call last):
  File "C:\Users\admin\miniconda3\Lib\site-packages\streamlit\dataframe_util.py", line 818, in convert_pandas_df_to_arrow_bytes
    table = pa.Table.from_pandas(df)
  File "pyarrow/table.pxi", line 4796, in pyarrow.lib.Table.from_pandas
  File "C:\Users\admin\miniconda3\Lib\site-packages\pyarrow\pandas_compat.py", line 651, in dataframe_to_arrays
    arrays = [convert_column(c, f)
              ~~~~~~~~~~~~~~^^^^^^
  File "C:\Users\admin\miniconda3\Lib\site-packages\pyarrow\pandas_compat.py", line 639, in convert_column
    raise e
  File "C:\Users\admin\miniconda3\Lib\site-packages\pyarrow\pandas_compat.py", line 633, in convert_column
    result = pa.array(col, type=type_, from_pandas=True, safe=safe)
  File "pyarrow/array.pxi", line 365, in pyarrow.lib.array
  File "pyarrow/array.pxi", line 91, in pyarrow.lib._ndarray_to_array
  File "pyarrow/error.pxi", line 92, in pyarrow.lib.check_status
pyarrow.lib.ArrowInvalid: ("Could not convert '—' with type str: tried to convert to double", 'Conversion failed for column 【左】路寬(m) with type object')
2026-08-30 09:43:58.080 Please replace `use_container_width` with `width`.

`use_container_width` will be removed after 2025-12-31.

For `use_container_width=True`, use `width='stretch'`. For `use_container_width=False`, use `width='content'`.
2026-08-30 09:43:58.089 Please replace `use_container_width` with `width`.

`use_container_width` will be removed after 2025-12-31.

For `use_container_width=True`, use `width='stretch'`. For `use_container_width=False`, use `width='content'`.
2026-08-30 09:43:58.121 Please replace `use_container_width` with `width`.

`use_container_width` will be removed after 2025-12-31.

For `use_container_width=True`, use `width='stretch'`. For `use_container_width=False`, use `width='content'`.
2026-08-30 09:43:58.128 Please replace `use_container_width` with `width`.

`use_container_width` will be removed after 2025-12-31.

For `use_container_width=True`, use `width='stretch'`. For `use_container_width=False`, use `width='content'`.
2026-08-30 09:43:58.194 Please replace `use_container_width` with `width`.

`use_container_width` will be removed after 2025-12-31.

For `use_container_width=True`, use `width='stretch'`. For `use_container_width=False`, use `width='content'`.
2026-08-30 09:43:58.201 Please replace `use_container_width` with `width`.

`use_container_width` will be removed after 2025-12-31.

For `use_container_width=True`, use `width='stretch'`. For `use_container_width=False`, use `width='content'`.
2026-08-30 09:43:58.446 Please replace `st.components.v1.html` with `st.iframe`.

`st.components.v1.html` will be removed after 2026-06-01.
2026-08-30 09:43:58.587 Please replace `st.components.v1.html` with `st.iframe`.

`st.components.v1.html` will be removed after 2026-06-01.
2026-08-30 09:43:58.628 Please replace `use_container_width` with `width`.

`use_container_width` will be removed after 2025-12-31.

For `use_container_width=True`, use `width='stretch'`. For `use_container_width=False`, use `width='content'`.
2026-08-30 09:44:03.086 Please replace `st.components.v1.html` with `st.iframe`.

`st.components.v1.html` will be removed after 2026-06-01.
2026-08-30 09:44:07.109 Please replace `st.components.v1.html` with `st.iframe`.

`st.components.v1.html` will be removed after 2026-06-01.
2026-08-30 09:44:07.117 Please replace `use_container_width` with `width`.

`use_container_width` will be removed after 2025-12-31.

For `use_container_width=True`, use `width='stretch'`. For `use_container_width=False`, use `width='content'`.
2026-08-30 09:44:07.124 Please replace `use_container_width` with `width`.

`use_container_width` will be removed after 2025-12-31.

For `use_container_width=True`, use `width='stretch'`. For `use_container_width=False`, use `width='content'`.
2026-08-30 09:44:07.139 Please replace `use_container_width` with `width`.

`use_container_width` will be removed after 2025-12-31.

For `use_container_width=True`, use `width='stretch'`. For `use_container_width=False`, use `width='content'`.
2026-08-30 09:44:07.206 Please replace `use_container_width` with `width`.

`use_container_width` will be removed after 2025-12-31.

For `use_container_width=True`, use `width='stretch'`. For `use_container_width=False`, use `width='content'`.
2026-08-30 09:44:07.241 Please replace `use_container_width` with `width`.

`use_container_width` will be removed after 2025-12-31.

For `use_container_width=True`, use `width='stretch'`. For `use_container_width=False`, use `width='content'`.
2026-08-30 09:44:07.262 Please replace `use_container_width` with `width`.

`use_container_width` will be removed after 2025-12-31.

For `use_container_width=True`, use `width='stretch'`. For `use_container_width=False`, use `width='content'`.
2026-08-30 09:44:15.022 Please replace `st.components.v1.html` with `st.iframe`.

`st.components.v1.html` will be removed after 2026-06-01.
2026-08-30 09:44:15.127 Please replace `use_container_width` with `width`.

`use_container_width` will be removed after 2025-12-31.

For `use_container_width=True`, use `width='stretch'`. For `use_container_width=False`, use `width='content'`.
2026-08-30 09:44:15.205 Please replace `use_container_width` with `width`.

`use_container_width` will be removed after 2025-12-31.

For `use_container_width=True`, use `width='stretch'`. For `use_container_width=False`, use `width='content'`.
2026-08-30 09:44:15.291 Please replace `use_container_width` with `width`.

`use_container_width` will be removed after 2025-12-31.

For `use_container_width=True`, use `width='stretch'`. For `use_container_width=False`, use `width='content'`.
2026-08-30 09:44:15.760 Please replace `use_container_width` with `width`.

`use_container_width` will be removed after 2025-12-31.

For `use_container_width=True`, use `width='stretch'`. For `use_container_width=False`, use `width='content'`.
2026-08-30 09:44:15.959 Please replace `use_container_width` with `width`.

`use_container_width` will be removed after 2025-12-31.

For `use_container_width=True`, use `width='stretch'`. For `use_container_width=False`, use `width='content'`.
2026-08-30 09:44:16.046 Please replace `use_container_width` with `width`.

`use_container_width` will be removed after 2025-12-31.

For `use_container_width=True`, use `width='stretch'`. For `use_container_width=False`, use `width='content'`.
2026-08-30 09:44:16.047 Serialization of dataframe to Arrow table was unsuccessful. Applying automatic fixes for column types to make the dataframe Arrow-compatible.
Traceback (most recent call last):
  File "C:\Users\admin\miniconda3\Lib\site-packages\streamlit\dataframe_util.py", line 818, in convert_pandas_df_to_arrow_bytes
    table = pa.Table.from_pandas(df)
  File "pyarrow/table.pxi", line 4796, in pyarrow.lib.Table.from_pandas
  File "C:\Users\admin\miniconda3\Lib\site-packages\pyarrow\pandas_compat.py", line 651, in dataframe_to_arrays
    arrays = [convert_column(c, f)
              ~~~~~~~~~~~~~~^^^^^^
  File "C:\Users\admin\miniconda3\Lib\site-packages\pyarrow\pandas_compat.py", line 639, in convert_column
    raise e
  File "C:\Users\admin\miniconda3\Lib\site-packages\pyarrow\pandas_compat.py", line 633, in convert_column
    result = pa.array(col, type=type_, from_pandas=True, safe=safe)
  File "pyarrow/array.pxi", line 365, in pyarrow.lib.array
  File "pyarrow/array.pxi", line 91, in pyarrow.lib._ndarray_to_array
  File "pyarrow/error.pxi", line 92, in pyarrow.lib.check_status
pyarrow.lib.ArrowInvalid: ("Could not convert '—' with type str: tried to convert to double", 'Conversion failed for column 【左】路寬(m) with type object')
2026-08-30 09:44:16.060 Please replace `use_container_width` with `width`.

`use_container_width` will be removed after 2025-12-31.

For `use_container_width=True`, use `width='stretch'`. For `use_container_width=False`, use `width='content'`.
2026-08-30 09:44:16.065 Please replace `use_container_width` with `width`.

`use_container_width` will be removed after 2025-12-31.

For `use_container_width=True`, use `width='stretch'`. For `use_container_width=False`, use `width='content'`.
2026-08-30 09:44:16.097 Please replace `use_container_width` with `width`.

`use_container_width` will be removed after 2025-12-31.

For `use_container_width=True`, use `width='stretch'`. For `use_container_width=False`, use `width='content'`.
2026-08-30 09:44:16.103 Please replace `use_container_width` with `width`.

`use_container_width` will be removed after 2025-12-31.

For `use_container_width=True`, use `width='stretch'`. For `use_container_width=False`, use `width='content'`.
2026-08-30 09:44:16.172 Please replace `use_container_width` with `width`.

`use_container_width` will be removed after 2025-12-31.

For `use_container_width=True`, use `width='stretch'`. For `use_container_width=False`, use `width='content'`.
2026-08-30 09:44:16.181 Please replace `use_container_width` with `width`.

`use_container_width` will be removed after 2025-12-31.

For `use_container_width=True`, use `width='stretch'`. For `use_container_width=False`, use `width='content'`.
2026-08-30 09:44:20.942 Please replace `st.components.v1.html` with `st.iframe`.

`st.components.v1.html` will be removed after 2026-06-01.
2026-08-30 09:44:21.077 Please replace `use_container_width` with `width`.

`use_container_width` will be removed after 2025-12-31.

For `use_container_width=True`, use `width='stretch'`. For `use_container_width=False`, use `width='content'`.
2026-08-30 09:44:21.166 Please replace `use_container_width` with `width`.

`use_container_width` will be removed after 2025-12-31.

For `use_container_width=True`, use `width='stretch'`. For `use_container_width=False`, use `width='content'`.
2026-08-30 09:44:21.259 Please replace `use_container_width` with `width`.

`use_container_width` will be removed after 2025-12-31.

For `use_container_width=True`, use `width='stretch'`. For `use_container_width=False`, use `width='content'`.
2026-08-30 09:44:21.719 Please replace `use_container_width` with `width`.

`use_container_width` will be removed after 2025-12-31.

For `use_container_width=True`, use `width='stretch'`. For `use_container_width=False`, use `width='content'`.
2026-08-30 09:44:21.906 Please replace `use_container_width` with `width`.

`use_container_width` will be removed after 2025-12-31.

For `use_container_width=True`, use `width='stretch'`. For `use_container_width=False`, use `width='content'`.
2026-08-30 09:44:22.011 Please replace `use_container_width` with `width`.

`use_container_width` will be removed after 2025-12-31.

For `use_container_width=True`, use `width='stretch'`. For `use_container_width=False`, use `width='content'`.
2026-08-30 09:44:22.012 Serialization of dataframe to Arrow table was unsuccessful. Applying automatic fixes for column types to make the dataframe Arrow-compatible.
Traceback (most recent call last):
  File "C:\Users\admin\miniconda3\Lib\site-packages\streamlit\dataframe_util.py", line 818, in convert_pandas_df_to_arrow_bytes
    table = pa.Table.from_pandas(df)
  File "pyarrow/table.pxi", line 4796, in pyarrow.lib.Table.from_pandas
  File "C:\Users\admin\miniconda3\Lib\site-packages\pyarrow\pandas_compat.py", line 651, in dataframe_to_arrays
    arrays = [convert_column(c, f)
              ~~~~~~~~~~~~~~^^^^^^
  File "C:\Users\admin\miniconda3\Lib\site-packages\pyarrow\pandas_compat.py", line 639, in convert_column
    raise e
  File "C:\Users\admin\miniconda3\Lib\site-packages\pyarrow\pandas_compat.py", line 633, in convert_column
    result = pa.array(col, type=type_, from_pandas=True, safe=safe)
  File "pyarrow/array.pxi", line 365, in pyarrow.lib.array
  File "pyarrow/array.pxi", line 91, in pyarrow.lib._ndarray_to_array
  File "pyarrow/error.pxi", line 92, in pyarrow.lib.check_status
pyarrow.lib.ArrowInvalid: ("Could not convert '—' with type str: tried to convert to double", 'Conversion failed for column 【左】路寬(m) with type object')
2026-08-30 09:44:22.031 Please replace `use_container_width` with `width`.

`use_container_width` will be removed after 2025-12-31.

For `use_container_width=True`, use `width='stretch'`. For `use_container_width=False`, use `width='content'`.
2026-08-30 09:44:22.039 Please replace `use_container_width` with `width`.

`use_container_width` will be removed after 2025-12-31.

For `use_container_width=True`, use `width='stretch'`. For `use_container_width=False`, use `width='content'`.
2026-08-30 09:44:22.060 Please replace `use_container_width` with `width`.

`use_container_width` will be removed after 2025-12-31.

For `use_container_width=True`, use `width='stretch'`. For `use_container_width=False`, use `width='content'`.
2026-08-30 09:44:22.067 Please replace `use_container_width` with `width`.

`use_container_width` will be removed after 2025-12-31.

For `use_container_width=True`, use `width='stretch'`. For `use_container_width=False`, use `width='content'`.
2026-08-30 09:44:22.135 Please replace `use_container_width` with `width`.

`use_container_width` will be removed after 2025-12-31.

For `use_container_width=True`, use `width='stretch'`. For `use_container_width=False`, use `width='content'`.
2026-08-30 09:44:22.142 Please replace `use_container_width` with `width`.

`use_container_width` will be removed after 2025-12-31.

For `use_container_width=True`, use `width='stretch'`. For `use_container_width=False`, use `width='content'`.
2026-08-30 09:44:30.169 Please replace `st.components.v1.html` with `st.iframe`.

`st.components.v1.html` will be removed after 2026-06-01.
2026-08-30 09:44:30.302 Please replace `use_container_width` with `width`.

`use_container_width` will be removed after 2025-12-31.

For `use_container_width=True`, use `width='stretch'`. For `use_container_width=False`, use `width='content'`.
2026-08-30 09:44:30.392 Please replace `use_container_width` with `width`.

`use_container_width` will be removed after 2025-12-31.

For `use_container_width=True`, use `width='stretch'`. For `use_container_width=False`, use `width='content'`.
2026-08-30 09:44:30.471 Please replace `use_container_width` with `width`.

`use_container_width` will be removed after 2025-12-31.

For `use_container_width=True`, use `width='stretch'`. For `use_container_width=False`, use `width='content'`.
2026-08-30 09:44:30.889 Please replace `use_container_width` with `width`.

`use_container_width` will be removed after 2025-12-31.

For `use_container_width=True`, use `width='stretch'`. For `use_container_width=False`, use `width='content'`.
2026-08-30 09:44:31.091 Please replace `use_container_width` with `width`.

`use_container_width` will be removed after 2025-12-31.

For `use_container_width=True`, use `width='stretch'`. For `use_container_width=False`, use `width='content'`.
2026-08-30 09:44:31.169 Please replace `use_container_width` with `width`.

`use_container_width` will be removed after 2025-12-31.

For `use_container_width=True`, use `width='stretch'`. For `use_container_width=False`, use `width='content'`.
2026-08-30 09:44:31.172 Serialization of dataframe to Arrow table was unsuccessful. Applying automatic fixes for column types to make the dataframe Arrow-compatible.
Traceback (most recent call last):
  File "C:\Users\admin\miniconda3\Lib\site-packages\streamlit\dataframe_util.py", line 818, in convert_pandas_df_to_arrow_bytes
    table = pa.Table.from_pandas(df)
  File "pyarrow/table.pxi", line 4796, in pyarrow.lib.Table.from_pandas
  File "C:\Users\admin\miniconda3\Lib\site-packages\pyarrow\pandas_compat.py", line 651, in dataframe_to_arrays
    arrays = [convert_column(c, f)
              ~~~~~~~~~~~~~~^^^^^^
  File "C:\Users\admin\miniconda3\Lib\site-packages\pyarrow\pandas_compat.py", line 639, in convert_column
    raise e
  File "C:\Users\admin\miniconda3\Lib\site-packages\pyarrow\pandas_compat.py", line 633, in convert_column
    result = pa.array(col, type=type_, from_pandas=True, safe=safe)
  File "pyarrow/array.pxi", line 365, in pyarrow.lib.array
  File "pyarrow/array.pxi", line 91, in pyarrow.lib._ndarray_to_array
  File "pyarrow/error.pxi", line 92, in pyarrow.lib.check_status
pyarrow.lib.ArrowInvalid: ("Could not convert '—' with type str: tried to convert to double", 'Conversion failed for column 【左】路寬(m) with type object')
2026-08-30 09:44:31.189 Please replace `use_container_width` with `width`.

`use_container_width` will be removed after 2025-12-31.

For `use_container_width=True`, use `width='stretch'`. For `use_container_width=False`, use `width='content'`.
2026-08-30 09:44:31.200 Please replace `use_container_width` with `width`.

`use_container_width` will be removed after 2025-12-31.

For `use_container_width=True`, use `width='stretch'`. For `use_container_width=False`, use `width='content'`.
2026-08-30 09:44:31.230 Please replace `use_container_width` with `width`.

`use_container_width` will be removed after 2025-12-31.

For `use_container_width=True`, use `width='stretch'`. For `use_container_width=False`, use `width='content'`.
2026-08-30 09:44:31.240 Please replace `use_container_width` with `width`.

`use_container_width` will be removed after 2025-12-31.

For `use_container_width=True`, use `width='stretch'`. For `use_container_width=False`, use `width='content'`.
2026-08-30 09:44:31.303 Please replace `use_container_width` with `width`.

`use_container_width` will be removed after 2025-12-31.

For `use_container_width=True`, use `width='stretch'`. For `use_container_width=False`, use `width='content'`.
2026-08-30 09:44:31.313 Please replace `use_container_width` with `width`.

`use_container_width` will be removed after 2025-12-31.

For `use_container_width=True`, use `width='stretch'`. For `use_container_width=False`, use `width='content'`.
2026-08-30 09:44:31.454 Please replace `st.components.v1.html` with `st.iframe`.

`st.components.v1.html` will be removed after 2026-06-01.
2026-08-30 09:44:31.613 Please replace `use_container_width` with `width`.

`use_container_width` will be removed after 2025-12-31.

For `use_container_width=True`, use `width='stretch'`. For `use_container_width=False`, use `width='content'`.
2026-08-30 09:44:31.710 Please replace `use_container_width` with `width`.

`use_container_width` will be removed after 2025-12-31.

For `use_container_width=True`, use `width='stretch'`. For `use_container_width=False`, use `width='content'`.
2026-08-30 09:44:31.787 Please replace `use_container_width` with `width`.

`use_container_width` will be removed after 2025-12-31.

For `use_container_width=True`, use `width='stretch'`. For `use_container_width=False`, use `width='content'`.
2026-08-30 09:44:32.096 Please replace `use_container_width` with `width`.

`use_container_width` will be removed after 2025-12-31.

For `use_container_width=True`, use `width='stretch'`. For `use_container_width=False`, use `width='content'`.
2026-08-30 09:44:32.284 Please replace `use_container_width` with `width`.

`use_container_width` will be removed after 2025-12-31.

For `use_container_width=True`, use `width='stretch'`. For `use_container_width=False`, use `width='content'`.
2026-08-30 09:44:32.389 Please replace `st.components.v1.html` with `st.iframe`.

`st.components.v1.html` will be removed after 2026-06-01.
2026-08-30 09:44:32.504 Please replace `use_container_width` with `width`.

`use_container_width` will be removed after 2025-12-31.

For `use_container_width=True`, use `width='stretch'`. For `use_container_width=False`, use `width='content'`.
2026-08-30 09:44:32.509 Please replace `use_container_width` with `width`.

`use_container_width` will be removed after 2025-12-31.

For `use_container_width=True`, use `width='stretch'`. For `use_container_width=False`, use `width='content'`.
2026-08-30 09:44:32.516 Please replace `use_container_width` with `width`.

`use_container_width` will be removed after 2025-12-31.

For `use_container_width=True`, use `width='stretch'`. For `use_container_width=False`, use `width='content'`.
2026-08-30 09:44:32.546 Please replace `use_container_width` with `width`.

`use_container_width` will be removed after 2025-12-31.

For `use_container_width=True`, use `width='stretch'`. For `use_container_width=False`, use `width='content'`.
2026-08-30 09:44:32.569 Please replace `use_container_width` with `width`.

`use_container_width` will be removed after 2025-12-31.

For `use_container_width=True`, use `width='stretch'`. For `use_container_width=False`, use `width='content'`.
2026-08-30 09:44:32.579 Please replace `use_container_width` with `width`.

`use_container_width` will be removed after 2025-12-31.

For `use_container_width=True`, use `width='stretch'`. For `use_container_width=False`, use `width='content'`.
2026-08-30 09:44:35.598 Please replace `st.components.v1.html` with `st.iframe`.

`st.components.v1.html` will be removed after 2026-06-01.
2026-08-30 09:44:35.606 Please replace `use_container_width` with `width`.

`use_container_width` will be removed after 2025-12-31.

For `use_container_width=True`, use `width='stretch'`. For `use_container_width=False`, use `width='content'`.
2026-08-30 09:44:35.612 Please replace `use_container_width` with `width`.

`use_container_width` will be removed after 2025-12-31.

For `use_container_width=True`, use `width='stretch'`. For `use_container_width=False`, use `width='content'`.
2026-08-30 09:44:35.624 Please replace `use_container_width` with `width`.

`use_container_width` will be removed after 2025-12-31.

For `use_container_width=True`, use `width='stretch'`. For `use_container_width=False`, use `width='content'`.
2026-08-30 09:44:35.671 Please replace `use_container_width` with `width`.

`use_container_width` will be removed after 2025-12-31.

For `use_container_width=True`, use `width='stretch'`. For `use_container_width=False`, use `width='content'`.
2026-08-30 09:44:35.686 Please replace `use_container_width` with `width`.

`use_container_width` will be removed after 2025-12-31.

For `use_container_width=True`, use `width='stretch'`. For `use_container_width=False`, use `width='content'`.
2026-08-30 09:44:35.702 Please replace `use_container_width` with `width`.

`use_container_width` will be removed after 2025-12-31.

For `use_container_width=True`, use `width='stretch'`. For `use_container_width=False`, use `width='content'`.
2026-08-30 09:44:42.073 Please replace `st.components.v1.html` with `st.iframe`.

`st.components.v1.html` will be removed after 2026-06-01.
2026-08-30 09:44:42.136 Please replace `use_container_width` with `width`.

`use_container_width` will be removed after 2025-12-31.

For `use_container_width=True`, use `width='stretch'`. For `use_container_width=False`, use `width='content'`.
2026-08-30 09:44:42.147 Serialization of dataframe to Arrow table was unsuccessful. Applying automatic fixes for column types to make the dataframe Arrow-compatible.
Traceback (most recent call last):
  File "C:\Users\admin\miniconda3\Lib\site-packages\streamlit\dataframe_util.py", line 818, in convert_pandas_df_to_arrow_bytes
    table = pa.Table.from_pandas(df)
  File "pyarrow/table.pxi", line 4796, in pyarrow.lib.Table.from_pandas
  File "C:\Users\admin\miniconda3\Lib\site-packages\pyarrow\pandas_compat.py", line 651, in dataframe_to_arrays
    arrays = [convert_column(c, f)
              ~~~~~~~~~~~~~~^^^^^^
  File "C:\Users\admin\miniconda3\Lib\site-packages\pyarrow\pandas_compat.py", line 639, in convert_column
    raise e
  File "C:\Users\admin\miniconda3\Lib\site-packages\pyarrow\pandas_compat.py", line 633, in convert_column
    result = pa.array(col, type=type_, from_pandas=True, safe=safe)
  File "pyarrow/array.pxi", line 365, in pyarrow.lib.array
  File "pyarrow/array.pxi", line 91, in pyarrow.lib._ndarray_to_array
  File "pyarrow/error.pxi", line 92, in pyarrow.lib.check_status
pyarrow.lib.ArrowInvalid: ("Could not convert '-' with type str: tried to convert to double", 'Conversion failed for column 期初淨額 with type object')
2026-08-30 09:44:45.176 Please replace `st.components.v1.html` with `st.iframe`.

`st.components.v1.html` will be removed after 2026-06-01.
2026-08-30 09:44:45.305 Please replace `use_container_width` with `width`.

`use_container_width` will be removed after 2025-12-31.

For `use_container_width=True`, use `width='stretch'`. For `use_container_width=False`, use `width='content'`.
2026-08-30 09:44:45.390 Please replace `use_container_width` with `width`.

`use_container_width` will be removed after 2025-12-31.

For `use_container_width=True`, use `width='stretch'`. For `use_container_width=False`, use `width='content'`.
2026-08-30 09:44:45.470 Please replace `use_container_width` with `width`.

`use_container_width` will be removed after 2025-12-31.

For `use_container_width=True`, use `width='stretch'`. For `use_container_width=False`, use `width='content'`.
2026-08-30 09:44:45.733 Please replace `use_container_width` with `width`.

`use_container_width` will be removed after 2025-12-31.

For `use_container_width=True`, use `width='stretch'`. For `use_container_width=False`, use `width='content'`.
2026-08-30 09:44:45.949 Please replace `use_container_width` with `width`.

`use_container_width` will be removed after 2025-12-31.

For `use_container_width=True`, use `width='stretch'`. For `use_container_width=False`, use `width='content'`.
2026-08-30 09:44:46.036 Please replace `use_container_width` with `width`.

`use_container_width` will be removed after 2025-12-31.

For `use_container_width=True`, use `width='stretch'`. For `use_container_width=False`, use `width='content'`.
2026-08-30 09:44:46.038 Serialization of dataframe to Arrow table was unsuccessful. Applying automatic fixes for column types to make the dataframe Arrow-compatible.
Traceback (most recent call last):
  File "C:\Users\admin\miniconda3\Lib\site-packages\streamlit\dataframe_util.py", line 818, in convert_pandas_df_to_arrow_bytes
    table = pa.Table.from_pandas(df)
  File "pyarrow/table.pxi", line 4796, in pyarrow.lib.Table.from_pandas
  File "C:\Users\admin\miniconda3\Lib\site-packages\pyarrow\pandas_compat.py", line 651, in dataframe_to_arrays
    arrays = [convert_column(c, f)
              ~~~~~~~~~~~~~~^^^^^^
  File "C:\Users\admin\miniconda3\Lib\site-packages\pyarrow\pandas_compat.py", line 639, in convert_column
    raise e
  File "C:\Users\admin\miniconda3\Lib\site-packages\pyarrow\pandas_compat.py", line 633, in convert_column
    result = pa.array(col, type=type_, from_pandas=True, safe=safe)
  File "pyarrow/array.pxi", line 365, in pyarrow.lib.array
  File "pyarrow/array.pxi", line 91, in pyarrow.lib._ndarray_to_array
  File "pyarrow/error.pxi", line 92, in pyarrow.lib.check_status
pyarrow.lib.ArrowInvalid: ("Could not convert '—' with type str: tried to convert to double", 'Conversion failed for column 【左】路寬(m) with type object')
2026-08-30 09:44:46.051 Please replace `use_container_width` with `width`.

`use_container_width` will be removed after 2025-12-31.

For `use_container_width=True`, use `width='stretch'`. For `use_container_width=False`, use `width='content'`.
2026-08-30 09:44:46.059 Please replace `use_container_width` with `width`.

`use_container_width` will be removed after 2025-12-31.

For `use_container_width=True`, use `width='stretch'`. For `use_container_width=False`, use `width='content'`.
2026-08-30 09:44:46.085 Please replace `use_container_width` with `width`.

`use_container_width` will be removed after 2025-12-31.

For `use_container_width=True`, use `width='stretch'`. For `use_container_width=False`, use `width='content'`.
2026-08-30 09:44:46.093 Please replace `use_container_width` with `width`.

`use_container_width` will be removed after 2025-12-31.

For `use_container_width=True`, use `width='stretch'`. For `use_container_width=False`, use `width='content'`.
2026-08-30 09:44:46.159 Please replace `use_container_width` with `width`.

`use_container_width` will be removed after 2025-12-31.

For `use_container_width=True`, use `width='stretch'`. For `use_container_width=False`, use `width='content'`.
2026-08-30 09:44:46.169 Please replace `use_container_width` with `width`.

`use_container_width` will be removed after 2025-12-31.

For `use_container_width=True`, use `width='stretch'`. For `use_container_width=False`, use `width='content'`.
2026-08-30 09:44:57.528 Please replace `st.components.v1.html` with `st.iframe`.

`st.components.v1.html` will be removed after 2026-06-01.
2026-08-30 09:44:57.665 Please replace `use_container_width` with `width`.

`use_container_width` will be removed after 2025-12-31.

For `use_container_width=True`, use `width='stretch'`. For `use_container_width=False`, use `width='content'`.
2026-08-30 09:44:57.767 Please replace `use_container_width` with `width`.

`use_container_width` will be removed after 2025-12-31.

For `use_container_width=True`, use `width='stretch'`. For `use_container_width=False`, use `width='content'`.
2026-08-30 09:44:57.854 Please replace `use_container_width` with `width`.

`use_container_width` will be removed after 2025-12-31.

For `use_container_width=True`, use `width='stretch'`. For `use_container_width=False`, use `width='content'`.
2026-08-30 09:44:58.278 Please replace `use_container_width` with `width`.

`use_container_width` will be removed after 2025-12-31.

For `use_container_width=True`, use `width='stretch'`. For `use_container_width=False`, use `width='content'`.
2026-08-30 09:44:58.562 Please replace `st.components.v1.html` with `st.iframe`.

`st.components.v1.html` will be removed after 2026-06-01.
2026-08-30 09:44:58.695 Please replace `use_container_width` with `width`.

`use_container_width` will be removed after 2025-12-31.

For `use_container_width=True`, use `width='stretch'`. For `use_container_width=False`, use `width='content'`.
2026-08-30 09:44:58.779 Please replace `use_container_width` with `width`.

`use_container_width` will be removed after 2025-12-31.

For `use_container_width=True`, use `width='stretch'`. For `use_container_width=False`, use `width='content'`.
2026-08-30 09:44:58.868 Please replace `use_container_width` with `width`.

`use_container_width` will be removed after 2025-12-31.

For `use_container_width=True`, use `width='stretch'`. For `use_container_width=False`, use `width='content'`.
2026-08-30 09:44:59.321 Please replace `use_container_width` with `width`.

`use_container_width` will be removed after 2025-12-31.

For `use_container_width=True`, use `width='stretch'`. For `use_container_width=False`, use `width='content'`.
2026-08-30 09:44:59.536 Please replace `use_container_width` with `width`.

`use_container_width` will be removed after 2025-12-31.

For `use_container_width=True`, use `width='stretch'`. For `use_container_width=False`, use `width='content'`.
2026-08-30 09:44:59.631 Please replace `use_container_width` with `width`.

`use_container_width` will be removed after 2025-12-31.

For `use_container_width=True`, use `width='stretch'`. For `use_container_width=False`, use `width='content'`.
2026-08-30 09:44:59.633 Serialization of dataframe to Arrow table was unsuccessful. Applying automatic fixes for column types to make the dataframe Arrow-compatible.
Traceback (most recent call last):
  File "C:\Users\admin\miniconda3\Lib\site-packages\streamlit\dataframe_util.py", line 818, in convert_pandas_df_to_arrow_bytes
    table = pa.Table.from_pandas(df)
  File "pyarrow/table.pxi", line 4796, in pyarrow.lib.Table.from_pandas
  File "C:\Users\admin\miniconda3\Lib\site-packages\pyarrow\pandas_compat.py", line 651, in dataframe_to_arrays
    arrays = [convert_column(c, f)
              ~~~~~~~~~~~~~~^^^^^^
  File "C:\Users\admin\miniconda3\Lib\site-packages\pyarrow\pandas_compat.py", line 639, in convert_column
    raise e
  File "C:\Users\admin\miniconda3\Lib\site-packages\pyarrow\pandas_compat.py", line 633, in convert_column
    result = pa.array(col, type=type_, from_pandas=True, safe=safe)
  File "pyarrow/array.pxi", line 365, in pyarrow.lib.array
  File "pyarrow/array.pxi", line 91, in pyarrow.lib._ndarray_to_array
  File "pyarrow/error.pxi", line 92, in pyarrow.lib.check_status
pyarrow.lib.ArrowInvalid: ("Could not convert '—' with type str: tried to convert to double", 'Conversion failed for column 【左】路寬(m) with type object')
2026-08-30 09:44:59.647 Please replace `use_container_width` with `width`.

`use_container_width` will be removed after 2025-12-31.

For `use_container_width=True`, use `width='stretch'`. For `use_container_width=False`, use `width='content'`.
2026-08-30 09:44:59.656 Please replace `use_container_width` with `width`.

`use_container_width` will be removed after 2025-12-31.

For `use_container_width=True`, use `width='stretch'`. For `use_container_width=False`, use `width='content'`.
2026-08-30 09:44:59.684 Please replace `use_container_width` with `width`.

`use_container_width` will be removed after 2025-12-31.

For `use_container_width=True`, use `width='stretch'`. For `use_container_width=False`, use `width='content'`.
2026-08-30 09:44:59.690 Please replace `use_container_width` with `width`.

`use_container_width` will be removed after 2025-12-31.

For `use_container_width=True`, use `width='stretch'`. For `use_container_width=False`, use `width='content'`.
2026-08-30 09:44:59.753 Please replace `use_container_width` with `width`.

`use_container_width` will be removed after 2025-12-31.

For `use_container_width=True`, use `width='stretch'`. For `use_container_width=False`, use `width='content'`.
2026-08-30 09:44:59.762 Please replace `use_container_width` with `width`.

`use_container_width` will be removed after 2025-12-31.

For `use_container_width=True`, use `width='stretch'`. For `use_container_width=False`, use `width='content'`.
2026-08-30 09:45:00.884 Please replace `st.components.v1.html` with `st.iframe`.

`st.components.v1.html` will be removed after 2026-06-01.
2026-08-30 09:45:01.008 Please replace `use_container_width` with `width`.

`use_container_width` will be removed after 2025-12-31.

For `use_container_width=True`, use `width='stretch'`. For `use_container_width=False`, use `width='content'`.
2026-08-30 09:45:01.119 Please replace `use_container_width` with `width`.

`use_container_width` will be removed after 2025-12-31.

For `use_container_width=True`, use `width='stretch'`. For `use_container_width=False`, use `width='content'`.
2026-08-30 09:45:01.224 Please replace `use_container_width` with `width`.

`use_container_width` will be removed after 2025-12-31.

For `use_container_width=True`, use `width='stretch'`. For `use_container_width=False`, use `width='content'`.
2026-08-30 09:45:01.627 Please replace `use_container_width` with `width`.

`use_container_width` will be removed after 2025-12-31.

For `use_container_width=True`, use `width='stretch'`. For `use_container_width=False`, use `width='content'`.
2026-08-30 09:45:01.945 Please replace `st.components.v1.html` with `st.iframe`.

`st.components.v1.html` will be removed after 2026-06-01.
2026-08-30 09:45:02.093 Please replace `use_container_width` with `width`.

`use_container_width` will be removed after 2025-12-31.

For `use_container_width=True`, use `width='stretch'`. For `use_container_width=False`, use `width='content'`.
2026-08-30 09:45:02.197 Please replace `use_container_width` with `width`.

`use_container_width` will be removed after 2025-12-31.

For `use_container_width=True`, use `width='stretch'`. For `use_container_width=False`, use `width='content'`.
2026-08-30 09:45:02.271 Please replace `use_container_width` with `width`.

`use_container_width` will be removed after 2025-12-31.

For `use_container_width=True`, use `width='stretch'`. For `use_container_width=False`, use `width='content'`.
2026-08-30 09:45:02.742 Please replace `use_container_width` with `width`.

`use_container_width` will be removed after 2025-12-31.

For `use_container_width=True`, use `width='stretch'`. For `use_container_width=False`, use `width='content'`.
2026-08-30 09:45:02.924 Please replace `use_container_width` with `width`.

`use_container_width` will be removed after 2025-12-31.

For `use_container_width=True`, use `width='stretch'`. For `use_container_width=False`, use `width='content'`.
2026-08-30 09:45:03.015 Please replace `use_container_width` with `width`.

`use_container_width` will be removed after 2025-12-31.

For `use_container_width=True`, use `width='stretch'`. For `use_container_width=False`, use `width='content'`.
2026-08-30 09:45:03.016 Serialization of dataframe to Arrow table was unsuccessful. Applying automatic fixes for column types to make the dataframe Arrow-compatible.
Traceback (most recent call last):
  File "C:\Users\admin\miniconda3\Lib\site-packages\streamlit\dataframe_util.py", line 818, in convert_pandas_df_to_arrow_bytes
    table = pa.Table.from_pandas(df)
  File "pyarrow/table.pxi", line 4796, in pyarrow.lib.Table.from_pandas
  File "C:\Users\admin\miniconda3\Lib\site-packages\pyarrow\pandas_compat.py", line 651, in dataframe_to_arrays
    arrays = [convert_column(c, f)
              ~~~~~~~~~~~~~~^^^^^^
  File "C:\Users\admin\miniconda3\Lib\site-packages\pyarrow\pandas_compat.py", line 639, in convert_column
    raise e
  File "C:\Users\admin\miniconda3\Lib\site-packages\pyarrow\pandas_compat.py", line 633, in convert_column
    result = pa.array(col, type=type_, from_pandas=True, safe=safe)
  File "pyarrow/array.pxi", line 365, in pyarrow.lib.array
  File "pyarrow/array.pxi", line 91, in pyarrow.lib._ndarray_to_array
  File "pyarrow/error.pxi", line 92, in pyarrow.lib.check_status
pyarrow.lib.ArrowInvalid: ("Could not convert '—' with type str: tried to convert to double", 'Conversion failed for column 【左】路寬(m) with type object')
2026-08-30 09:45:03.022 Please replace `use_container_width` with `width`.

`use_container_width` will be removed after 2025-12-31.

For `use_container_width=True`, use `width='stretch'`. For `use_container_width=False`, use `width='content'`.
2026-08-30 09:45:03.025 Please replace `use_container_width` with `width`.

`use_container_width` will be removed after 2025-12-31.

For `use_container_width=True`, use `width='stretch'`. For `use_container_width=False`, use `width='content'`.
2026-08-30 09:45:03.043 Please replace `use_container_width` with `width`.

`use_container_width` will be removed after 2025-12-31.

For `use_container_width=True`, use `width='stretch'`. For `use_container_width=False`, use `width='content'`.
2026-08-30 09:45:03.050 Please replace `use_container_width` with `width`.

`use_container_width` will be removed after 2025-12-31.

For `use_container_width=True`, use `width='stretch'`. For `use_container_width=False`, use `width='content'`.
2026-08-30 09:45:03.125 Please replace `use_container_width` with `width`.

`use_container_width` will be removed after 2025-12-31.

For `use_container_width=True`, use `width='stretch'`. For `use_container_width=False`, use `width='content'`.
2026-08-30 09:45:03.132 Please replace `use_container_width` with `width`.

`use_container_width` will be removed after 2025-12-31.

For `use_container_width=True`, use `width='stretch'`. For `use_container_width=False`, use `width='content'`.
2026-08-30 09:45:10.129 Please replace `st.components.v1.html` with `st.iframe`.

`st.components.v1.html` will be removed after 2026-06-01.
2026-08-30 09:45:10.266 Please replace `use_container_width` with `width`.

`use_container_width` will be removed after 2025-12-31.

For `use_container_width=True`, use `width='stretch'`. For `use_container_width=False`, use `width='content'`.
2026-08-30 09:45:10.390 Please replace `use_container_width` with `width`.

`use_container_width` will be removed after 2025-12-31.

For `use_container_width=True`, use `width='stretch'`. For `use_container_width=False`, use `width='content'`.
2026-08-30 09:45:10.474 Please replace `use_container_width` with `width`.

`use_container_width` will be removed after 2025-12-31.

For `use_container_width=True`, use `width='stretch'`. For `use_container_width=False`, use `width='content'`.
2026-08-30 09:45:10.886 Please replace `use_container_width` with `width`.

`use_container_width` will be removed after 2025-12-31.

For `use_container_width=True`, use `width='stretch'`. For `use_container_width=False`, use `width='content'`.
2026-08-30 09:45:11.093 Please replace `use_container_width` with `width`.

`use_container_width` will be removed after 2025-12-31.

For `use_container_width=True`, use `width='stretch'`. For `use_container_width=False`, use `width='content'`.
2026-08-30 09:45:11.192 Please replace `use_container_width` with `width`.

`use_container_width` will be removed after 2025-12-31.

For `use_container_width=True`, use `width='stretch'`. For `use_container_width=False`, use `width='content'`.
2026-08-30 09:45:11.194 Serialization of dataframe to Arrow table was unsuccessful. Applying automatic fixes for column types to make the dataframe Arrow-compatible.
Traceback (most recent call last):
  File "C:\Users\admin\miniconda3\Lib\site-packages\streamlit\dataframe_util.py", line 818, in convert_pandas_df_to_arrow_bytes
    table = pa.Table.from_pandas(df)
  File "pyarrow/table.pxi", line 4796, in pyarrow.lib.Table.from_pandas
  File "C:\Users\admin\miniconda3\Lib\site-packages\pyarrow\pandas_compat.py", line 651, in dataframe_to_arrays
    arrays = [convert_column(c, f)
              ~~~~~~~~~~~~~~^^^^^^
  File "C:\Users\admin\miniconda3\Lib\site-packages\pyarrow\pandas_compat.py", line 639, in convert_column
    raise e
  File "C:\Users\admin\miniconda3\Lib\site-packages\pyarrow\pandas_compat.py", line 633, in convert_column
    result = pa.array(col, type=type_, from_pandas=True, safe=safe)
  File "pyarrow/array.pxi", line 365, in pyarrow.lib.array
  File "pyarrow/array.pxi", line 91, in pyarrow.lib._ndarray_to_array
  File "pyarrow/error.pxi", line 92, in pyarrow.lib.check_status
pyarrow.lib.ArrowInvalid: ("Could not convert '—' with type str: tried to convert to double", 'Conversion failed for column 【左】路寬(m) with type object')
2026-08-30 09:45:11.209 Please replace `use_container_width` with `width`.

`use_container_width` will be removed after 2025-12-31.

For `use_container_width=True`, use `width='stretch'`. For `use_container_width=False`, use `width='content'`.
2026-08-30 09:45:11.628 Please replace `use_container_width` with `width`.

`use_container_width` will be removed after 2025-12-31.

For `use_container_width=True`, use `width='stretch'`. For `use_container_width=False`, use `width='content'`.
2026-08-30 09:45:11.631 Serialization of dataframe to Arrow table was unsuccessful. Applying automatic fixes for column types to make the dataframe Arrow-compatible.
Traceback (most recent call last):
  File "C:\Users\admin\miniconda3\Lib\site-packages\streamlit\dataframe_util.py", line 818, in convert_pandas_df_to_arrow_bytes
    table = pa.Table.from_pandas(df)
  File "pyarrow/table.pxi", line 4796, in pyarrow.lib.Table.from_pandas
  File "C:\Users\admin\miniconda3\Lib\site-packages\pyarrow\pandas_compat.py", line 651, in dataframe_to_arrays
    arrays = [convert_column(c, f)
              ~~~~~~~~~~~~~~^^^^^^
  File "C:\Users\admin\miniconda3\Lib\site-packages\pyarrow\pandas_compat.py", line 639, in convert_column
    raise e
  File "C:\Users\admin\miniconda3\Lib\site-packages\pyarrow\pandas_compat.py", line 633, in convert_column
    result = pa.array(col, type=type_, from_pandas=True, safe=safe)
  File "pyarrow/array.pxi", line 365, in pyarrow.lib.array
  File "pyarrow/array.pxi", line 91, in pyarrow.lib._ndarray_to_array
  File "pyarrow/error.pxi", line 92, in pyarrow.lib.check_status
pyarrow.lib.ArrowInvalid: ("Could not convert '—' with type str: tried to convert to int64", 'Conversion failed for column 【左】達資格候選 with type object')
2026-08-30 09:45:11.652 Please replace `use_container_width` with `width`.

`use_container_width` will be removed after 2025-12-31.

For `use_container_width=True`, use `width='stretch'`. For `use_container_width=False`, use `width='content'`.
2026-08-30 09:45:11.655 Serialization of dataframe to Arrow table was unsuccessful. Applying automatic fixes for column types to make the dataframe Arrow-compatible.
Traceback (most recent call last):
  File "C:\Users\admin\miniconda3\Lib\site-packages\streamlit\dataframe_util.py", line 818, in convert_pandas_df_to_arrow_bytes
    table = pa.Table.from_pandas(df)
  File "pyarrow/table.pxi", line 4796, in pyarrow.lib.Table.from_pandas
  File "C:\Users\admin\miniconda3\Lib\site-packages\pyarrow\pandas_compat.py", line 651, in dataframe_to_arrays
    arrays = [convert_column(c, f)
              ~~~~~~~~~~~~~~^^^^^^
  File "C:\Users\admin\miniconda3\Lib\site-packages\pyarrow\pandas_compat.py", line 639, in convert_column
    raise e
  File "C:\Users\admin\miniconda3\Lib\site-packages\pyarrow\pandas_compat.py", line 633, in convert_column
    result = pa.array(col, type=type_, from_pandas=True, safe=safe)
  File "pyarrow/array.pxi", line 365, in pyarrow.lib.array
  File "pyarrow/array.pxi", line 91, in pyarrow.lib._ndarray_to_array
  File "pyarrow/error.pxi", line 92, in pyarrow.lib.check_status
pyarrow.lib.ArrowInvalid: ("Could not convert '—' with type str: tried to convert to double", 'Conversion failed for column 正街角分(0.4) with type object')
2026-08-30 09:45:11.672 Please replace `use_container_width` with `width`.

`use_container_width` will be removed after 2025-12-31.

For `use_container_width=True`, use `width='stretch'`. For `use_container_width=False`, use `width='content'`.
2026-08-30 09:45:11.675 Please replace `use_container_width` with `width`.

`use_container_width` will be removed after 2025-12-31.

For `use_container_width=True`, use `width='stretch'`. For `use_container_width=False`, use `width='content'`.
2026-08-30 09:45:11.679 Please replace `use_container_width` with `width`.

`use_container_width` will be removed after 2025-12-31.

For `use_container_width=True`, use `width='stretch'`. For `use_container_width=False`, use `width='content'`.
2026-08-30 09:45:11.707 Please replace `use_container_width` with `width`.

`use_container_width` will be removed after 2025-12-31.

For `use_container_width=True`, use `width='stretch'`. For `use_container_width=False`, use `width='content'`.
2026-08-30 09:45:11.712 Please replace `use_container_width` with `width`.

`use_container_width` will be removed after 2025-12-31.

For `use_container_width=True`, use `width='stretch'`. For `use_container_width=False`, use `width='content'`.
2026-08-30 09:45:11.773 Please replace `use_container_width` with `width`.

`use_container_width` will be removed after 2025-12-31.

For `use_container_width=True`, use `width='stretch'`. For `use_container_width=False`, use `width='content'`.
2026-08-30 09:45:11.781 Please replace `use_container_width` with `width`.

`use_container_width` will be removed after 2025-12-31.

For `use_container_width=True`, use `width='stretch'`. For `use_container_width=False`, use `width='content'`.
2026-08-30 09:47:08.414 Please replace `st.components.v1.html` with `st.iframe`.

`st.components.v1.html` will be removed after 2026-06-01.
2026-08-30 09:47:08.582 Please replace `use_container_width` with `width`.

`use_container_width` will be removed after 2025-12-31.

For `use_container_width=True`, use `width='stretch'`. For `use_container_width=False`, use `width='content'`.
2026-08-30 09:47:08.677 Please replace `use_container_width` with `width`.

`use_container_width` will be removed after 2025-12-31.

For `use_container_width=True`, use `width='stretch'`. For `use_container_width=False`, use `width='content'`.
2026-08-30 09:47:08.763 Please replace `use_container_width` with `width`.

`use_container_width` will be removed after 2025-12-31.

For `use_container_width=True`, use `width='stretch'`. For `use_container_width=False`, use `width='content'`.
2026-08-30 09:47:09.187 Please replace `use_container_width` with `width`.

`use_container_width` will be removed after 2025-12-31.

For `use_container_width=True`, use `width='stretch'`. For `use_container_width=False`, use `width='content'`.
2026-08-30 09:47:09.396 Please replace `use_container_width` with `width`.

`use_container_width` will be removed after 2025-12-31.

For `use_container_width=True`, use `width='stretch'`. For `use_container_width=False`, use `width='content'`.
2026-08-30 09:47:09.488 Please replace `use_container_width` with `width`.

`use_container_width` will be removed after 2025-12-31.

For `use_container_width=True`, use `width='stretch'`. For `use_container_width=False`, use `width='content'`.
2026-08-30 09:47:09.491 Serialization of dataframe to Arrow table was unsuccessful. Applying automatic fixes for column types to make the dataframe Arrow-compatible.
Traceback (most recent call last):
  File "C:\Users\admin\miniconda3\Lib\site-packages\streamlit\dataframe_util.py", line 818, in convert_pandas_df_to_arrow_bytes
    table = pa.Table.from_pandas(df)
  File "pyarrow/table.pxi", line 4796, in pyarrow.lib.Table.from_pandas
  File "C:\Users\admin\miniconda3\Lib\site-packages\pyarrow\pandas_compat.py", line 651, in dataframe_to_arrays
    arrays = [convert_column(c, f)
              ~~~~~~~~~~~~~~^^^^^^
  File "C:\Users\admin\miniconda3\Lib\site-packages\pyarrow\pandas_compat.py", line 639, in convert_column
    raise e
  File "C:\Users\admin\miniconda3\Lib\site-packages\pyarrow\pandas_compat.py", line 633, in convert_column
    result = pa.array(col, type=type_, from_pandas=True, safe=safe)
  File "pyarrow/array.pxi", line 365, in pyarrow.lib.array
  File "pyarrow/array.pxi", line 91, in pyarrow.lib._ndarray_to_array
  File "pyarrow/error.pxi", line 92, in pyarrow.lib.check_status
pyarrow.lib.ArrowInvalid: ("Could not convert '—' with type str: tried to convert to double", 'Conversion failed for column 【左】路寬(m) with type object')
2026-08-30 09:47:09.504 Please replace `use_container_width` with `width`.

`use_container_width` will be removed after 2025-12-31.

For `use_container_width=True`, use `width='stretch'`. For `use_container_width=False`, use `width='content'`.
2026-08-30 09:47:09.513 Please replace `use_container_width` with `width`.

`use_container_width` will be removed after 2025-12-31.

For `use_container_width=True`, use `width='stretch'`. For `use_container_width=False`, use `width='content'`.
🔎 [W-G.9-4·診斷·⛔ 未進生產] 街廓 R1：左 舊=0.0 新=0.1618772119011016 W_0=0.1618772119011016／右 舊=0.0 新=0.20056928969109045 W_0=0.20056928969109045
🔎 [W-G.9-4·診斷·⛔ 未進生產] 街廓 R1：左 舊=0.0 新=0.1618772119011016 W_0=0.1618772119011016／右 舊=0.0 新=0.20056928969109045 W_0=0.20056928969109045
🟢 [配餘] 街廓 R1：幾何餘 5.3835㎡ 入抵費地（`K-9-5-7` 配餘·s∈[-0.3248,17.5649]）——原為「非宗亦非池帶」之無主空間
🟢 [配餘] 街廓 R1：幾何餘 0.0046㎡ 入抵費地（`K-9-5-7` 配餘·s∈[-0.3248,-0.0358]）——原為「非宗亦非池帶」之無主空間
[T2-DIAG] 街廓 R1｜宗數 5｜池帶 3 片｜池帶 s 寬 [35.2871  17.8897  0.2890]｜池帶面積 [1169.7082  5.3835  0.0046]｜Σ池 1175.0963｜覆蓋殘差 0.0000｜Σ 殘差 -0.0000｜宗-宗疊 0.0000（上界 0.6630）｜內部縫 0 帶／0.0000㎡｜退化帶 0 個｜s 域 [-0.3248,87.7155]
🔎 [W-G.9-4·診斷·⛔ 未進生產] 街廓 R2：左 舊=8.674404069927741 新=6.98048044737404 W_0=-1.693923622653152／右 舊=0.0 新=0.0 W_0=0.0
🔎 [W-G.9-4·診斷·⛔ 未進生產] 街廓 R2：左 舊=8.674404069927741 新=6.98048044737404 W_0=-1.693923622653152／右 舊=0.0 新=0.0 W_0=0.0
[T2-DIAG] 街廓 R2｜宗數 14｜池帶 2 片｜池帶 s 寬 [8.4283  32.9640]｜池帶面積 [308.1700  1466.0294]｜Σ池 1774.1994｜覆蓋殘差 0.0000｜Σ 殘差 -0.0000｜宗-宗疊 0.0000（上界 2.8906）｜內部縫 0 帶／0.0000㎡｜退化帶 3 個（s 寬 1.27e-10, 1.83e-11, 4.23e-11）｜s 域 [0.2677,100.0274]
🔎 [W-G.9-4·診斷·⛔ 未進生產] 街廓 R4：左 舊=0.0 新=-0.7875240380983994 W_0=-0.7875240380983994／右 舊=0.0 新=0.6507410983142652 W_0=0.6507410983142652
🔎 [W-G.9-4·診斷·⛔ 未進生產] 街廓 R4：左 舊=0.0 新=-0.7875240380983994 W_0=-0.7875240380983994／右 舊=0.0 新=0.6507410983142652 W_0=0.6507410983142652
🟢 [配餘] 街廓 R4：幾何餘 26.0938㎡ 入抵費地（`K-9-5-7` 配餘·s∈[3.7114,47.7107]）——原為「非宗亦非池帶」之無主空間
🟢 [配餘] 街廓 R4：幾何餘 27.4425㎡ 入抵費地（`K-9-5-7` 配餘·s∈[83.0368,84.6948]）——原為「非宗亦非池帶」之無主空間
🟢 [配餘] 街廓 R4：幾何餘 4.9632㎡ 入抵費地（`K-9-5-7` 配餘·s∈[49.5299,98.5477]）——原為「非宗亦非池帶」之無主空間
[T2-DIAG] 街廓 R4｜宗數 2｜池帶 5 片｜池帶 s 寬 [35.3260  0.1686  43.9993  1.6580  49.0178]｜池帶面積 [1169.5585  0.2988  26.0938  27.4425  4.9632]｜Σ池 1228.3568｜覆蓋殘差 0.0000｜Σ 殘差 +0.0000｜宗-宗疊 0.0000（上界 0.1656）｜內部縫 0 帶／0.0000㎡｜退化帶 0 個｜s 域 [0.1759,98.7163]
🔎 [W-G.9-4·診斷·⛔ 未進生產] 街廓 R6：左 舊=0.0 新=0.0 W_0=0.0／右 舊=0.0 新=1.0285086275985122e-06 W_0=1.0285086275985122e-06
🔎 [W-G.9-4·診斷·⛔ 未進生產] 街廓 R6：左 舊=0.0 新=0.0 W_0=0.0／右 舊=0.0 新=1.0285086275985122e-06 W_0=1.0285086275985122e-06
[T2-DIAG] 街廓 R6｜宗數 8｜池帶 2 片｜池帶 s 寬 [3.6068  34.0520]｜池帶面積 [85.7064  1543.0063]｜Σ池 1628.7127｜覆蓋殘差 0.0000｜Σ 殘差 -0.0000｜宗-宗疊 0.0000（上界 1.5929）｜內部縫 0 帶／0.0000㎡｜退化帶 0 個｜s 域 [-3.6068,85.8549]
🔎 [W-G.9-4·診斷·⛔ 未進生產] 街廓 R5：左 舊=0.0 新=-1.640251584647073 W_0=-1.640251584647073／右 舊=0.0 新=0.0 W_0=0.0
🔎 [W-G.9-4·診斷·⛔ 未進生產] 街廓 R5：左 舊=0.0 新=-1.640251584647073 W_0=-1.640251584647073／右 舊=0.0 新=0.0 W_0=0.0
🔎 [W-G.9-4·診斷·⛔ 未進生產] 街廓 R3：左 舊=0.0 新=0.0 W_0=0.0／右 舊=0.0 新=1.6918015834368276 W_0=1.6918015834368276
🔎 [W-G.9-4·診斷·⛔ 未進生產] 街廓 R3：左 舊=0.0 新=0.0 W_0=0.0／右 舊=0.0 新=1.6918015834368276 W_0=1.6918015834368276
[T2-DIAG] 街廓 R3｜宗數 10｜池帶 1 片｜池帶 s 寬 [40.5337]｜池帶面積 [1795.1328]｜Σ池 1795.1328｜覆蓋殘差 0.0001｜Σ 殘差 -0.0001｜宗-宗疊 0.0000（上界 1.9953）｜內部縫 0 帶／0.0000㎡｜退化帶 2 個（s 寬 5.57e-06, 1.70e-10）｜s 域 [-0.0000,96.8032]
────────────────────────── Traceback (most recent call last) ───────────────────────────
  C:\Users\admin\miniconda3\Lib\site-packages\streamlit\runtime\scriptrunner\exec_code
  .py:129 in exec_func_with_error_handling

  C:\Users\admin\miniconda3\Lib\site-packages\streamlit\runtime\scriptrunner\script_ru
  nner.py:689 in code_to_exec

  C:\Users\admin\Desktop\land-readjustment-trial\app.py:22922 in <module>

    22919 │   │   │   │   │   │      "雙路同源終驗（app live vs wf/f4 baseline 逐格）
    22920
    22921 if __name__ == "__main__":
  ❱ 22922 │   main()
    22923

  C:\Users\admin\Desktop\land-readjustment-trial\app.py:21228 in main

    21225 │   │   │   │   │   │   _k94_bl_by)
    21226 │   │   │   │   │   st.session_state['f3_k94_baseline_touch'] = _k94_touch
    21227 │   │   │   │   │   # ⛔ 停機閘：違反即 raise（未配到／跨過各自具名）。**不
  ❱ 21228 │   │   │   │   │   k94_assert_baseline_touch(_k94_touch)
    21229 │   │   │   │   │
    21230 │   │   │   │   │   st.session_state['f3_G_values'] = g_rows
    21231 │   │   │   │   │   st.session_state['f3_G_trace'] = detail_trace

  C:\Users\admin\Desktop\land-readjustment-trial\app.py:6398 in
  k94_assert_baseline_touch

     6395 │   │   │   f"其上分配之土地**無法成為合法建築基地** ⇒ "
     6396 │   │   │   f"請檢討本街廓之分配、或檢查該街廓所指定之屁股線位置是否正確。"
     6397 │   │   │   f"（容差 {_EPS_TOUCH_FRONT}m）")
  ❱  6398 │   raise RuntimeError("🔴 K-9-4 BASELINE 臨接閘未過：" + "　".join(_seg))
     6399
     6400
     6401 def iterate_G_S(a: float, A: float, B: float, C: float,
────────────────────────────────────────────────────────────────────────────────────────
RuntimeError: 🔴 K-9-4 BASELINE 臨接閘未過：【未配到屁股線】1 宗——R5 之 628-53(2)（差
38.803m）。其上分配之土地**無法成為合法建築基地** ⇒
請檢討本街廓之分配、或檢查該街廓所指定之屁股線位置是否正確。（容差 0.01m）
