Microsoft Windows [版本 10.0.26200.9168]
(c) Microsoft Corporation. 著作權所有，並保留一切權利。

C:\Users\admin\Desktop\land-readjustment-trial>git log -1 --oneline
2e08a41 (HEAD -> wip/s1-endpart) W-G.9-169 收官 E-3／E-4 就地加註入倉：🛑 E-3 錨定框三數跨 tree 不一致 ⇒ 停機上呈；E-4
交接文 blob 態更正（純附加·deletions 全 0）

C:\Users\admin\Desktop\land-readjustment-trial>cd /d C:\kl173

C:\kl173>git log -1 --oneline
a3c97aa (HEAD) W-G.9-168R VR-074 前置量測＋期初錨＋VR-079/GB-115/自誤 201（⛔ 零生產碼·純新增/純附加·deletions 全 0）

C:\kl173>streamlit run app.py

  You can now view your Streamlit app in your browser.

  Local URL: http://localhost:8501
  Network URL: http://192.168.1.103:8501

2026-08-30 09:09:41.410 Please replace `st.components.v1.html` with `st.iframe`.

`st.components.v1.html` will be removed after 2026-06-01.
2026-08-30 09:09:45.435 Please replace `st.components.v1.html` with `st.iframe`.

`st.components.v1.html` will be removed after 2026-06-01.
2026-08-30 09:11:06.186 Please replace `use_container_width` with `width`.

`use_container_width` will be removed after 2025-12-31.

For `use_container_width=True`, use `width='stretch'`. For `use_container_width=False`, use `width='content'`.
2026-08-30 09:11:06.209 Please replace `use_container_width` with `width`.

`use_container_width` will be removed after 2025-12-31.

For `use_container_width=True`, use `width='stretch'`. For `use_container_width=False`, use `width='content'`.
2026-08-30 09:12:11.669 Please replace `st.components.v1.html` with `st.iframe`.

`st.components.v1.html` will be removed after 2026-06-01.
2026-08-30 09:12:15.675 Please replace `st.components.v1.html` with `st.iframe`.

`st.components.v1.html` will be removed after 2026-06-01.
2026-08-30 09:12:15.738 Please replace `use_container_width` with `width`.

`use_container_width` will be removed after 2025-12-31.

For `use_container_width=True`, use `width='stretch'`. For `use_container_width=False`, use `width='content'`.
2026-08-30 09:12:17.064 Please replace `st.components.v1.html` with `st.iframe`.

`st.components.v1.html` will be removed after 2026-06-01.
2026-08-30 09:12:20.283 Please replace `st.components.v1.html` with `st.iframe`.

`st.components.v1.html` will be removed after 2026-06-01.
2026-08-30 09:12:20.613 Please replace `use_container_width` with `width`.

`use_container_width` will be removed after 2025-12-31.

For `use_container_width=True`, use `width='stretch'`. For `use_container_width=False`, use `width='content'`.
2026-08-30 09:12:21.623 Please replace `st.components.v1.html` with `st.iframe`.

`st.components.v1.html` will be removed after 2026-06-01.
2026-08-30 09:12:21.962 Please replace `use_container_width` with `width`.

`use_container_width` will be removed after 2025-12-31.

For `use_container_width=True`, use `width='stretch'`. For `use_container_width=False`, use `width='content'`.
2026-08-30 09:12:22.873 Please replace `st.components.v1.html` with `st.iframe`.

`st.components.v1.html` will be removed after 2026-06-01.
2026-08-30 09:12:23.209 Please replace `st.components.v1.html` with `st.iframe`.

`st.components.v1.html` will be removed after 2026-06-01.
2026-08-30 09:12:23.456 Please replace `st.components.v1.html` with `st.iframe`.

`st.components.v1.html` will be removed after 2026-06-01.
2026-08-30 09:12:23.676 Please replace `st.components.v1.html` with `st.iframe`.

`st.components.v1.html` will be removed after 2026-06-01.
2026-08-30 09:12:24.111 Please replace `st.components.v1.html` with `st.iframe`.

`st.components.v1.html` will be removed after 2026-06-01.
2026-08-30 09:12:24.610 Please replace `use_container_width` with `width`.

`use_container_width` will be removed after 2025-12-31.

For `use_container_width=True`, use `width='stretch'`. For `use_container_width=False`, use `width='content'`.
2026-08-30 09:12:25.253 Please replace `st.components.v1.html` with `st.iframe`.

`st.components.v1.html` will be removed after 2026-06-01.
2026-08-30 09:12:27.629 Please replace `st.components.v1.html` with `st.iframe`.

`st.components.v1.html` will be removed after 2026-06-01.
2026-08-30 09:12:28.331 Please replace `use_container_width` with `width`.

`use_container_width` will be removed after 2025-12-31.

For `use_container_width=True`, use `width='stretch'`. For `use_container_width=False`, use `width='content'`.
2026-08-30 09:12:28.510 Please replace `use_container_width` with `width`.

`use_container_width` will be removed after 2025-12-31.

For `use_container_width=True`, use `width='stretch'`. For `use_container_width=False`, use `width='content'`.
2026-08-30 09:12:29.215 Please replace `use_container_width` with `width`.

`use_container_width` will be removed after 2025-12-31.

For `use_container_width=True`, use `width='stretch'`. For `use_container_width=False`, use `width='content'`.
2026-08-30 09:12:29.693 Please replace `use_container_width` with `width`.

`use_container_width` will be removed after 2025-12-31.

For `use_container_width=True`, use `width='stretch'`. For `use_container_width=False`, use `width='content'`.
2026-08-30 09:12:29.854 Please replace `use_container_width` with `width`.

`use_container_width` will be removed after 2025-12-31.

For `use_container_width=True`, use `width='stretch'`. For `use_container_width=False`, use `width='content'`.
2026-08-30 09:12:29.952 Please replace `use_container_width` with `width`.

`use_container_width` will be removed after 2025-12-31.

For `use_container_width=True`, use `width='stretch'`. For `use_container_width=False`, use `width='content'`.
2026-08-30 09:12:29.956 Serialization of dataframe to Arrow table was unsuccessful. Applying automatic fixes for column types to make the dataframe Arrow-compatible.
Traceback (most recent call last):
  File "C:\Users\admin\miniconda3\Lib\site-packages\streamlit\dataframe_util.py", line 818, in convert_pandas_df_to_arrow_bytes
    table = pa.Table.from_pandas(df)
  File "pyarrow/table.pxi", line 4796, in pyarrow.lib.Table.from_pandas
  File "C:\Users\admin\miniconda3\Lib\site-packages\pyarrow\pandas_compat.py", line 651, in dataframe_to_arrays
    arrays = [convert_column(c, f)
              ~~~~~~~~~~~~~~^^^^^^
  File "C:\Users\admin\miniconda3\Lib\site-packages\pyarrow\pandas_compat.py", line 639, in convert_column
    raise e
  File "C:\Users\admin\miniconda3\Lib\site-packages\pyarrow\pandas_compat.py", line 633, in convert_column
    result = pa.array(col, type=type_, from_pandas=True, safe=safe)
  File "pyarrow/array.pxi", line 365, in pyarrow.lib.array
  File "pyarrow/array.pxi", line 91, in pyarrow.lib._ndarray_to_array
  File "pyarrow/error.pxi", line 92, in pyarrow.lib.check_status
pyarrow.lib.ArrowInvalid: ("Could not convert '—' with type str: tried to convert to double", 'Conversion failed for column 【左】路寬(m) with type object')
2026-08-30 09:12:29.975 Please replace `use_container_width` with `width`.

`use_container_width` will be removed after 2025-12-31.

For `use_container_width=True`, use `width='stretch'`. For `use_container_width=False`, use `width='content'`.
2026-08-30 09:12:29.983 Please replace `use_container_width` with `width`.

`use_container_width` will be removed after 2025-12-31.

For `use_container_width=True`, use `width='stretch'`. For `use_container_width=False`, use `width='content'`.
2026-08-30 09:12:30.007 Please replace `use_container_width` with `width`.

`use_container_width` will be removed after 2025-12-31.

For `use_container_width=True`, use `width='stretch'`. For `use_container_width=False`, use `width='content'`.
2026-08-30 09:12:30.013 Please replace `use_container_width` with `width`.

`use_container_width` will be removed after 2025-12-31.

For `use_container_width=True`, use `width='stretch'`. For `use_container_width=False`, use `width='content'`.
2026-08-30 09:12:30.086 Please replace `use_container_width` with `width`.

`use_container_width` will be removed after 2025-12-31.

For `use_container_width=True`, use `width='stretch'`. For `use_container_width=False`, use `width='content'`.
2026-08-30 09:12:30.097 Please replace `use_container_width` with `width`.

`use_container_width` will be removed after 2025-12-31.

For `use_container_width=True`, use `width='stretch'`. For `use_container_width=False`, use `width='content'`.
2026-08-30 09:12:31.234 Please replace `st.components.v1.html` with `st.iframe`.

`st.components.v1.html` will be removed after 2026-06-01.
2026-08-30 09:12:31.430 Please replace `st.components.v1.html` with `st.iframe`.

`st.components.v1.html` will be removed after 2026-06-01.
2026-08-30 09:12:31.471 Please replace `use_container_width` with `width`.

`use_container_width` will be removed after 2025-12-31.

For `use_container_width=True`, use `width='stretch'`. For `use_container_width=False`, use `width='content'`.
2026-08-30 09:12:31.578 Please replace `use_container_width` with `width`.

`use_container_width` will be removed after 2025-12-31.

For `use_container_width=True`, use `width='stretch'`. For `use_container_width=False`, use `width='content'`.
2026-08-30 09:12:31.667 Please replace `use_container_width` with `width`.

`use_container_width` will be removed after 2025-12-31.

For `use_container_width=True`, use `width='stretch'`. For `use_container_width=False`, use `width='content'`.
2026-08-30 09:12:32.138 Please replace `use_container_width` with `width`.

`use_container_width` will be removed after 2025-12-31.

For `use_container_width=True`, use `width='stretch'`. For `use_container_width=False`, use `width='content'`.
2026-08-30 09:12:32.308 Please replace `use_container_width` with `width`.

`use_container_width` will be removed after 2025-12-31.

For `use_container_width=True`, use `width='stretch'`. For `use_container_width=False`, use `width='content'`.
2026-08-30 09:12:32.407 Please replace `use_container_width` with `width`.

`use_container_width` will be removed after 2025-12-31.

For `use_container_width=True`, use `width='stretch'`. For `use_container_width=False`, use `width='content'`.
2026-08-30 09:12:32.409 Serialization of dataframe to Arrow table was unsuccessful. Applying automatic fixes for column types to make the dataframe Arrow-compatible.
Traceback (most recent call last):
  File "C:\Users\admin\miniconda3\Lib\site-packages\streamlit\dataframe_util.py", line 818, in convert_pandas_df_to_arrow_bytes
    table = pa.Table.from_pandas(df)
  File "pyarrow/table.pxi", line 4796, in pyarrow.lib.Table.from_pandas
  File "C:\Users\admin\miniconda3\Lib\site-packages\pyarrow\pandas_compat.py", line 651, in dataframe_to_arrays
    arrays = [convert_column(c, f)
              ~~~~~~~~~~~~~~^^^^^^
  File "C:\Users\admin\miniconda3\Lib\site-packages\pyarrow\pandas_compat.py", line 639, in convert_column
    raise e
  File "C:\Users\admin\miniconda3\Lib\site-packages\pyarrow\pandas_compat.py", line 633, in convert_column
    result = pa.array(col, type=type_, from_pandas=True, safe=safe)
  File "pyarrow/array.pxi", line 365, in pyarrow.lib.array
  File "pyarrow/array.pxi", line 91, in pyarrow.lib._ndarray_to_array
  File "pyarrow/error.pxi", line 92, in pyarrow.lib.check_status
pyarrow.lib.ArrowInvalid: ("Could not convert '—' with type str: tried to convert to double", 'Conversion failed for column 【左】路寬(m) with type object')
2026-08-30 09:12:32.424 Please replace `use_container_width` with `width`.

`use_container_width` will be removed after 2025-12-31.

For `use_container_width=True`, use `width='stretch'`. For `use_container_width=False`, use `width='content'`.
2026-08-30 09:12:32.431 Please replace `use_container_width` with `width`.

`use_container_width` will be removed after 2025-12-31.

For `use_container_width=True`, use `width='stretch'`. For `use_container_width=False`, use `width='content'`.
2026-08-30 09:12:32.457 Please replace `use_container_width` with `width`.

`use_container_width` will be removed after 2025-12-31.

For `use_container_width=True`, use `width='stretch'`. For `use_container_width=False`, use `width='content'`.
2026-08-30 09:12:32.462 Please replace `use_container_width` with `width`.

`use_container_width` will be removed after 2025-12-31.

For `use_container_width=True`, use `width='stretch'`. For `use_container_width=False`, use `width='content'`.
2026-08-30 09:12:32.527 Please replace `use_container_width` with `width`.

`use_container_width` will be removed after 2025-12-31.

For `use_container_width=True`, use `width='stretch'`. For `use_container_width=False`, use `width='content'`.
2026-08-30 09:12:32.535 Please replace `use_container_width` with `width`.

`use_container_width` will be removed after 2025-12-31.

For `use_container_width=True`, use `width='stretch'`. For `use_container_width=False`, use `width='content'`.
2026-08-30 09:12:53.451 Please replace `st.components.v1.html` with `st.iframe`.

`st.components.v1.html` will be removed after 2026-06-01.
2026-08-30 09:12:53.553 Please replace `use_container_width` with `width`.

`use_container_width` will be removed after 2025-12-31.

For `use_container_width=True`, use `width='stretch'`. For `use_container_width=False`, use `width='content'`.
2026-08-30 09:12:53.646 Please replace `use_container_width` with `width`.

`use_container_width` will be removed after 2025-12-31.

For `use_container_width=True`, use `width='stretch'`. For `use_container_width=False`, use `width='content'`.
2026-08-30 09:12:53.723 Please replace `use_container_width` with `width`.

`use_container_width` will be removed after 2025-12-31.

For `use_container_width=True`, use `width='stretch'`. For `use_container_width=False`, use `width='content'`.
2026-08-30 09:12:54.238 Please replace `use_container_width` with `width`.

`use_container_width` will be removed after 2025-12-31.

For `use_container_width=True`, use `width='stretch'`. For `use_container_width=False`, use `width='content'`.
2026-08-30 09:12:54.446 Please replace `use_container_width` with `width`.

`use_container_width` will be removed after 2025-12-31.

For `use_container_width=True`, use `width='stretch'`. For `use_container_width=False`, use `width='content'`.
2026-08-30 09:12:54.528 Please replace `use_container_width` with `width`.

`use_container_width` will be removed after 2025-12-31.

For `use_container_width=True`, use `width='stretch'`. For `use_container_width=False`, use `width='content'`.
2026-08-30 09:12:54.535 Serialization of dataframe to Arrow table was unsuccessful. Applying automatic fixes for column types to make the dataframe Arrow-compatible.
Traceback (most recent call last):
  File "C:\Users\admin\miniconda3\Lib\site-packages\streamlit\dataframe_util.py", line 818, in convert_pandas_df_to_arrow_bytes
    table = pa.Table.from_pandas(df)
  File "pyarrow/table.pxi", line 4796, in pyarrow.lib.Table.from_pandas
  File "C:\Users\admin\miniconda3\Lib\site-packages\pyarrow\pandas_compat.py", line 651, in dataframe_to_arrays
    arrays = [convert_column(c, f)
              ~~~~~~~~~~~~~~^^^^^^
  File "C:\Users\admin\miniconda3\Lib\site-packages\pyarrow\pandas_compat.py", line 639, in convert_column
    raise e
  File "C:\Users\admin\miniconda3\Lib\site-packages\pyarrow\pandas_compat.py", line 633, in convert_column
    result = pa.array(col, type=type_, from_pandas=True, safe=safe)
  File "pyarrow/array.pxi", line 365, in pyarrow.lib.array
  File "pyarrow/array.pxi", line 91, in pyarrow.lib._ndarray_to_array
  File "pyarrow/error.pxi", line 92, in pyarrow.lib.check_status
pyarrow.lib.ArrowInvalid: ("Could not convert '—' with type str: tried to convert to double", 'Conversion failed for column 【左】路寬(m) with type object')
2026-08-30 09:12:54.563 Please replace `st.components.v1.html` with `st.iframe`.

`st.components.v1.html` will be removed after 2026-06-01.
2026-08-30 09:12:54.790 Please replace `use_container_width` with `width`.

`use_container_width` will be removed after 2025-12-31.

For `use_container_width=True`, use `width='stretch'`. For `use_container_width=False`, use `width='content'`.
2026-08-30 09:12:54.885 Please replace `use_container_width` with `width`.

`use_container_width` will be removed after 2025-12-31.

For `use_container_width=True`, use `width='stretch'`. For `use_container_width=False`, use `width='content'`.
2026-08-30 09:12:54.954 Please replace `use_container_width` with `width`.

`use_container_width` will be removed after 2025-12-31.

For `use_container_width=True`, use `width='stretch'`. For `use_container_width=False`, use `width='content'`.
2026-08-30 09:12:55.364 Please replace `use_container_width` with `width`.

`use_container_width` will be removed after 2025-12-31.

For `use_container_width=True`, use `width='stretch'`. For `use_container_width=False`, use `width='content'`.
2026-08-30 09:12:55.533 Please replace `use_container_width` with `width`.

`use_container_width` will be removed after 2025-12-31.

For `use_container_width=True`, use `width='stretch'`. For `use_container_width=False`, use `width='content'`.
2026-08-30 09:12:55.629 Please replace `use_container_width` with `width`.

`use_container_width` will be removed after 2025-12-31.

For `use_container_width=True`, use `width='stretch'`. For `use_container_width=False`, use `width='content'`.
2026-08-30 09:12:55.632 Serialization of dataframe to Arrow table was unsuccessful. Applying automatic fixes for column types to make the dataframe Arrow-compatible.
Traceback (most recent call last):
  File "C:\Users\admin\miniconda3\Lib\site-packages\streamlit\dataframe_util.py", line 818, in convert_pandas_df_to_arrow_bytes
    table = pa.Table.from_pandas(df)
  File "pyarrow/table.pxi", line 4796, in pyarrow.lib.Table.from_pandas
  File "C:\Users\admin\miniconda3\Lib\site-packages\pyarrow\pandas_compat.py", line 651, in dataframe_to_arrays
    arrays = [convert_column(c, f)
              ~~~~~~~~~~~~~~^^^^^^
  File "C:\Users\admin\miniconda3\Lib\site-packages\pyarrow\pandas_compat.py", line 639, in convert_column
    raise e
  File "C:\Users\admin\miniconda3\Lib\site-packages\pyarrow\pandas_compat.py", line 633, in convert_column
    result = pa.array(col, type=type_, from_pandas=True, safe=safe)
  File "pyarrow/array.pxi", line 365, in pyarrow.lib.array
  File "pyarrow/array.pxi", line 91, in pyarrow.lib._ndarray_to_array
  File "pyarrow/error.pxi", line 92, in pyarrow.lib.check_status
pyarrow.lib.ArrowInvalid: ("Could not convert '—' with type str: tried to convert to double", 'Conversion failed for column 【左】路寬(m) with type object')
2026-08-30 09:12:55.646 Please replace `use_container_width` with `width`.

`use_container_width` will be removed after 2025-12-31.

For `use_container_width=True`, use `width='stretch'`. For `use_container_width=False`, use `width='content'`.
2026-08-30 09:12:55.654 Please replace `use_container_width` with `width`.

`use_container_width` will be removed after 2025-12-31.

For `use_container_width=True`, use `width='stretch'`. For `use_container_width=False`, use `width='content'`.
2026-08-30 09:12:55.673 Please replace `use_container_width` with `width`.

`use_container_width` will be removed after 2025-12-31.

For `use_container_width=True`, use `width='stretch'`. For `use_container_width=False`, use `width='content'`.
2026-08-30 09:12:55.682 Please replace `use_container_width` with `width`.

`use_container_width` will be removed after 2025-12-31.

For `use_container_width=True`, use `width='stretch'`. For `use_container_width=False`, use `width='content'`.
2026-08-30 09:12:55.749 Please replace `use_container_width` with `width`.

`use_container_width` will be removed after 2025-12-31.

For `use_container_width=True`, use `width='stretch'`. For `use_container_width=False`, use `width='content'`.
2026-08-30 09:12:55.760 Please replace `use_container_width` with `width`.

`use_container_width` will be removed after 2025-12-31.

For `use_container_width=True`, use `width='stretch'`. For `use_container_width=False`, use `width='content'`.
2026-08-30 09:12:55.875 Please replace `st.components.v1.html` with `st.iframe`.

`st.components.v1.html` will be removed after 2026-06-01.
2026-08-30 09:12:55.975 Please replace `use_container_width` with `width`.

`use_container_width` will be removed after 2025-12-31.

For `use_container_width=True`, use `width='stretch'`. For `use_container_width=False`, use `width='content'`.
2026-08-30 09:12:56.079 Please replace `use_container_width` with `width`.

`use_container_width` will be removed after 2025-12-31.

For `use_container_width=True`, use `width='stretch'`. For `use_container_width=False`, use `width='content'`.
2026-08-30 09:12:56.161 Please replace `use_container_width` with `width`.

`use_container_width` will be removed after 2025-12-31.

For `use_container_width=True`, use `width='stretch'`. For `use_container_width=False`, use `width='content'`.
2026-08-30 09:12:56.579 Please replace `use_container_width` with `width`.

`use_container_width` will be removed after 2025-12-31.

For `use_container_width=True`, use `width='stretch'`. For `use_container_width=False`, use `width='content'`.
2026-08-30 09:12:56.744 Please replace `use_container_width` with `width`.

`use_container_width` will be removed after 2025-12-31.

For `use_container_width=True`, use `width='stretch'`. For `use_container_width=False`, use `width='content'`.
2026-08-30 09:12:56.830 Please replace `use_container_width` with `width`.

`use_container_width` will be removed after 2025-12-31.

For `use_container_width=True`, use `width='stretch'`. For `use_container_width=False`, use `width='content'`.
2026-08-30 09:12:56.832 Serialization of dataframe to Arrow table was unsuccessful. Applying automatic fixes for column types to make the dataframe Arrow-compatible.
Traceback (most recent call last):
  File "C:\Users\admin\miniconda3\Lib\site-packages\streamlit\dataframe_util.py", line 818, in convert_pandas_df_to_arrow_bytes
    table = pa.Table.from_pandas(df)
  File "pyarrow/table.pxi", line 4796, in pyarrow.lib.Table.from_pandas
  File "C:\Users\admin\miniconda3\Lib\site-packages\pyarrow\pandas_compat.py", line 651, in dataframe_to_arrays
    arrays = [convert_column(c, f)
              ~~~~~~~~~~~~~~^^^^^^
  File "C:\Users\admin\miniconda3\Lib\site-packages\pyarrow\pandas_compat.py", line 639, in convert_column
    raise e
  File "C:\Users\admin\miniconda3\Lib\site-packages\pyarrow\pandas_compat.py", line 633, in convert_column
    result = pa.array(col, type=type_, from_pandas=True, safe=safe)
  File "pyarrow/array.pxi", line 365, in pyarrow.lib.array
  File "pyarrow/array.pxi", line 91, in pyarrow.lib._ndarray_to_array
  File "pyarrow/error.pxi", line 92, in pyarrow.lib.check_status
pyarrow.lib.ArrowInvalid: ("Could not convert '—' with type str: tried to convert to double", 'Conversion failed for column 【左】路寬(m) with type object')
2026-08-30 09:12:56.844 Please replace `use_container_width` with `width`.

`use_container_width` will be removed after 2025-12-31.

For `use_container_width=True`, use `width='stretch'`. For `use_container_width=False`, use `width='content'`.
2026-08-30 09:12:56.851 Please replace `use_container_width` with `width`.

`use_container_width` will be removed after 2025-12-31.

For `use_container_width=True`, use `width='stretch'`. For `use_container_width=False`, use `width='content'`.
2026-08-30 09:12:56.875 Please replace `use_container_width` with `width`.

`use_container_width` will be removed after 2025-12-31.

For `use_container_width=True`, use `width='stretch'`. For `use_container_width=False`, use `width='content'`.
2026-08-30 09:12:56.880 Please replace `use_container_width` with `width`.

`use_container_width` will be removed after 2025-12-31.

For `use_container_width=True`, use `width='stretch'`. For `use_container_width=False`, use `width='content'`.
2026-08-30 09:12:56.949 Please replace `use_container_width` with `width`.

`use_container_width` will be removed after 2025-12-31.

For `use_container_width=True`, use `width='stretch'`. For `use_container_width=False`, use `width='content'`.
2026-08-30 09:12:56.955 Please replace `use_container_width` with `width`.

`use_container_width` will be removed after 2025-12-31.

For `use_container_width=True`, use `width='stretch'`. For `use_container_width=False`, use `width='content'`.
2026-08-30 09:12:57.368 Please replace `st.components.v1.html` with `st.iframe`.

`st.components.v1.html` will be removed after 2026-06-01.
2026-08-30 09:12:57.501 Please replace `use_container_width` with `width`.

`use_container_width` will be removed after 2025-12-31.

For `use_container_width=True`, use `width='stretch'`. For `use_container_width=False`, use `width='content'`.
2026-08-30 09:12:57.576 Please replace `use_container_width` with `width`.

`use_container_width` will be removed after 2025-12-31.

For `use_container_width=True`, use `width='stretch'`. For `use_container_width=False`, use `width='content'`.
2026-08-30 09:12:57.669 Please replace `use_container_width` with `width`.

`use_container_width` will be removed after 2025-12-31.

For `use_container_width=True`, use `width='stretch'`. For `use_container_width=False`, use `width='content'`.
2026-08-30 09:12:58.103 Please replace `use_container_width` with `width`.

`use_container_width` will be removed after 2025-12-31.

For `use_container_width=True`, use `width='stretch'`. For `use_container_width=False`, use `width='content'`.
2026-08-30 09:12:58.245 Please replace `use_container_width` with `width`.

`use_container_width` will be removed after 2025-12-31.

For `use_container_width=True`, use `width='stretch'`. For `use_container_width=False`, use `width='content'`.
2026-08-30 09:12:58.308 Please replace `use_container_width` with `width`.

`use_container_width` will be removed after 2025-12-31.

For `use_container_width=True`, use `width='stretch'`. For `use_container_width=False`, use `width='content'`.
2026-08-30 09:12:58.308 Serialization of dataframe to Arrow table was unsuccessful. Applying automatic fixes for column types to make the dataframe Arrow-compatible.
Traceback (most recent call last):
  File "C:\Users\admin\miniconda3\Lib\site-packages\streamlit\dataframe_util.py", line 818, in convert_pandas_df_to_arrow_bytes
    table = pa.Table.from_pandas(df)
  File "pyarrow/table.pxi", line 4796, in pyarrow.lib.Table.from_pandas
  File "C:\Users\admin\miniconda3\Lib\site-packages\pyarrow\pandas_compat.py", line 651, in dataframe_to_arrays
    arrays = [convert_column(c, f)
              ~~~~~~~~~~~~~~^^^^^^
  File "C:\Users\admin\miniconda3\Lib\site-packages\pyarrow\pandas_compat.py", line 639, in convert_column
    raise e
  File "C:\Users\admin\miniconda3\Lib\site-packages\pyarrow\pandas_compat.py", line 633, in convert_column
    result = pa.array(col, type=type_, from_pandas=True, safe=safe)
  File "pyarrow/array.pxi", line 365, in pyarrow.lib.array
  File "pyarrow/array.pxi", line 91, in pyarrow.lib._ndarray_to_array
  File "pyarrow/error.pxi", line 92, in pyarrow.lib.check_status
pyarrow.lib.ArrowInvalid: ("Could not convert '—' with type str: tried to convert to double", 'Conversion failed for column 【左】路寬(m) with type object')
2026-08-30 09:12:58.321 Please replace `use_container_width` with `width`.

`use_container_width` will be removed after 2025-12-31.

For `use_container_width=True`, use `width='stretch'`. For `use_container_width=False`, use `width='content'`.
2026-08-30 09:12:58.335 Please replace `use_container_width` with `width`.

`use_container_width` will be removed after 2025-12-31.

For `use_container_width=True`, use `width='stretch'`. For `use_container_width=False`, use `width='content'`.
2026-08-30 09:12:58.366 Please replace `use_container_width` with `width`.

`use_container_width` will be removed after 2025-12-31.

For `use_container_width=True`, use `width='stretch'`. For `use_container_width=False`, use `width='content'`.
2026-08-30 09:12:58.372 Please replace `use_container_width` with `width`.

`use_container_width` will be removed after 2025-12-31.

For `use_container_width=True`, use `width='stretch'`. For `use_container_width=False`, use `width='content'`.
2026-08-30 09:12:58.441 Please replace `use_container_width` with `width`.

`use_container_width` will be removed after 2025-12-31.

For `use_container_width=True`, use `width='stretch'`. For `use_container_width=False`, use `width='content'`.
2026-08-30 09:12:58.451 Please replace `use_container_width` with `width`.

`use_container_width` will be removed after 2025-12-31.

For `use_container_width=True`, use `width='stretch'`. For `use_container_width=False`, use `width='content'`.
2026-08-30 09:13:04.831 Please replace `st.components.v1.html` with `st.iframe`.

`st.components.v1.html` will be removed after 2026-06-01.
2026-08-30 09:13:04.946 Please replace `use_container_width` with `width`.

`use_container_width` will be removed after 2025-12-31.

For `use_container_width=True`, use `width='stretch'`. For `use_container_width=False`, use `width='content'`.
2026-08-30 09:13:05.027 Please replace `use_container_width` with `width`.

`use_container_width` will be removed after 2025-12-31.

For `use_container_width=True`, use `width='stretch'`. For `use_container_width=False`, use `width='content'`.
2026-08-30 09:13:05.114 Please replace `use_container_width` with `width`.

`use_container_width` will be removed after 2025-12-31.

For `use_container_width=True`, use `width='stretch'`. For `use_container_width=False`, use `width='content'`.
2026-08-30 09:13:05.583 Please replace `use_container_width` with `width`.

`use_container_width` will be removed after 2025-12-31.

For `use_container_width=True`, use `width='stretch'`. For `use_container_width=False`, use `width='content'`.
2026-08-30 09:13:05.763 Please replace `use_container_width` with `width`.

`use_container_width` will be removed after 2025-12-31.

For `use_container_width=True`, use `width='stretch'`. For `use_container_width=False`, use `width='content'`.
2026-08-30 09:13:05.867 Please replace `use_container_width` with `width`.

`use_container_width` will be removed after 2025-12-31.

For `use_container_width=True`, use `width='stretch'`. For `use_container_width=False`, use `width='content'`.
2026-08-30 09:13:05.869 Serialization of dataframe to Arrow table was unsuccessful. Applying automatic fixes for column types to make the dataframe Arrow-compatible.
Traceback (most recent call last):
  File "C:\Users\admin\miniconda3\Lib\site-packages\streamlit\dataframe_util.py", line 818, in convert_pandas_df_to_arrow_bytes
    table = pa.Table.from_pandas(df)
  File "pyarrow/table.pxi", line 4796, in pyarrow.lib.Table.from_pandas
  File "C:\Users\admin\miniconda3\Lib\site-packages\pyarrow\pandas_compat.py", line 651, in dataframe_to_arrays
    arrays = [convert_column(c, f)
              ~~~~~~~~~~~~~~^^^^^^
  File "C:\Users\admin\miniconda3\Lib\site-packages\pyarrow\pandas_compat.py", line 639, in convert_column
    raise e
  File "C:\Users\admin\miniconda3\Lib\site-packages\pyarrow\pandas_compat.py", line 633, in convert_column
    result = pa.array(col, type=type_, from_pandas=True, safe=safe)
  File "pyarrow/array.pxi", line 365, in pyarrow.lib.array
  File "pyarrow/array.pxi", line 91, in pyarrow.lib._ndarray_to_array
  File "pyarrow/error.pxi", line 92, in pyarrow.lib.check_status
pyarrow.lib.ArrowInvalid: ("Could not convert '—' with type str: tried to convert to double", 'Conversion failed for column 【左】路寬(m) with type object')
2026-08-30 09:13:05.881 Please replace `use_container_width` with `width`.

`use_container_width` will be removed after 2025-12-31.

For `use_container_width=True`, use `width='stretch'`. For `use_container_width=False`, use `width='content'`.
2026-08-30 09:13:05.891 Please replace `use_container_width` with `width`.

`use_container_width` will be removed after 2025-12-31.

For `use_container_width=True`, use `width='stretch'`. For `use_container_width=False`, use `width='content'`.
2026-08-30 09:13:05.918 Please replace `use_container_width` with `width`.

`use_container_width` will be removed after 2025-12-31.

For `use_container_width=True`, use `width='stretch'`. For `use_container_width=False`, use `width='content'`.
2026-08-30 09:13:05.927 Please replace `use_container_width` with `width`.

`use_container_width` will be removed after 2025-12-31.

For `use_container_width=True`, use `width='stretch'`. For `use_container_width=False`, use `width='content'`.
2026-08-30 09:13:06.009 Please replace `use_container_width` with `width`.

`use_container_width` will be removed after 2025-12-31.

For `use_container_width=True`, use `width='stretch'`. For `use_container_width=False`, use `width='content'`.
2026-08-30 09:13:06.016 Please replace `use_container_width` with `width`.

`use_container_width` will be removed after 2025-12-31.

For `use_container_width=True`, use `width='stretch'`. For `use_container_width=False`, use `width='content'`.
2026-08-30 09:13:07.354 Please replace `st.components.v1.html` with `st.iframe`.

`st.components.v1.html` will be removed after 2026-06-01.
2026-08-30 09:13:07.478 Please replace `use_container_width` with `width`.

`use_container_width` will be removed after 2025-12-31.

For `use_container_width=True`, use `width='stretch'`. For `use_container_width=False`, use `width='content'`.
2026-08-30 09:13:07.582 Please replace `use_container_width` with `width`.

`use_container_width` will be removed after 2025-12-31.

For `use_container_width=True`, use `width='stretch'`. For `use_container_width=False`, use `width='content'`.
2026-08-30 09:13:07.680 Please replace `use_container_width` with `width`.

`use_container_width` will be removed after 2025-12-31.

For `use_container_width=True`, use `width='stretch'`. For `use_container_width=False`, use `width='content'`.
2026-08-30 09:13:08.132 Please replace `use_container_width` with `width`.

`use_container_width` will be removed after 2025-12-31.

For `use_container_width=True`, use `width='stretch'`. For `use_container_width=False`, use `width='content'`.
2026-08-30 09:13:08.275 Please replace `use_container_width` with `width`.

`use_container_width` will be removed after 2025-12-31.

For `use_container_width=True`, use `width='stretch'`. For `use_container_width=False`, use `width='content'`.
2026-08-30 09:13:08.352 Please replace `use_container_width` with `width`.

`use_container_width` will be removed after 2025-12-31.

For `use_container_width=True`, use `width='stretch'`. For `use_container_width=False`, use `width='content'`.
2026-08-30 09:13:08.355 Serialization of dataframe to Arrow table was unsuccessful. Applying automatic fixes for column types to make the dataframe Arrow-compatible.
Traceback (most recent call last):
  File "C:\Users\admin\miniconda3\Lib\site-packages\streamlit\dataframe_util.py", line 818, in convert_pandas_df_to_arrow_bytes
    table = pa.Table.from_pandas(df)
  File "pyarrow/table.pxi", line 4796, in pyarrow.lib.Table.from_pandas
  File "C:\Users\admin\miniconda3\Lib\site-packages\pyarrow\pandas_compat.py", line 651, in dataframe_to_arrays
    arrays = [convert_column(c, f)
              ~~~~~~~~~~~~~~^^^^^^
  File "C:\Users\admin\miniconda3\Lib\site-packages\pyarrow\pandas_compat.py", line 639, in convert_column
    raise e
  File "C:\Users\admin\miniconda3\Lib\site-packages\pyarrow\pandas_compat.py", line 633, in convert_column
    result = pa.array(col, type=type_, from_pandas=True, safe=safe)
  File "pyarrow/array.pxi", line 365, in pyarrow.lib.array
  File "pyarrow/array.pxi", line 91, in pyarrow.lib._ndarray_to_array
  File "pyarrow/error.pxi", line 92, in pyarrow.lib.check_status
pyarrow.lib.ArrowInvalid: ("Could not convert '—' with type str: tried to convert to double", 'Conversion failed for column 【左】路寬(m) with type object')
2026-08-30 09:13:08.370 Please replace `use_container_width` with `width`.

`use_container_width` will be removed after 2025-12-31.

For `use_container_width=True`, use `width='stretch'`. For `use_container_width=False`, use `width='content'`.
2026-08-30 09:13:08.377 Please replace `use_container_width` with `width`.

`use_container_width` will be removed after 2025-12-31.

For `use_container_width=True`, use `width='stretch'`. For `use_container_width=False`, use `width='content'`.
2026-08-30 09:13:08.400 Please replace `use_container_width` with `width`.

`use_container_width` will be removed after 2025-12-31.

For `use_container_width=True`, use `width='stretch'`. For `use_container_width=False`, use `width='content'`.
2026-08-30 09:13:08.406 Please replace `use_container_width` with `width`.

`use_container_width` will be removed after 2025-12-31.

For `use_container_width=True`, use `width='stretch'`. For `use_container_width=False`, use `width='content'`.
2026-08-30 09:13:08.453 Please replace `use_container_width` with `width`.

`use_container_width` will be removed after 2025-12-31.

For `use_container_width=True`, use `width='stretch'`. For `use_container_width=False`, use `width='content'`.
2026-08-30 09:13:08.456 Please replace `use_container_width` with `width`.

`use_container_width` will be removed after 2025-12-31.

For `use_container_width=True`, use `width='stretch'`. For `use_container_width=False`, use `width='content'`.
2026-08-30 09:13:09.421 Please replace `st.components.v1.html` with `st.iframe`.

`st.components.v1.html` will be removed after 2026-06-01.
2026-08-30 09:13:09.534 Please replace `use_container_width` with `width`.

`use_container_width` will be removed after 2025-12-31.

For `use_container_width=True`, use `width='stretch'`. For `use_container_width=False`, use `width='content'`.
2026-08-30 09:13:09.626 Please replace `use_container_width` with `width`.

`use_container_width` will be removed after 2025-12-31.

For `use_container_width=True`, use `width='stretch'`. For `use_container_width=False`, use `width='content'`.
2026-08-30 09:13:09.714 Please replace `use_container_width` with `width`.

`use_container_width` will be removed after 2025-12-31.

For `use_container_width=True`, use `width='stretch'`. For `use_container_width=False`, use `width='content'`.
2026-08-30 09:13:10.124 Please replace `use_container_width` with `width`.

`use_container_width` will be removed after 2025-12-31.

For `use_container_width=True`, use `width='stretch'`. For `use_container_width=False`, use `width='content'`.
2026-08-30 09:13:10.259 Please replace `use_container_width` with `width`.

`use_container_width` will be removed after 2025-12-31.

For `use_container_width=True`, use `width='stretch'`. For `use_container_width=False`, use `width='content'`.
2026-08-30 09:13:10.342 Please replace `use_container_width` with `width`.

`use_container_width` will be removed after 2025-12-31.

For `use_container_width=True`, use `width='stretch'`. For `use_container_width=False`, use `width='content'`.
2026-08-30 09:13:10.344 Serialization of dataframe to Arrow table was unsuccessful. Applying automatic fixes for column types to make the dataframe Arrow-compatible.
Traceback (most recent call last):
  File "C:\Users\admin\miniconda3\Lib\site-packages\streamlit\dataframe_util.py", line 818, in convert_pandas_df_to_arrow_bytes
    table = pa.Table.from_pandas(df)
  File "pyarrow/table.pxi", line 4796, in pyarrow.lib.Table.from_pandas
  File "C:\Users\admin\miniconda3\Lib\site-packages\pyarrow\pandas_compat.py", line 651, in dataframe_to_arrays
    arrays = [convert_column(c, f)
              ~~~~~~~~~~~~~~^^^^^^
  File "C:\Users\admin\miniconda3\Lib\site-packages\pyarrow\pandas_compat.py", line 639, in convert_column
    raise e
  File "C:\Users\admin\miniconda3\Lib\site-packages\pyarrow\pandas_compat.py", line 633, in convert_column
    result = pa.array(col, type=type_, from_pandas=True, safe=safe)
  File "pyarrow/array.pxi", line 365, in pyarrow.lib.array
  File "pyarrow/array.pxi", line 91, in pyarrow.lib._ndarray_to_array
  File "pyarrow/error.pxi", line 92, in pyarrow.lib.check_status
pyarrow.lib.ArrowInvalid: ("Could not convert '—' with type str: tried to convert to double", 'Conversion failed for column 【左】路寬(m) with type object')
2026-08-30 09:13:10.359 Please replace `use_container_width` with `width`.

`use_container_width` will be removed after 2025-12-31.

For `use_container_width=True`, use `width='stretch'`. For `use_container_width=False`, use `width='content'`.
2026-08-30 09:13:10.367 Please replace `use_container_width` with `width`.

`use_container_width` will be removed after 2025-12-31.

For `use_container_width=True`, use `width='stretch'`. For `use_container_width=False`, use `width='content'`.
2026-08-30 09:13:10.394 Please replace `use_container_width` with `width`.

`use_container_width` will be removed after 2025-12-31.

For `use_container_width=True`, use `width='stretch'`. For `use_container_width=False`, use `width='content'`.
2026-08-30 09:13:10.402 Please replace `use_container_width` with `width`.

`use_container_width` will be removed after 2025-12-31.

For `use_container_width=True`, use `width='stretch'`. For `use_container_width=False`, use `width='content'`.
2026-08-30 09:13:10.460 Please replace `use_container_width` with `width`.

`use_container_width` will be removed after 2025-12-31.

For `use_container_width=True`, use `width='stretch'`. For `use_container_width=False`, use `width='content'`.
2026-08-30 09:13:10.465 Please replace `use_container_width` with `width`.

`use_container_width` will be removed after 2025-12-31.

For `use_container_width=True`, use `width='stretch'`. For `use_container_width=False`, use `width='content'`.
2026-08-30 09:13:11.123 Please replace `st.components.v1.html` with `st.iframe`.

`st.components.v1.html` will be removed after 2026-06-01.
2026-08-30 09:13:11.255 Please replace `use_container_width` with `width`.

`use_container_width` will be removed after 2025-12-31.

For `use_container_width=True`, use `width='stretch'`. For `use_container_width=False`, use `width='content'`.
2026-08-30 09:13:11.341 Please replace `use_container_width` with `width`.

`use_container_width` will be removed after 2025-12-31.

For `use_container_width=True`, use `width='stretch'`. For `use_container_width=False`, use `width='content'`.
2026-08-30 09:13:11.420 Please replace `use_container_width` with `width`.

`use_container_width` will be removed after 2025-12-31.

For `use_container_width=True`, use `width='stretch'`. For `use_container_width=False`, use `width='content'`.
2026-08-30 09:13:11.906 Please replace `use_container_width` with `width`.

`use_container_width` will be removed after 2025-12-31.

For `use_container_width=True`, use `width='stretch'`. For `use_container_width=False`, use `width='content'`.
2026-08-30 09:13:12.037 Please replace `use_container_width` with `width`.

`use_container_width` will be removed after 2025-12-31.

For `use_container_width=True`, use `width='stretch'`. For `use_container_width=False`, use `width='content'`.
2026-08-30 09:13:12.125 Please replace `use_container_width` with `width`.

`use_container_width` will be removed after 2025-12-31.

For `use_container_width=True`, use `width='stretch'`. For `use_container_width=False`, use `width='content'`.
2026-08-30 09:13:12.126 Serialization of dataframe to Arrow table was unsuccessful. Applying automatic fixes for column types to make the dataframe Arrow-compatible.
Traceback (most recent call last):
  File "C:\Users\admin\miniconda3\Lib\site-packages\streamlit\dataframe_util.py", line 818, in convert_pandas_df_to_arrow_bytes
    table = pa.Table.from_pandas(df)
  File "pyarrow/table.pxi", line 4796, in pyarrow.lib.Table.from_pandas
  File "C:\Users\admin\miniconda3\Lib\site-packages\pyarrow\pandas_compat.py", line 651, in dataframe_to_arrays
    arrays = [convert_column(c, f)
              ~~~~~~~~~~~~~~^^^^^^
  File "C:\Users\admin\miniconda3\Lib\site-packages\pyarrow\pandas_compat.py", line 639, in convert_column
    raise e
  File "C:\Users\admin\miniconda3\Lib\site-packages\pyarrow\pandas_compat.py", line 633, in convert_column
    result = pa.array(col, type=type_, from_pandas=True, safe=safe)
  File "pyarrow/array.pxi", line 365, in pyarrow.lib.array
  File "pyarrow/array.pxi", line 91, in pyarrow.lib._ndarray_to_array
  File "pyarrow/error.pxi", line 92, in pyarrow.lib.check_status
pyarrow.lib.ArrowInvalid: ("Could not convert '—' with type str: tried to convert to double", 'Conversion failed for column 【左】路寬(m) with type object')
2026-08-30 09:13:12.139 Please replace `use_container_width` with `width`.

`use_container_width` will be removed after 2025-12-31.

For `use_container_width=True`, use `width='stretch'`. For `use_container_width=False`, use `width='content'`.
2026-08-30 09:13:12.145 Please replace `use_container_width` with `width`.

`use_container_width` will be removed after 2025-12-31.

For `use_container_width=True`, use `width='stretch'`. For `use_container_width=False`, use `width='content'`.
2026-08-30 09:13:12.169 Please replace `use_container_width` with `width`.

`use_container_width` will be removed after 2025-12-31.

For `use_container_width=True`, use `width='stretch'`. For `use_container_width=False`, use `width='content'`.
2026-08-30 09:13:12.174 Please replace `use_container_width` with `width`.

`use_container_width` will be removed after 2025-12-31.

For `use_container_width=True`, use `width='stretch'`. For `use_container_width=False`, use `width='content'`.
2026-08-30 09:13:12.229 Please replace `use_container_width` with `width`.

`use_container_width` will be removed after 2025-12-31.

For `use_container_width=True`, use `width='stretch'`. For `use_container_width=False`, use `width='content'`.
2026-08-30 09:13:12.236 Please replace `use_container_width` with `width`.

`use_container_width` will be removed after 2025-12-31.

For `use_container_width=True`, use `width='stretch'`. For `use_container_width=False`, use `width='content'`.
2026-08-30 09:13:14.430 Please replace `st.components.v1.html` with `st.iframe`.

`st.components.v1.html` will be removed after 2026-06-01.
2026-08-30 09:13:14.557 Please replace `use_container_width` with `width`.

`use_container_width` will be removed after 2025-12-31.

For `use_container_width=True`, use `width='stretch'`. For `use_container_width=False`, use `width='content'`.
2026-08-30 09:13:14.614 Please replace `use_container_width` with `width`.

`use_container_width` will be removed after 2025-12-31.

For `use_container_width=True`, use `width='stretch'`. For `use_container_width=False`, use `width='content'`.
2026-08-30 09:13:14.700 Please replace `use_container_width` with `width`.

`use_container_width` will be removed after 2025-12-31.

For `use_container_width=True`, use `width='stretch'`. For `use_container_width=False`, use `width='content'`.
2026-08-30 09:13:15.124 Please replace `use_container_width` with `width`.

`use_container_width` will be removed after 2025-12-31.

For `use_container_width=True`, use `width='stretch'`. For `use_container_width=False`, use `width='content'`.
2026-08-30 09:13:15.278 Please replace `use_container_width` with `width`.

`use_container_width` will be removed after 2025-12-31.

For `use_container_width=True`, use `width='stretch'`. For `use_container_width=False`, use `width='content'`.
2026-08-30 09:13:15.344 Please replace `use_container_width` with `width`.

`use_container_width` will be removed after 2025-12-31.

For `use_container_width=True`, use `width='stretch'`. For `use_container_width=False`, use `width='content'`.
2026-08-30 09:13:15.347 Serialization of dataframe to Arrow table was unsuccessful. Applying automatic fixes for column types to make the dataframe Arrow-compatible.
Traceback (most recent call last):
  File "C:\Users\admin\miniconda3\Lib\site-packages\streamlit\dataframe_util.py", line 818, in convert_pandas_df_to_arrow_bytes
    table = pa.Table.from_pandas(df)
  File "pyarrow/table.pxi", line 4796, in pyarrow.lib.Table.from_pandas
  File "C:\Users\admin\miniconda3\Lib\site-packages\pyarrow\pandas_compat.py", line 651, in dataframe_to_arrays
    arrays = [convert_column(c, f)
              ~~~~~~~~~~~~~~^^^^^^
  File "C:\Users\admin\miniconda3\Lib\site-packages\pyarrow\pandas_compat.py", line 639, in convert_column
    raise e
  File "C:\Users\admin\miniconda3\Lib\site-packages\pyarrow\pandas_compat.py", line 633, in convert_column
    result = pa.array(col, type=type_, from_pandas=True, safe=safe)
  File "pyarrow/array.pxi", line 365, in pyarrow.lib.array
  File "pyarrow/array.pxi", line 91, in pyarrow.lib._ndarray_to_array
  File "pyarrow/error.pxi", line 92, in pyarrow.lib.check_status
pyarrow.lib.ArrowInvalid: ("Could not convert '—' with type str: tried to convert to double", 'Conversion failed for column 【左】路寬(m) with type object')
2026-08-30 09:13:15.375 Please replace `use_container_width` with `width`.

`use_container_width` will be removed after 2025-12-31.

For `use_container_width=True`, use `width='stretch'`. For `use_container_width=False`, use `width='content'`.
2026-08-30 09:13:15.382 Please replace `use_container_width` with `width`.

`use_container_width` will be removed after 2025-12-31.

For `use_container_width=True`, use `width='stretch'`. For `use_container_width=False`, use `width='content'`.
2026-08-30 09:13:15.409 Please replace `use_container_width` with `width`.

`use_container_width` will be removed after 2025-12-31.

For `use_container_width=True`, use `width='stretch'`. For `use_container_width=False`, use `width='content'`.
2026-08-30 09:13:15.414 Please replace `use_container_width` with `width`.

`use_container_width` will be removed after 2025-12-31.

For `use_container_width=True`, use `width='stretch'`. For `use_container_width=False`, use `width='content'`.
2026-08-30 09:13:15.488 Please replace `use_container_width` with `width`.

`use_container_width` will be removed after 2025-12-31.

For `use_container_width=True`, use `width='stretch'`. For `use_container_width=False`, use `width='content'`.
2026-08-30 09:13:15.494 Please replace `use_container_width` with `width`.

`use_container_width` will be removed after 2025-12-31.

For `use_container_width=True`, use `width='stretch'`. For `use_container_width=False`, use `width='content'`.
2026-08-30 09:13:17.137 Please replace `st.components.v1.html` with `st.iframe`.

`st.components.v1.html` will be removed after 2026-06-01.
2026-08-30 09:13:17.276 Please replace `use_container_width` with `width`.

`use_container_width` will be removed after 2025-12-31.

For `use_container_width=True`, use `width='stretch'`. For `use_container_width=False`, use `width='content'`.
2026-08-30 09:13:17.358 Please replace `use_container_width` with `width`.

`use_container_width` will be removed after 2025-12-31.

For `use_container_width=True`, use `width='stretch'`. For `use_container_width=False`, use `width='content'`.
2026-08-30 09:13:17.437 Please replace `use_container_width` with `width`.

`use_container_width` will be removed after 2025-12-31.

For `use_container_width=True`, use `width='stretch'`. For `use_container_width=False`, use `width='content'`.
2026-08-30 09:13:17.873 Please replace `use_container_width` with `width`.

`use_container_width` will be removed after 2025-12-31.

For `use_container_width=True`, use `width='stretch'`. For `use_container_width=False`, use `width='content'`.
2026-08-30 09:13:18.030 Please replace `use_container_width` with `width`.

`use_container_width` will be removed after 2025-12-31.

For `use_container_width=True`, use `width='stretch'`. For `use_container_width=False`, use `width='content'`.
2026-08-30 09:13:18.132 Please replace `use_container_width` with `width`.

`use_container_width` will be removed after 2025-12-31.

For `use_container_width=True`, use `width='stretch'`. For `use_container_width=False`, use `width='content'`.
2026-08-30 09:13:18.134 Serialization of dataframe to Arrow table was unsuccessful. Applying automatic fixes for column types to make the dataframe Arrow-compatible.
Traceback (most recent call last):
  File "C:\Users\admin\miniconda3\Lib\site-packages\streamlit\dataframe_util.py", line 818, in convert_pandas_df_to_arrow_bytes
    table = pa.Table.from_pandas(df)
  File "pyarrow/table.pxi", line 4796, in pyarrow.lib.Table.from_pandas
  File "C:\Users\admin\miniconda3\Lib\site-packages\pyarrow\pandas_compat.py", line 651, in dataframe_to_arrays
    arrays = [convert_column(c, f)
              ~~~~~~~~~~~~~~^^^^^^
  File "C:\Users\admin\miniconda3\Lib\site-packages\pyarrow\pandas_compat.py", line 639, in convert_column
    raise e
  File "C:\Users\admin\miniconda3\Lib\site-packages\pyarrow\pandas_compat.py", line 633, in convert_column
    result = pa.array(col, type=type_, from_pandas=True, safe=safe)
  File "pyarrow/array.pxi", line 365, in pyarrow.lib.array
  File "pyarrow/array.pxi", line 91, in pyarrow.lib._ndarray_to_array
  File "pyarrow/error.pxi", line 92, in pyarrow.lib.check_status
pyarrow.lib.ArrowInvalid: ("Could not convert '—' with type str: tried to convert to double", 'Conversion failed for column 【左】路寬(m) with type object')
2026-08-30 09:13:18.148 Please replace `use_container_width` with `width`.

`use_container_width` will be removed after 2025-12-31.

For `use_container_width=True`, use `width='stretch'`. For `use_container_width=False`, use `width='content'`.
2026-08-30 09:13:18.157 Please replace `use_container_width` with `width`.

`use_container_width` will be removed after 2025-12-31.

For `use_container_width=True`, use `width='stretch'`. For `use_container_width=False`, use `width='content'`.
2026-08-30 09:13:18.185 Please replace `use_container_width` with `width`.

`use_container_width` will be removed after 2025-12-31.

For `use_container_width=True`, use `width='stretch'`. For `use_container_width=False`, use `width='content'`.
2026-08-30 09:13:18.189 Please replace `use_container_width` with `width`.

`use_container_width` will be removed after 2025-12-31.

For `use_container_width=True`, use `width='stretch'`. For `use_container_width=False`, use `width='content'`.
2026-08-30 09:13:18.235 Please replace `use_container_width` with `width`.

`use_container_width` will be removed after 2025-12-31.

For `use_container_width=True`, use `width='stretch'`. For `use_container_width=False`, use `width='content'`.
2026-08-30 09:13:18.239 Please replace `use_container_width` with `width`.

`use_container_width` will be removed after 2025-12-31.

For `use_container_width=True`, use `width='stretch'`. For `use_container_width=False`, use `width='content'`.
2026-08-30 09:13:23.911 Please replace `st.components.v1.html` with `st.iframe`.

`st.components.v1.html` will be removed after 2026-06-01.
2026-08-30 09:13:24.036 Please replace `use_container_width` with `width`.

`use_container_width` will be removed after 2025-12-31.

For `use_container_width=True`, use `width='stretch'`. For `use_container_width=False`, use `width='content'`.
2026-08-30 09:13:24.127 Please replace `use_container_width` with `width`.

`use_container_width` will be removed after 2025-12-31.

For `use_container_width=True`, use `width='stretch'`. For `use_container_width=False`, use `width='content'`.
2026-08-30 09:13:24.246 Please replace `use_container_width` with `width`.

`use_container_width` will be removed after 2025-12-31.

For `use_container_width=True`, use `width='stretch'`. For `use_container_width=False`, use `width='content'`.
2026-08-30 09:13:24.733 Please replace `use_container_width` with `width`.

`use_container_width` will be removed after 2025-12-31.

For `use_container_width=True`, use `width='stretch'`. For `use_container_width=False`, use `width='content'`.
2026-08-30 09:13:24.944 Please replace `use_container_width` with `width`.

`use_container_width` will be removed after 2025-12-31.

For `use_container_width=True`, use `width='stretch'`. For `use_container_width=False`, use `width='content'`.
2026-08-30 09:13:25.018 Please replace `use_container_width` with `width`.

`use_container_width` will be removed after 2025-12-31.

For `use_container_width=True`, use `width='stretch'`. For `use_container_width=False`, use `width='content'`.
2026-08-30 09:13:25.020 Serialization of dataframe to Arrow table was unsuccessful. Applying automatic fixes for column types to make the dataframe Arrow-compatible.
Traceback (most recent call last):
  File "C:\Users\admin\miniconda3\Lib\site-packages\streamlit\dataframe_util.py", line 818, in convert_pandas_df_to_arrow_bytes
    table = pa.Table.from_pandas(df)
  File "pyarrow/table.pxi", line 4796, in pyarrow.lib.Table.from_pandas
  File "C:\Users\admin\miniconda3\Lib\site-packages\pyarrow\pandas_compat.py", line 651, in dataframe_to_arrays
    arrays = [convert_column(c, f)
              ~~~~~~~~~~~~~~^^^^^^
  File "C:\Users\admin\miniconda3\Lib\site-packages\pyarrow\pandas_compat.py", line 639, in convert_column
    raise e
  File "C:\Users\admin\miniconda3\Lib\site-packages\pyarrow\pandas_compat.py", line 633, in convert_column
    result = pa.array(col, type=type_, from_pandas=True, safe=safe)
  File "pyarrow/array.pxi", line 365, in pyarrow.lib.array
  File "pyarrow/array.pxi", line 91, in pyarrow.lib._ndarray_to_array
  File "pyarrow/error.pxi", line 92, in pyarrow.lib.check_status
pyarrow.lib.ArrowInvalid: ("Could not convert '—' with type str: tried to convert to double", 'Conversion failed for column 【左】路寬(m) with type object')
2026-08-30 09:13:25.033 Please replace `use_container_width` with `width`.

`use_container_width` will be removed after 2025-12-31.

For `use_container_width=True`, use `width='stretch'`. For `use_container_width=False`, use `width='content'`.
2026-08-30 09:13:25.042 Please replace `use_container_width` with `width`.

`use_container_width` will be removed after 2025-12-31.

For `use_container_width=True`, use `width='stretch'`. For `use_container_width=False`, use `width='content'`.
2026-08-30 09:13:25.064 Please replace `use_container_width` with `width`.

`use_container_width` will be removed after 2025-12-31.

For `use_container_width=True`, use `width='stretch'`. For `use_container_width=False`, use `width='content'`.
2026-08-30 09:13:25.070 Please replace `use_container_width` with `width`.

`use_container_width` will be removed after 2025-12-31.

For `use_container_width=True`, use `width='stretch'`. For `use_container_width=False`, use `width='content'`.
2026-08-30 09:13:25.129 Please replace `use_container_width` with `width`.

`use_container_width` will be removed after 2025-12-31.

For `use_container_width=True`, use `width='stretch'`. For `use_container_width=False`, use `width='content'`.
2026-08-30 09:13:25.136 Please replace `use_container_width` with `width`.

`use_container_width` will be removed after 2025-12-31.

For `use_container_width=True`, use `width='stretch'`. For `use_container_width=False`, use `width='content'`.
2026-08-30 09:13:25.231 Please replace `st.components.v1.html` with `st.iframe`.

`st.components.v1.html` will be removed after 2026-06-01.
2026-08-30 09:13:25.354 Please replace `use_container_width` with `width`.

`use_container_width` will be removed after 2025-12-31.

For `use_container_width=True`, use `width='stretch'`. For `use_container_width=False`, use `width='content'`.
2026-08-30 09:13:25.446 Please replace `use_container_width` with `width`.

`use_container_width` will be removed after 2025-12-31.

For `use_container_width=True`, use `width='stretch'`. For `use_container_width=False`, use `width='content'`.
2026-08-30 09:13:25.525 Please replace `use_container_width` with `width`.

`use_container_width` will be removed after 2025-12-31.

For `use_container_width=True`, use `width='stretch'`. For `use_container_width=False`, use `width='content'`.
2026-08-30 09:13:25.835 Please replace `st.components.v1.html` with `st.iframe`.

`st.components.v1.html` will be removed after 2026-06-01.
2026-08-30 09:13:25.946 Please replace `use_container_width` with `width`.

`use_container_width` will be removed after 2025-12-31.

For `use_container_width=True`, use `width='stretch'`. For `use_container_width=False`, use `width='content'`.
2026-08-30 09:13:26.035 Please replace `use_container_width` with `width`.

`use_container_width` will be removed after 2025-12-31.

For `use_container_width=True`, use `width='stretch'`. For `use_container_width=False`, use `width='content'`.
2026-08-30 09:13:26.117 Please replace `use_container_width` with `width`.

`use_container_width` will be removed after 2025-12-31.

For `use_container_width=True`, use `width='stretch'`. For `use_container_width=False`, use `width='content'`.
2026-08-30 09:13:26.563 Please replace `use_container_width` with `width`.

`use_container_width` will be removed after 2025-12-31.

For `use_container_width=True`, use `width='stretch'`. For `use_container_width=False`, use `width='content'`.
2026-08-30 09:13:26.720 Please replace `use_container_width` with `width`.

`use_container_width` will be removed after 2025-12-31.

For `use_container_width=True`, use `width='stretch'`. For `use_container_width=False`, use `width='content'`.
2026-08-30 09:13:26.810 Please replace `use_container_width` with `width`.

`use_container_width` will be removed after 2025-12-31.

For `use_container_width=True`, use `width='stretch'`. For `use_container_width=False`, use `width='content'`.
2026-08-30 09:13:26.812 Serialization of dataframe to Arrow table was unsuccessful. Applying automatic fixes for column types to make the dataframe Arrow-compatible.
Traceback (most recent call last):
  File "C:\Users\admin\miniconda3\Lib\site-packages\streamlit\dataframe_util.py", line 818, in convert_pandas_df_to_arrow_bytes
    table = pa.Table.from_pandas(df)
  File "pyarrow/table.pxi", line 4796, in pyarrow.lib.Table.from_pandas
  File "C:\Users\admin\miniconda3\Lib\site-packages\pyarrow\pandas_compat.py", line 651, in dataframe_to_arrays
    arrays = [convert_column(c, f)
              ~~~~~~~~~~~~~~^^^^^^
  File "C:\Users\admin\miniconda3\Lib\site-packages\pyarrow\pandas_compat.py", line 639, in convert_column
    raise e
  File "C:\Users\admin\miniconda3\Lib\site-packages\pyarrow\pandas_compat.py", line 633, in convert_column
    result = pa.array(col, type=type_, from_pandas=True, safe=safe)
  File "pyarrow/array.pxi", line 365, in pyarrow.lib.array
  File "pyarrow/array.pxi", line 91, in pyarrow.lib._ndarray_to_array
  File "pyarrow/error.pxi", line 92, in pyarrow.lib.check_status
pyarrow.lib.ArrowInvalid: ("Could not convert '—' with type str: tried to convert to double", 'Conversion failed for column 【左】路寬(m) with type object')
2026-08-30 09:13:26.827 Please replace `use_container_width` with `width`.

`use_container_width` will be removed after 2025-12-31.

For `use_container_width=True`, use `width='stretch'`. For `use_container_width=False`, use `width='content'`.
2026-08-30 09:13:26.835 Please replace `use_container_width` with `width`.

`use_container_width` will be removed after 2025-12-31.

For `use_container_width=True`, use `width='stretch'`. For `use_container_width=False`, use `width='content'`.
2026-08-30 09:13:26.859 Please replace `use_container_width` with `width`.

`use_container_width` will be removed after 2025-12-31.

For `use_container_width=True`, use `width='stretch'`. For `use_container_width=False`, use `width='content'`.
2026-08-30 09:13:26.864 Please replace `use_container_width` with `width`.

`use_container_width` will be removed after 2025-12-31.

For `use_container_width=True`, use `width='stretch'`. For `use_container_width=False`, use `width='content'`.
2026-08-30 09:13:26.907 Please replace `use_container_width` with `width`.

`use_container_width` will be removed after 2025-12-31.

For `use_container_width=True`, use `width='stretch'`. For `use_container_width=False`, use `width='content'`.
2026-08-30 09:13:26.911 Please replace `use_container_width` with `width`.

`use_container_width` will be removed after 2025-12-31.

For `use_container_width=True`, use `width='stretch'`. For `use_container_width=False`, use `width='content'`.
2026-08-30 09:15:29.044 Please replace `st.components.v1.html` with `st.iframe`.

`st.components.v1.html` will be removed after 2026-06-01.
2026-08-30 09:15:29.190 Please replace `use_container_width` with `width`.

`use_container_width` will be removed after 2025-12-31.

For `use_container_width=True`, use `width='stretch'`. For `use_container_width=False`, use `width='content'`.
2026-08-30 09:15:29.290 Please replace `use_container_width` with `width`.

`use_container_width` will be removed after 2025-12-31.

For `use_container_width=True`, use `width='stretch'`. For `use_container_width=False`, use `width='content'`.
2026-08-30 09:15:29.391 Please replace `use_container_width` with `width`.

`use_container_width` will be removed after 2025-12-31.

For `use_container_width=True`, use `width='stretch'`. For `use_container_width=False`, use `width='content'`.
2026-08-30 09:15:29.849 Please replace `use_container_width` with `width`.

`use_container_width` will be removed after 2025-12-31.

For `use_container_width=True`, use `width='stretch'`. For `use_container_width=False`, use `width='content'`.
2026-08-30 09:15:29.975 Please replace `st.components.v1.html` with `st.iframe`.

`st.components.v1.html` will be removed after 2026-06-01.
2026-08-30 09:15:30.123 Please replace `use_container_width` with `width`.

`use_container_width` will be removed after 2025-12-31.

For `use_container_width=True`, use `width='stretch'`. For `use_container_width=False`, use `width='content'`.
2026-08-30 09:15:30.231 Please replace `use_container_width` with `width`.

`use_container_width` will be removed after 2025-12-31.

For `use_container_width=True`, use `width='stretch'`. For `use_container_width=False`, use `width='content'`.
2026-08-30 09:15:30.313 Please replace `use_container_width` with `width`.

`use_container_width` will be removed after 2025-12-31.

For `use_container_width=True`, use `width='stretch'`. For `use_container_width=False`, use `width='content'`.
2026-08-30 09:15:30.792 Please replace `use_container_width` with `width`.

`use_container_width` will be removed after 2025-12-31.

For `use_container_width=True`, use `width='stretch'`. For `use_container_width=False`, use `width='content'`.
2026-08-30 09:15:30.963 Please replace `use_container_width` with `width`.

`use_container_width` will be removed after 2025-12-31.

For `use_container_width=True`, use `width='stretch'`. For `use_container_width=False`, use `width='content'`.
2026-08-30 09:15:31.054 Please replace `use_container_width` with `width`.

`use_container_width` will be removed after 2025-12-31.

For `use_container_width=True`, use `width='stretch'`. For `use_container_width=False`, use `width='content'`.
2026-08-30 09:15:31.056 Serialization of dataframe to Arrow table was unsuccessful. Applying automatic fixes for column types to make the dataframe Arrow-compatible.
Traceback (most recent call last):
  File "C:\Users\admin\miniconda3\Lib\site-packages\streamlit\dataframe_util.py", line 818, in convert_pandas_df_to_arrow_bytes
    table = pa.Table.from_pandas(df)
  File "pyarrow/table.pxi", line 4796, in pyarrow.lib.Table.from_pandas
  File "C:\Users\admin\miniconda3\Lib\site-packages\pyarrow\pandas_compat.py", line 651, in dataframe_to_arrays
    arrays = [convert_column(c, f)
              ~~~~~~~~~~~~~~^^^^^^
  File "C:\Users\admin\miniconda3\Lib\site-packages\pyarrow\pandas_compat.py", line 639, in convert_column
    raise e
  File "C:\Users\admin\miniconda3\Lib\site-packages\pyarrow\pandas_compat.py", line 633, in convert_column
    result = pa.array(col, type=type_, from_pandas=True, safe=safe)
  File "pyarrow/array.pxi", line 365, in pyarrow.lib.array
  File "pyarrow/array.pxi", line 91, in pyarrow.lib._ndarray_to_array
  File "pyarrow/error.pxi", line 92, in pyarrow.lib.check_status
pyarrow.lib.ArrowInvalid: ("Could not convert '—' with type str: tried to convert to double", 'Conversion failed for column 【左】路寬(m) with type object')
2026-08-30 09:15:31.072 Please replace `use_container_width` with `width`.

`use_container_width` will be removed after 2025-12-31.

For `use_container_width=True`, use `width='stretch'`. For `use_container_width=False`, use `width='content'`.
2026-08-30 09:15:31.084 Please replace `use_container_width` with `width`.

`use_container_width` will be removed after 2025-12-31.

For `use_container_width=True`, use `width='stretch'`. For `use_container_width=False`, use `width='content'`.
2026-08-30 09:15:31.120 Please replace `use_container_width` with `width`.

`use_container_width` will be removed after 2025-12-31.

For `use_container_width=True`, use `width='stretch'`. For `use_container_width=False`, use `width='content'`.
2026-08-30 09:15:31.126 Please replace `use_container_width` with `width`.

`use_container_width` will be removed after 2025-12-31.

For `use_container_width=True`, use `width='stretch'`. For `use_container_width=False`, use `width='content'`.
2026-08-30 09:15:31.189 Please replace `use_container_width` with `width`.

`use_container_width` will be removed after 2025-12-31.

For `use_container_width=True`, use `width='stretch'`. For `use_container_width=False`, use `width='content'`.
2026-08-30 09:15:31.197 Please replace `use_container_width` with `width`.

`use_container_width` will be removed after 2025-12-31.

For `use_container_width=True`, use `width='stretch'`. For `use_container_width=False`, use `width='content'`.
2026-08-30 09:15:57.663 Please replace `st.components.v1.html` with `st.iframe`.

`st.components.v1.html` will be removed after 2026-06-01.
2026-08-30 09:15:57.764 Please replace `use_container_width` with `width`.

`use_container_width` will be removed after 2025-12-31.

For `use_container_width=True`, use `width='stretch'`. For `use_container_width=False`, use `width='content'`.
2026-08-30 09:15:57.852 Please replace `use_container_width` with `width`.

`use_container_width` will be removed after 2025-12-31.

For `use_container_width=True`, use `width='stretch'`. For `use_container_width=False`, use `width='content'`.
2026-08-30 09:15:57.967 Please replace `use_container_width` with `width`.

`use_container_width` will be removed after 2025-12-31.

For `use_container_width=True`, use `width='stretch'`. For `use_container_width=False`, use `width='content'`.
2026-08-30 09:15:58.424 Please replace `use_container_width` with `width`.

`use_container_width` will be removed after 2025-12-31.

For `use_container_width=True`, use `width='stretch'`. For `use_container_width=False`, use `width='content'`.
2026-08-30 09:15:58.675 Please replace `st.components.v1.html` with `st.iframe`.

`st.components.v1.html` will be removed after 2026-06-01.
2026-08-30 09:15:58.795 Please replace `use_container_width` with `width`.

`use_container_width` will be removed after 2025-12-31.

For `use_container_width=True`, use `width='stretch'`. For `use_container_width=False`, use `width='content'`.
2026-08-30 09:15:58.864 Please replace `use_container_width` with `width`.

`use_container_width` will be removed after 2025-12-31.

For `use_container_width=True`, use `width='stretch'`. For `use_container_width=False`, use `width='content'`.
2026-08-30 09:15:58.962 Please replace `use_container_width` with `width`.

`use_container_width` will be removed after 2025-12-31.

For `use_container_width=True`, use `width='stretch'`. For `use_container_width=False`, use `width='content'`.
2026-08-30 09:15:59.434 Please replace `use_container_width` with `width`.

`use_container_width` will be removed after 2025-12-31.

For `use_container_width=True`, use `width='stretch'`. For `use_container_width=False`, use `width='content'`.
2026-08-30 09:15:59.626 Please replace `use_container_width` with `width`.

`use_container_width` will be removed after 2025-12-31.

For `use_container_width=True`, use `width='stretch'`. For `use_container_width=False`, use `width='content'`.
2026-08-30 09:15:59.705 Please replace `use_container_width` with `width`.

`use_container_width` will be removed after 2025-12-31.

For `use_container_width=True`, use `width='stretch'`. For `use_container_width=False`, use `width='content'`.
2026-08-30 09:15:59.706 Serialization of dataframe to Arrow table was unsuccessful. Applying automatic fixes for column types to make the dataframe Arrow-compatible.
Traceback (most recent call last):
  File "C:\Users\admin\miniconda3\Lib\site-packages\streamlit\dataframe_util.py", line 818, in convert_pandas_df_to_arrow_bytes
    table = pa.Table.from_pandas(df)
  File "pyarrow/table.pxi", line 4796, in pyarrow.lib.Table.from_pandas
  File "C:\Users\admin\miniconda3\Lib\site-packages\pyarrow\pandas_compat.py", line 651, in dataframe_to_arrays
    arrays = [convert_column(c, f)
              ~~~~~~~~~~~~~~^^^^^^
  File "C:\Users\admin\miniconda3\Lib\site-packages\pyarrow\pandas_compat.py", line 639, in convert_column
    raise e
  File "C:\Users\admin\miniconda3\Lib\site-packages\pyarrow\pandas_compat.py", line 633, in convert_column
    result = pa.array(col, type=type_, from_pandas=True, safe=safe)
  File "pyarrow/array.pxi", line 365, in pyarrow.lib.array
  File "pyarrow/array.pxi", line 91, in pyarrow.lib._ndarray_to_array
  File "pyarrow/error.pxi", line 92, in pyarrow.lib.check_status
pyarrow.lib.ArrowInvalid: ("Could not convert '—' with type str: tried to convert to double", 'Conversion failed for column 【左】路寬(m) with type object')
2026-08-30 09:15:59.716 Please replace `use_container_width` with `width`.

`use_container_width` will be removed after 2025-12-31.

For `use_container_width=True`, use `width='stretch'`. For `use_container_width=False`, use `width='content'`.
2026-08-30 09:15:59.724 Please replace `use_container_width` with `width`.

`use_container_width` will be removed after 2025-12-31.

For `use_container_width=True`, use `width='stretch'`. For `use_container_width=False`, use `width='content'`.
2026-08-30 09:15:59.746 Please replace `use_container_width` with `width`.

`use_container_width` will be removed after 2025-12-31.

For `use_container_width=True`, use `width='stretch'`. For `use_container_width=False`, use `width='content'`.
2026-08-30 09:15:59.748 Please replace `use_container_width` with `width`.

`use_container_width` will be removed after 2025-12-31.

For `use_container_width=True`, use `width='stretch'`. For `use_container_width=False`, use `width='content'`.
2026-08-30 09:15:59.813 Please replace `use_container_width` with `width`.

`use_container_width` will be removed after 2025-12-31.

For `use_container_width=True`, use `width='stretch'`. For `use_container_width=False`, use `width='content'`.
2026-08-30 09:15:59.823 Please replace `use_container_width` with `width`.

`use_container_width` will be removed after 2025-12-31.

For `use_container_width=True`, use `width='stretch'`. For `use_container_width=False`, use `width='content'`.
2026-08-30 09:16:08.310 Please replace `st.components.v1.html` with `st.iframe`.

`st.components.v1.html` will be removed after 2026-06-01.
2026-08-30 09:16:08.447 Please replace `use_container_width` with `width`.

`use_container_width` will be removed after 2025-12-31.

For `use_container_width=True`, use `width='stretch'`. For `use_container_width=False`, use `width='content'`.
2026-08-30 09:16:08.541 Please replace `use_container_width` with `width`.

`use_container_width` will be removed after 2025-12-31.

For `use_container_width=True`, use `width='stretch'`. For `use_container_width=False`, use `width='content'`.
2026-08-30 09:16:08.596 Please replace `use_container_width` with `width`.

`use_container_width` will be removed after 2025-12-31.

For `use_container_width=True`, use `width='stretch'`. For `use_container_width=False`, use `width='content'`.
2026-08-30 09:16:09.021 Please replace `use_container_width` with `width`.

`use_container_width` will be removed after 2025-12-31.

For `use_container_width=True`, use `width='stretch'`. For `use_container_width=False`, use `width='content'`.
2026-08-30 09:16:09.195 Please replace `use_container_width` with `width`.

`use_container_width` will be removed after 2025-12-31.

For `use_container_width=True`, use `width='stretch'`. For `use_container_width=False`, use `width='content'`.
2026-08-30 09:16:09.277 Please replace `use_container_width` with `width`.

`use_container_width` will be removed after 2025-12-31.

For `use_container_width=True`, use `width='stretch'`. For `use_container_width=False`, use `width='content'`.
2026-08-30 09:16:09.279 Serialization of dataframe to Arrow table was unsuccessful. Applying automatic fixes for column types to make the dataframe Arrow-compatible.
Traceback (most recent call last):
  File "C:\Users\admin\miniconda3\Lib\site-packages\streamlit\dataframe_util.py", line 818, in convert_pandas_df_to_arrow_bytes
    table = pa.Table.from_pandas(df)
  File "pyarrow/table.pxi", line 4796, in pyarrow.lib.Table.from_pandas
  File "C:\Users\admin\miniconda3\Lib\site-packages\pyarrow\pandas_compat.py", line 651, in dataframe_to_arrays
    arrays = [convert_column(c, f)
              ~~~~~~~~~~~~~~^^^^^^
  File "C:\Users\admin\miniconda3\Lib\site-packages\pyarrow\pandas_compat.py", line 639, in convert_column
    raise e
  File "C:\Users\admin\miniconda3\Lib\site-packages\pyarrow\pandas_compat.py", line 633, in convert_column
    result = pa.array(col, type=type_, from_pandas=True, safe=safe)
  File "pyarrow/array.pxi", line 365, in pyarrow.lib.array
  File "pyarrow/array.pxi", line 91, in pyarrow.lib._ndarray_to_array
  File "pyarrow/error.pxi", line 92, in pyarrow.lib.check_status
pyarrow.lib.ArrowInvalid: ("Could not convert '—' with type str: tried to convert to double", 'Conversion failed for column 【左】路寬(m) with type object')
2026-08-30 09:16:09.296 Please replace `use_container_width` with `width`.

`use_container_width` will be removed after 2025-12-31.

For `use_container_width=True`, use `width='stretch'`. For `use_container_width=False`, use `width='content'`.
2026-08-30 09:16:09.304 Please replace `use_container_width` with `width`.

`use_container_width` will be removed after 2025-12-31.

For `use_container_width=True`, use `width='stretch'`. For `use_container_width=False`, use `width='content'`.
2026-08-30 09:16:09.337 Please replace `use_container_width` with `width`.

`use_container_width` will be removed after 2025-12-31.

For `use_container_width=True`, use `width='stretch'`. For `use_container_width=False`, use `width='content'`.
2026-08-30 09:16:09.342 Please replace `use_container_width` with `width`.

`use_container_width` will be removed after 2025-12-31.

For `use_container_width=True`, use `width='stretch'`. For `use_container_width=False`, use `width='content'`.
2026-08-30 09:16:09.413 Please replace `use_container_width` with `width`.

`use_container_width` will be removed after 2025-12-31.

For `use_container_width=True`, use `width='stretch'`. For `use_container_width=False`, use `width='content'`.
2026-08-30 09:16:09.421 Please replace `use_container_width` with `width`.

`use_container_width` will be removed after 2025-12-31.

For `use_container_width=True`, use `width='stretch'`. For `use_container_width=False`, use `width='content'`.
2026-08-30 09:16:09.529 Please replace `st.components.v1.html` with `st.iframe`.

`st.components.v1.html` will be removed after 2026-06-01.
2026-08-30 09:16:09.646 Please replace `use_container_width` with `width`.

`use_container_width` will be removed after 2025-12-31.

For `use_container_width=True`, use `width='stretch'`. For `use_container_width=False`, use `width='content'`.
2026-08-30 09:16:09.728 Please replace `use_container_width` with `width`.

`use_container_width` will be removed after 2025-12-31.

For `use_container_width=True`, use `width='stretch'`. For `use_container_width=False`, use `width='content'`.
2026-08-30 09:16:09.802 Please replace `use_container_width` with `width`.

`use_container_width` will be removed after 2025-12-31.

For `use_container_width=True`, use `width='stretch'`. For `use_container_width=False`, use `width='content'`.
2026-08-30 09:16:10.257 Please replace `use_container_width` with `width`.

`use_container_width` will be removed after 2025-12-31.

For `use_container_width=True`, use `width='stretch'`. For `use_container_width=False`, use `width='content'`.
2026-08-30 09:16:10.452 Please replace `use_container_width` with `width`.

`use_container_width` will be removed after 2025-12-31.

For `use_container_width=True`, use `width='stretch'`. For `use_container_width=False`, use `width='content'`.
2026-08-30 09:16:10.539 Please replace `use_container_width` with `width`.

`use_container_width` will be removed after 2025-12-31.

For `use_container_width=True`, use `width='stretch'`. For `use_container_width=False`, use `width='content'`.
2026-08-30 09:16:10.542 Serialization of dataframe to Arrow table was unsuccessful. Applying automatic fixes for column types to make the dataframe Arrow-compatible.
Traceback (most recent call last):
  File "C:\Users\admin\miniconda3\Lib\site-packages\streamlit\dataframe_util.py", line 818, in convert_pandas_df_to_arrow_bytes
    table = pa.Table.from_pandas(df)
  File "pyarrow/table.pxi", line 4796, in pyarrow.lib.Table.from_pandas
  File "C:\Users\admin\miniconda3\Lib\site-packages\pyarrow\pandas_compat.py", line 651, in dataframe_to_arrays
    arrays = [convert_column(c, f)
              ~~~~~~~~~~~~~~^^^^^^
  File "C:\Users\admin\miniconda3\Lib\site-packages\pyarrow\pandas_compat.py", line 639, in convert_column
    raise e
  File "C:\Users\admin\miniconda3\Lib\site-packages\pyarrow\pandas_compat.py", line 633, in convert_column
    result = pa.array(col, type=type_, from_pandas=True, safe=safe)
  File "pyarrow/array.pxi", line 365, in pyarrow.lib.array
  File "pyarrow/array.pxi", line 91, in pyarrow.lib._ndarray_to_array
  File "pyarrow/error.pxi", line 92, in pyarrow.lib.check_status
pyarrow.lib.ArrowInvalid: ("Could not convert '—' with type str: tried to convert to double", 'Conversion failed for column 【左】路寬(m) with type object')
2026-08-30 09:16:10.560 Please replace `use_container_width` with `width`.

`use_container_width` will be removed after 2025-12-31.

For `use_container_width=True`, use `width='stretch'`. For `use_container_width=False`, use `width='content'`.
2026-08-30 09:16:10.571 Please replace `use_container_width` with `width`.

`use_container_width` will be removed after 2025-12-31.

For `use_container_width=True`, use `width='stretch'`. For `use_container_width=False`, use `width='content'`.
2026-08-30 09:16:10.697 Please replace `st.components.v1.html` with `st.iframe`.

`st.components.v1.html` will be removed after 2026-06-01.
2026-08-30 09:16:10.788 Please replace `use_container_width` with `width`.

`use_container_width` will be removed after 2025-12-31.

For `use_container_width=True`, use `width='stretch'`. For `use_container_width=False`, use `width='content'`.
2026-08-30 09:16:10.884 Please replace `use_container_width` with `width`.

`use_container_width` will be removed after 2025-12-31.

For `use_container_width=True`, use `width='stretch'`. For `use_container_width=False`, use `width='content'`.
2026-08-30 09:16:10.965 Please replace `use_container_width` with `width`.

`use_container_width` will be removed after 2025-12-31.

For `use_container_width=True`, use `width='stretch'`. For `use_container_width=False`, use `width='content'`.
2026-08-30 09:16:11.428 Please replace `use_container_width` with `width`.

`use_container_width` will be removed after 2025-12-31.

For `use_container_width=True`, use `width='stretch'`. For `use_container_width=False`, use `width='content'`.
2026-08-30 09:16:11.599 Please replace `use_container_width` with `width`.

`use_container_width` will be removed after 2025-12-31.

For `use_container_width=True`, use `width='stretch'`. For `use_container_width=False`, use `width='content'`.
2026-08-30 09:16:11.683 Please replace `use_container_width` with `width`.

`use_container_width` will be removed after 2025-12-31.

For `use_container_width=True`, use `width='stretch'`. For `use_container_width=False`, use `width='content'`.
2026-08-30 09:16:11.685 Serialization of dataframe to Arrow table was unsuccessful. Applying automatic fixes for column types to make the dataframe Arrow-compatible.
Traceback (most recent call last):
  File "C:\Users\admin\miniconda3\Lib\site-packages\streamlit\dataframe_util.py", line 818, in convert_pandas_df_to_arrow_bytes
    table = pa.Table.from_pandas(df)
  File "pyarrow/table.pxi", line 4796, in pyarrow.lib.Table.from_pandas
  File "C:\Users\admin\miniconda3\Lib\site-packages\pyarrow\pandas_compat.py", line 651, in dataframe_to_arrays
    arrays = [convert_column(c, f)
              ~~~~~~~~~~~~~~^^^^^^
  File "C:\Users\admin\miniconda3\Lib\site-packages\pyarrow\pandas_compat.py", line 639, in convert_column
    raise e
  File "C:\Users\admin\miniconda3\Lib\site-packages\pyarrow\pandas_compat.py", line 633, in convert_column
    result = pa.array(col, type=type_, from_pandas=True, safe=safe)
  File "pyarrow/array.pxi", line 365, in pyarrow.lib.array
  File "pyarrow/array.pxi", line 91, in pyarrow.lib._ndarray_to_array
  File "pyarrow/error.pxi", line 92, in pyarrow.lib.check_status
pyarrow.lib.ArrowInvalid: ("Could not convert '—' with type str: tried to convert to double", 'Conversion failed for column 【左】路寬(m) with type object')
2026-08-30 09:16:11.700 Please replace `use_container_width` with `width`.

`use_container_width` will be removed after 2025-12-31.

For `use_container_width=True`, use `width='stretch'`. For `use_container_width=False`, use `width='content'`.
2026-08-30 09:16:11.707 Please replace `use_container_width` with `width`.

`use_container_width` will be removed after 2025-12-31.

For `use_container_width=True`, use `width='stretch'`. For `use_container_width=False`, use `width='content'`.
2026-08-30 09:16:11.730 Please replace `use_container_width` with `width`.

`use_container_width` will be removed after 2025-12-31.

For `use_container_width=True`, use `width='stretch'`. For `use_container_width=False`, use `width='content'`.
2026-08-30 09:16:11.737 Please replace `use_container_width` with `width`.

`use_container_width` will be removed after 2025-12-31.

For `use_container_width=True`, use `width='stretch'`. For `use_container_width=False`, use `width='content'`.
2026-08-30 09:16:11.795 Please replace `use_container_width` with `width`.

`use_container_width` will be removed after 2025-12-31.

For `use_container_width=True`, use `width='stretch'`. For `use_container_width=False`, use `width='content'`.
2026-08-30 09:16:11.801 Please replace `use_container_width` with `width`.

`use_container_width` will be removed after 2025-12-31.

For `use_container_width=True`, use `width='stretch'`. For `use_container_width=False`, use `width='content'`.
2026-08-30 09:16:11.917 Please replace `st.components.v1.html` with `st.iframe`.

`st.components.v1.html` will be removed after 2026-06-01.
2026-08-30 09:16:12.013 Please replace `use_container_width` with `width`.

`use_container_width` will be removed after 2025-12-31.

For `use_container_width=True`, use `width='stretch'`. For `use_container_width=False`, use `width='content'`.
2026-08-30 09:16:12.065 Please replace `use_container_width` with `width`.

`use_container_width` will be removed after 2025-12-31.

For `use_container_width=True`, use `width='stretch'`. For `use_container_width=False`, use `width='content'`.
2026-08-30 09:16:12.157 Please replace `use_container_width` with `width`.

`use_container_width` will be removed after 2025-12-31.

For `use_container_width=True`, use `width='stretch'`. For `use_container_width=False`, use `width='content'`.
2026-08-30 09:16:12.681 Please replace `use_container_width` with `width`.

`use_container_width` will be removed after 2025-12-31.

For `use_container_width=True`, use `width='stretch'`. For `use_container_width=False`, use `width='content'`.
2026-08-30 09:16:12.855 Please replace `use_container_width` with `width`.

`use_container_width` will be removed after 2025-12-31.

For `use_container_width=True`, use `width='stretch'`. For `use_container_width=False`, use `width='content'`.
2026-08-30 09:16:12.967 Please replace `st.components.v1.html` with `st.iframe`.

`st.components.v1.html` will be removed after 2026-06-01.
2026-08-30 09:16:13.082 Please replace `use_container_width` with `width`.

`use_container_width` will be removed after 2025-12-31.

For `use_container_width=True`, use `width='stretch'`. For `use_container_width=False`, use `width='content'`.
2026-08-30 09:16:13.186 Please replace `use_container_width` with `width`.

`use_container_width` will be removed after 2025-12-31.

For `use_container_width=True`, use `width='stretch'`. For `use_container_width=False`, use `width='content'`.
2026-08-30 09:16:13.277 Please replace `use_container_width` with `width`.

`use_container_width` will be removed after 2025-12-31.

For `use_container_width=True`, use `width='stretch'`. For `use_container_width=False`, use `width='content'`.
2026-08-30 09:16:13.709 Please replace `use_container_width` with `width`.

`use_container_width` will be removed after 2025-12-31.

For `use_container_width=True`, use `width='stretch'`. For `use_container_width=False`, use `width='content'`.
2026-08-30 09:16:13.906 Please replace `use_container_width` with `width`.

`use_container_width` will be removed after 2025-12-31.

For `use_container_width=True`, use `width='stretch'`. For `use_container_width=False`, use `width='content'`.
2026-08-30 09:16:13.997 Please replace `use_container_width` with `width`.

`use_container_width` will be removed after 2025-12-31.

For `use_container_width=True`, use `width='stretch'`. For `use_container_width=False`, use `width='content'`.
2026-08-30 09:16:14.000 Serialization of dataframe to Arrow table was unsuccessful. Applying automatic fixes for column types to make the dataframe Arrow-compatible.
Traceback (most recent call last):
  File "C:\Users\admin\miniconda3\Lib\site-packages\streamlit\dataframe_util.py", line 818, in convert_pandas_df_to_arrow_bytes
    table = pa.Table.from_pandas(df)
  File "pyarrow/table.pxi", line 4796, in pyarrow.lib.Table.from_pandas
  File "C:\Users\admin\miniconda3\Lib\site-packages\pyarrow\pandas_compat.py", line 651, in dataframe_to_arrays
    arrays = [convert_column(c, f)
              ~~~~~~~~~~~~~~^^^^^^
  File "C:\Users\admin\miniconda3\Lib\site-packages\pyarrow\pandas_compat.py", line 639, in convert_column
    raise e
  File "C:\Users\admin\miniconda3\Lib\site-packages\pyarrow\pandas_compat.py", line 633, in convert_column
    result = pa.array(col, type=type_, from_pandas=True, safe=safe)
  File "pyarrow/array.pxi", line 365, in pyarrow.lib.array
  File "pyarrow/array.pxi", line 91, in pyarrow.lib._ndarray_to_array
  File "pyarrow/error.pxi", line 92, in pyarrow.lib.check_status
pyarrow.lib.ArrowInvalid: ("Could not convert '—' with type str: tried to convert to double", 'Conversion failed for column 【左】路寬(m) with type object')
2026-08-30 09:16:14.013 Please replace `use_container_width` with `width`.

`use_container_width` will be removed after 2025-12-31.

For `use_container_width=True`, use `width='stretch'`. For `use_container_width=False`, use `width='content'`.
2026-08-30 09:16:14.020 Please replace `use_container_width` with `width`.

`use_container_width` will be removed after 2025-12-31.

For `use_container_width=True`, use `width='stretch'`. For `use_container_width=False`, use `width='content'`.
2026-08-30 09:16:14.042 Please replace `use_container_width` with `width`.

`use_container_width` will be removed after 2025-12-31.

For `use_container_width=True`, use `width='stretch'`. For `use_container_width=False`, use `width='content'`.
2026-08-30 09:16:14.049 Please replace `use_container_width` with `width`.

`use_container_width` will be removed after 2025-12-31.

For `use_container_width=True`, use `width='stretch'`. For `use_container_width=False`, use `width='content'`.
2026-08-30 09:16:14.105 Please replace `use_container_width` with `width`.

`use_container_width` will be removed after 2025-12-31.

For `use_container_width=True`, use `width='stretch'`. For `use_container_width=False`, use `width='content'`.
2026-08-30 09:16:14.115 Please replace `use_container_width` with `width`.

`use_container_width` will be removed after 2025-12-31.

For `use_container_width=True`, use `width='stretch'`. For `use_container_width=False`, use `width='content'`.
2026-08-30 09:16:14.237 Please replace `st.components.v1.html` with `st.iframe`.

`st.components.v1.html` will be removed after 2026-06-01.
2026-08-30 09:16:14.357 Please replace `use_container_width` with `width`.

`use_container_width` will be removed after 2025-12-31.

For `use_container_width=True`, use `width='stretch'`. For `use_container_width=False`, use `width='content'`.
2026-08-30 09:16:14.441 Please replace `use_container_width` with `width`.

`use_container_width` will be removed after 2025-12-31.

For `use_container_width=True`, use `width='stretch'`. For `use_container_width=False`, use `width='content'`.
2026-08-30 09:16:14.513 Please replace `use_container_width` with `width`.

`use_container_width` will be removed after 2025-12-31.

For `use_container_width=True`, use `width='stretch'`. For `use_container_width=False`, use `width='content'`.
2026-08-30 09:16:14.717 Please replace `st.components.v1.html` with `st.iframe`.

`st.components.v1.html` will be removed after 2026-06-01.
2026-08-30 09:16:19.616 Please replace `st.components.v1.html` with `st.iframe`.

`st.components.v1.html` will be removed after 2026-06-01.
2026-08-30 09:16:22.618 Please replace `st.components.v1.html` with `st.iframe`.

`st.components.v1.html` will be removed after 2026-06-01.
2026-08-30 09:16:23.140 Please replace `st.components.v1.html` with `st.iframe`.

`st.components.v1.html` will be removed after 2026-06-01.
2026-08-30 09:16:23.330 The widget with key "bi" was created with a default value but also had its value set via the Session State API.
Stack (most recent call last):
  File "C:\Users\admin\miniconda3\Lib\threading.py", line 1015, in _bootstrap
    self._bootstrap_inner()
  File "C:\Users\admin\miniconda3\Lib\threading.py", line 1044, in _bootstrap_inner
    self.run()
  File "C:\Users\admin\miniconda3\Lib\threading.py", line 995, in run
    self._target(*self._args, **self._kwargs)
  File "C:\Users\admin\miniconda3\Lib\site-packages\streamlit\runtime\scriptrunner\script_runner.py", line 379, in _run_script_thread
    self._run_script(request.rerun_data)
  File "C:\Users\admin\miniconda3\Lib\site-packages\streamlit\runtime\scriptrunner\script_runner.py", line 705, in _run_script
    ) = exec_func_with_error_handling(code_to_exec, ctx)
  File "C:\Users\admin\miniconda3\Lib\site-packages\streamlit\runtime\scriptrunner\exec_code.py", line 129, in exec_func_with_error_handling
    result = func()
  File "C:\Users\admin\miniconda3\Lib\site-packages\streamlit\runtime\scriptrunner\script_runner.py", line 689, in code_to_exec
    exec(code, module.__dict__)  # noqa: S102
  File "C:\kl173\app.py", line 22840, in <module>
    main()
  File "C:\kl173\app.py", line 13993, in main
    base_idx = _ni("基期物價指數(113.11)", min_value=50.0, max_value=200.0, value=100.0, step=0.1, key="bi")
  File "C:\kl173\app.py", line 108, in _ni
    val = _st_number_input(label, **kwargs)
  File "C:\Users\admin\miniconda3\Lib\site-packages\streamlit\runtime\metrics_util.py", line 563, in wrapped_func
    result = non_optional_func(*args, **kwargs)
  File "C:\Users\admin\miniconda3\Lib\site-packages\streamlit\elements\widgets\number_input.py", line 447, in number_input
    return self._number_input(
  File "C:\Users\admin\miniconda3\Lib\site-packages\streamlit\elements\widgets\number_input.py", line 492, in _number_input
    check_widget_policies(
  File "C:\Users\admin\miniconda3\Lib\site-packages\streamlit\elements\lib\policies.py", line 180, in check_widget_policies
    check_session_state_rules(
  File "C:\Users\admin\miniconda3\Lib\site-packages\streamlit\elements\lib\policies.py", line 91, in check_session_state_rules
    _LOGGER.warning(
────────────────────────── Traceback (most recent call last) ───────────────────────────
  C:\Users\admin\miniconda3\Lib\site-packages\streamlit\runtime\scriptrunner\exec_code
  .py:129 in exec_func_with_error_handling

  C:\Users\admin\miniconda3\Lib\site-packages\streamlit\runtime\scriptrunner\script_ru
  nner.py:689 in code_to_exec

  C:\kl173\app.py:22840 in <module>

    22837 │   │   │   │   │   │      "雙路同源終驗（app live vs wf/f4 baseline 逐格）
    22838
    22839 if __name__ == "__main__":
  ❱ 22840 │   main()
    22841

  C:\kl173\app.py:13994 in main

    13991 │   │   │   │   │   │   │   st.rerun()
    13992 │   │   │
    13993 │   │   │   base_idx = _ni("基期物價指數(113.11)", min_value=50.0, max_value
  ❱ 13994 │   │   │   curr_idx = _ni("價格日期物價指數", min_value=50.0, max_value=200
    13995 │   │   │   pir = curr_idx / base_idx if base_idx > 0 else 1.0
    13996 │   │   │   st.success(f"調整後營造單價：{base_cc * pir:,.0f} 元/坪")
    13997

  C:\kl173\app.py:108 in _ni

      105 │   key = kwargs.get('key', '')
      106 │   if key and f"_sv_{key}" in st.session_state:
      107 │   │   kwargs['value'] = st.session_state[f"_sv_{key}"]
  ❱   108 │   val = _st_number_input(label, **kwargs)
      109 │   if key:
      110 │   │   st.session_state[f"_sv_{key}"] = val
      111 │   return val

  C:\Users\admin\miniconda3\Lib\site-packages\streamlit\runtime\metrics_util.py:563 in
  wrapped_func

  C:\Users\admin\miniconda3\Lib\site-packages\streamlit\elements\widgets\number_input.
  py:447 in number_input

  C:\Users\admin\miniconda3\Lib\site-packages\streamlit\elements\widgets\number_input.
  py:590 in _number_input
────────────────────────────────────────────────────────────────────────────────────────
StreamlitValueBelowMinError: The `value` 0.0 is less than the `min_value` 50.0.
2026-08-30 09:16:34.247 Please replace `st.components.v1.html` with `st.iframe`.

`st.components.v1.html` will be removed after 2026-06-01.
2026-08-30 09:16:34.404 Please replace `st.components.v1.html` with `st.iframe`.

`st.components.v1.html` will be removed after 2026-06-01.
2026-08-30 09:16:34.447 Please replace `use_container_width` with `width`.

`use_container_width` will be removed after 2025-12-31.

For `use_container_width=True`, use `width='stretch'`. For `use_container_width=False`, use `width='content'`.
2026-08-30 09:16:40.203 Please replace `st.components.v1.html` with `st.iframe`.

`st.components.v1.html` will be removed after 2026-06-01.
2026-08-30 09:16:40.246 Please replace `use_container_width` with `width`.

`use_container_width` will be removed after 2025-12-31.

For `use_container_width=True`, use `width='stretch'`. For `use_container_width=False`, use `width='content'`.
2026-08-30 09:16:44.099 Please replace `st.components.v1.html` with `st.iframe`.

`st.components.v1.html` will be removed after 2026-06-01.
2026-08-30 09:16:44.129 Please replace `use_container_width` with `width`.

`use_container_width` will be removed after 2025-12-31.

For `use_container_width=True`, use `width='stretch'`. For `use_container_width=False`, use `width='content'`.
2026-08-30 09:16:46.041 Please replace `st.components.v1.html` with `st.iframe`.

`st.components.v1.html` will be removed after 2026-06-01.
2026-08-30 09:16:46.072 Please replace `use_container_width` with `width`.

`use_container_width` will be removed after 2025-12-31.

For `use_container_width=True`, use `width='stretch'`. For `use_container_width=False`, use `width='content'`.
2026-08-30 09:16:50.713 Please replace `st.components.v1.html` with `st.iframe`.

`st.components.v1.html` will be removed after 2026-06-01.
2026-08-30 09:16:50.750 Please replace `use_container_width` with `width`.

`use_container_width` will be removed after 2025-12-31.

For `use_container_width=True`, use `width='stretch'`. For `use_container_width=False`, use `width='content'`.
2026-08-30 09:16:57.441 Please replace `st.components.v1.html` with `st.iframe`.

`st.components.v1.html` will be removed after 2026-06-01.
2026-08-30 09:17:03.444 Please replace `st.components.v1.html` with `st.iframe`.

`st.components.v1.html` will be removed after 2026-06-01.
2026-08-30 09:17:05.843 Please replace `st.components.v1.html` with `st.iframe`.

`st.components.v1.html` will be removed after 2026-06-01.
2026-08-30 09:17:15.288 Please replace `st.components.v1.html` with `st.iframe`.

`st.components.v1.html` will be removed after 2026-06-01.
2026-08-30 09:17:15.298 Please replace `use_container_width` with `width`.

`use_container_width` will be removed after 2025-12-31.

For `use_container_width=True`, use `width='stretch'`. For `use_container_width=False`, use `width='content'`.
2026-08-30 09:17:15.306 Please replace `use_container_width` with `width`.

`use_container_width` will be removed after 2025-12-31.

For `use_container_width=True`, use `width='stretch'`. For `use_container_width=False`, use `width='content'`.
2026-08-30 09:17:15.315 Please replace `use_container_width` with `width`.

`use_container_width` will be removed after 2025-12-31.

For `use_container_width=True`, use `width='stretch'`. For `use_container_width=False`, use `width='content'`.
2026-08-30 09:17:15.503 Please replace `use_container_width` with `width`.

`use_container_width` will be removed after 2025-12-31.

For `use_container_width=True`, use `width='stretch'`. For `use_container_width=False`, use `width='content'`.
2026-08-30 09:17:15.536 Please replace `use_container_width` with `width`.

`use_container_width` will be removed after 2025-12-31.

For `use_container_width=True`, use `width='stretch'`. For `use_container_width=False`, use `width='content'`.
2026-08-30 09:17:15.550 Please replace `use_container_width` with `width`.

`use_container_width` will be removed after 2025-12-31.

For `use_container_width=True`, use `width='stretch'`. For `use_container_width=False`, use `width='content'`.
2026-08-30 09:17:21.724 Please replace `st.components.v1.html` with `st.iframe`.

`st.components.v1.html` will be removed after 2026-06-01.
2026-08-30 09:17:21.732 Please replace `use_container_width` with `width`.

`use_container_width` will be removed after 2025-12-31.

For `use_container_width=True`, use `width='stretch'`. For `use_container_width=False`, use `width='content'`.
2026-08-30 09:17:21.739 Please replace `use_container_width` with `width`.

`use_container_width` will be removed after 2025-12-31.

For `use_container_width=True`, use `width='stretch'`. For `use_container_width=False`, use `width='content'`.
2026-08-30 09:17:21.747 Please replace `use_container_width` with `width`.

`use_container_width` will be removed after 2025-12-31.

For `use_container_width=True`, use `width='stretch'`. For `use_container_width=False`, use `width='content'`.
2026-08-30 09:17:21.798 Please replace `use_container_width` with `width`.

`use_container_width` will be removed after 2025-12-31.

For `use_container_width=True`, use `width='stretch'`. For `use_container_width=False`, use `width='content'`.
2026-08-30 09:17:21.839 Please replace `use_container_width` with `width`.

`use_container_width` will be removed after 2025-12-31.

For `use_container_width=True`, use `width='stretch'`. For `use_container_width=False`, use `width='content'`.
2026-08-30 09:17:21.856 Please replace `use_container_width` with `width`.

`use_container_width` will be removed after 2025-12-31.

For `use_container_width=True`, use `width='stretch'`. For `use_container_width=False`, use `width='content'`.
2026-08-30 09:17:22.921 Please replace `st.components.v1.html` with `st.iframe`.

`st.components.v1.html` will be removed after 2026-06-01.
2026-08-30 09:17:22.928 Please replace `use_container_width` with `width`.

`use_container_width` will be removed after 2025-12-31.

For `use_container_width=True`, use `width='stretch'`. For `use_container_width=False`, use `width='content'`.
2026-08-30 09:17:22.934 Please replace `use_container_width` with `width`.

`use_container_width` will be removed after 2025-12-31.

For `use_container_width=True`, use `width='stretch'`. For `use_container_width=False`, use `width='content'`.
2026-08-30 09:17:22.947 Please replace `use_container_width` with `width`.

`use_container_width` will be removed after 2025-12-31.

For `use_container_width=True`, use `width='stretch'`. For `use_container_width=False`, use `width='content'`.
2026-08-30 09:17:22.976 Please replace `use_container_width` with `width`.

`use_container_width` will be removed after 2025-12-31.

For `use_container_width=True`, use `width='stretch'`. For `use_container_width=False`, use `width='content'`.
2026-08-30 09:17:22.996 Please replace `use_container_width` with `width`.

`use_container_width` will be removed after 2025-12-31.

For `use_container_width=True`, use `width='stretch'`. For `use_container_width=False`, use `width='content'`.
2026-08-30 09:17:23.028 Please replace `use_container_width` with `width`.

`use_container_width` will be removed after 2025-12-31.

For `use_container_width=True`, use `width='stretch'`. For `use_container_width=False`, use `width='content'`.
2026-08-30 09:17:24.030 Please replace `st.components.v1.html` with `st.iframe`.

`st.components.v1.html` will be removed after 2026-06-01.
2026-08-30 09:17:24.037 Please replace `use_container_width` with `width`.

`use_container_width` will be removed after 2025-12-31.

For `use_container_width=True`, use `width='stretch'`. For `use_container_width=False`, use `width='content'`.
2026-08-30 09:17:24.042 Please replace `use_container_width` with `width`.

`use_container_width` will be removed after 2025-12-31.

For `use_container_width=True`, use `width='stretch'`. For `use_container_width=False`, use `width='content'`.
2026-08-30 09:17:24.058 Please replace `use_container_width` with `width`.

`use_container_width` will be removed after 2025-12-31.

For `use_container_width=True`, use `width='stretch'`. For `use_container_width=False`, use `width='content'`.
2026-08-30 09:17:24.110 Please replace `use_container_width` with `width`.

`use_container_width` will be removed after 2025-12-31.

For `use_container_width=True`, use `width='stretch'`. For `use_container_width=False`, use `width='content'`.
2026-08-30 09:17:24.146 Please replace `use_container_width` with `width`.

`use_container_width` will be removed after 2025-12-31.

For `use_container_width=True`, use `width='stretch'`. For `use_container_width=False`, use `width='content'`.
2026-08-30 09:17:24.161 Please replace `use_container_width` with `width`.

`use_container_width` will be removed after 2025-12-31.

For `use_container_width=True`, use `width='stretch'`. For `use_container_width=False`, use `width='content'`.
2026-08-30 09:17:25.221 Please replace `st.components.v1.html` with `st.iframe`.

`st.components.v1.html` will be removed after 2026-06-01.
2026-08-30 09:17:25.229 Please replace `use_container_width` with `width`.

`use_container_width` will be removed after 2025-12-31.

For `use_container_width=True`, use `width='stretch'`. For `use_container_width=False`, use `width='content'`.
2026-08-30 09:17:25.235 Please replace `use_container_width` with `width`.

`use_container_width` will be removed after 2025-12-31.

For `use_container_width=True`, use `width='stretch'`. For `use_container_width=False`, use `width='content'`.
2026-08-30 09:17:25.246 Please replace `use_container_width` with `width`.

`use_container_width` will be removed after 2025-12-31.

For `use_container_width=True`, use `width='stretch'`. For `use_container_width=False`, use `width='content'`.
2026-08-30 09:17:25.305 Please replace `use_container_width` with `width`.

`use_container_width` will be removed after 2025-12-31.

For `use_container_width=True`, use `width='stretch'`. For `use_container_width=False`, use `width='content'`.
2026-08-30 09:17:25.315 Please replace `use_container_width` with `width`.

`use_container_width` will be removed after 2025-12-31.

For `use_container_width=True`, use `width='stretch'`. For `use_container_width=False`, use `width='content'`.
2026-08-30 09:17:25.319 Please replace `use_container_width` with `width`.

`use_container_width` will be removed after 2025-12-31.

For `use_container_width=True`, use `width='stretch'`. For `use_container_width=False`, use `width='content'`.
2026-08-30 09:17:28.538 Please replace `st.components.v1.html` with `st.iframe`.

`st.components.v1.html` will be removed after 2026-06-01.
2026-08-30 09:17:28.549 Please replace `use_container_width` with `width`.

`use_container_width` will be removed after 2025-12-31.

For `use_container_width=True`, use `width='stretch'`. For `use_container_width=False`, use `width='content'`.
2026-08-30 09:17:28.559 Please replace `use_container_width` with `width`.

`use_container_width` will be removed after 2025-12-31.

For `use_container_width=True`, use `width='stretch'`. For `use_container_width=False`, use `width='content'`.
2026-08-30 09:17:28.570 Please replace `use_container_width` with `width`.

`use_container_width` will be removed after 2025-12-31.

For `use_container_width=True`, use `width='stretch'`. For `use_container_width=False`, use `width='content'`.
2026-08-30 09:17:28.620 Please replace `use_container_width` with `width`.

`use_container_width` will be removed after 2025-12-31.

For `use_container_width=True`, use `width='stretch'`. For `use_container_width=False`, use `width='content'`.
2026-08-30 09:17:28.650 Please replace `use_container_width` with `width`.

`use_container_width` will be removed after 2025-12-31.

For `use_container_width=True`, use `width='stretch'`. For `use_container_width=False`, use `width='content'`.
2026-08-30 09:17:28.663 Please replace `use_container_width` with `width`.

`use_container_width` will be removed after 2025-12-31.

For `use_container_width=True`, use `width='stretch'`. For `use_container_width=False`, use `width='content'`.
2026-08-30 09:17:34.790 Please replace `st.components.v1.html` with `st.iframe`.

`st.components.v1.html` will be removed after 2026-06-01.
2026-08-30 09:17:34.881 Please replace `use_container_width` with `width`.

`use_container_width` will be removed after 2025-12-31.

For `use_container_width=True`, use `width='stretch'`. For `use_container_width=False`, use `width='content'`.
2026-08-30 09:17:34.893 Serialization of dataframe to Arrow table was unsuccessful. Applying automatic fixes for column types to make the dataframe Arrow-compatible.
Traceback (most recent call last):
  File "C:\Users\admin\miniconda3\Lib\site-packages\streamlit\dataframe_util.py", line 818, in convert_pandas_df_to_arrow_bytes
    table = pa.Table.from_pandas(df)
  File "pyarrow/table.pxi", line 4796, in pyarrow.lib.Table.from_pandas
  File "C:\Users\admin\miniconda3\Lib\site-packages\pyarrow\pandas_compat.py", line 651, in dataframe_to_arrays
    arrays = [convert_column(c, f)
              ~~~~~~~~~~~~~~^^^^^^
  File "C:\Users\admin\miniconda3\Lib\site-packages\pyarrow\pandas_compat.py", line 639, in convert_column
    raise e
  File "C:\Users\admin\miniconda3\Lib\site-packages\pyarrow\pandas_compat.py", line 633, in convert_column
    result = pa.array(col, type=type_, from_pandas=True, safe=safe)
  File "pyarrow/array.pxi", line 365, in pyarrow.lib.array
  File "pyarrow/array.pxi", line 91, in pyarrow.lib._ndarray_to_array
  File "pyarrow/error.pxi", line 92, in pyarrow.lib.check_status
pyarrow.lib.ArrowInvalid: ("Could not convert '-' with type str: tried to convert to double", 'Conversion failed for column 期初淨額 with type object')
2026-08-30 09:17:37.041 Please replace `st.components.v1.html` with `st.iframe`.

`st.components.v1.html` will be removed after 2026-06-01.
2026-08-30 09:17:37.150 Please replace `use_container_width` with `width`.

`use_container_width` will be removed after 2025-12-31.

For `use_container_width=True`, use `width='stretch'`. For `use_container_width=False`, use `width='content'`.
2026-08-30 09:17:37.245 Please replace `use_container_width` with `width`.

`use_container_width` will be removed after 2025-12-31.

For `use_container_width=True`, use `width='stretch'`. For `use_container_width=False`, use `width='content'`.
2026-08-30 09:17:37.356 Please replace `use_container_width` with `width`.

`use_container_width` will be removed after 2025-12-31.

For `use_container_width=True`, use `width='stretch'`. For `use_container_width=False`, use `width='content'`.
2026-08-30 09:17:37.789 Please replace `use_container_width` with `width`.

`use_container_width` will be removed after 2025-12-31.

For `use_container_width=True`, use `width='stretch'`. For `use_container_width=False`, use `width='content'`.
2026-08-30 09:17:37.985 Please replace `use_container_width` with `width`.

`use_container_width` will be removed after 2025-12-31.

For `use_container_width=True`, use `width='stretch'`. For `use_container_width=False`, use `width='content'`.
2026-08-30 09:17:38.079 Please replace `use_container_width` with `width`.

`use_container_width` will be removed after 2025-12-31.

For `use_container_width=True`, use `width='stretch'`. For `use_container_width=False`, use `width='content'`.
2026-08-30 09:17:38.083 Serialization of dataframe to Arrow table was unsuccessful. Applying automatic fixes for column types to make the dataframe Arrow-compatible.
Traceback (most recent call last):
  File "C:\Users\admin\miniconda3\Lib\site-packages\streamlit\dataframe_util.py", line 818, in convert_pandas_df_to_arrow_bytes
    table = pa.Table.from_pandas(df)
  File "pyarrow/table.pxi", line 4796, in pyarrow.lib.Table.from_pandas
  File "C:\Users\admin\miniconda3\Lib\site-packages\pyarrow\pandas_compat.py", line 651, in dataframe_to_arrays
    arrays = [convert_column(c, f)
              ~~~~~~~~~~~~~~^^^^^^
  File "C:\Users\admin\miniconda3\Lib\site-packages\pyarrow\pandas_compat.py", line 639, in convert_column
    raise e
  File "C:\Users\admin\miniconda3\Lib\site-packages\pyarrow\pandas_compat.py", line 633, in convert_column
    result = pa.array(col, type=type_, from_pandas=True, safe=safe)
  File "pyarrow/array.pxi", line 365, in pyarrow.lib.array
  File "pyarrow/array.pxi", line 91, in pyarrow.lib._ndarray_to_array
  File "pyarrow/error.pxi", line 92, in pyarrow.lib.check_status
pyarrow.lib.ArrowInvalid: ("Could not convert '—' with type str: tried to convert to double", 'Conversion failed for column 【左】路寬(m) with type object')
2026-08-30 09:17:38.099 Please replace `use_container_width` with `width`.

`use_container_width` will be removed after 2025-12-31.

For `use_container_width=True`, use `width='stretch'`. For `use_container_width=False`, use `width='content'`.
2026-08-30 09:17:38.106 Please replace `use_container_width` with `width`.

`use_container_width` will be removed after 2025-12-31.

For `use_container_width=True`, use `width='stretch'`. For `use_container_width=False`, use `width='content'`.
2026-08-30 09:17:38.130 Please replace `use_container_width` with `width`.

`use_container_width` will be removed after 2025-12-31.

For `use_container_width=True`, use `width='stretch'`. For `use_container_width=False`, use `width='content'`.
2026-08-30 09:17:38.135 Please replace `use_container_width` with `width`.

`use_container_width` will be removed after 2025-12-31.

For `use_container_width=True`, use `width='stretch'`. For `use_container_width=False`, use `width='content'`.
2026-08-30 09:17:38.205 Please replace `use_container_width` with `width`.

`use_container_width` will be removed after 2025-12-31.

For `use_container_width=True`, use `width='stretch'`. For `use_container_width=False`, use `width='content'`.
2026-08-30 09:17:38.213 Please replace `use_container_width` with `width`.

`use_container_width` will be removed after 2025-12-31.

For `use_container_width=True`, use `width='stretch'`. For `use_container_width=False`, use `width='content'`.
2026-08-30 09:17:53.308 Please replace `st.components.v1.html` with `st.iframe`.

`st.components.v1.html` will be removed after 2026-06-01.
2026-08-30 09:17:53.429 Please replace `use_container_width` with `width`.

`use_container_width` will be removed after 2025-12-31.

For `use_container_width=True`, use `width='stretch'`. For `use_container_width=False`, use `width='content'`.
2026-08-30 09:17:53.514 Please replace `use_container_width` with `width`.

`use_container_width` will be removed after 2025-12-31.

For `use_container_width=True`, use `width='stretch'`. For `use_container_width=False`, use `width='content'`.
2026-08-30 09:17:53.611 Please replace `use_container_width` with `width`.

`use_container_width` will be removed after 2025-12-31.

For `use_container_width=True`, use `width='stretch'`. For `use_container_width=False`, use `width='content'`.
2026-08-30 09:17:54.024 Please replace `use_container_width` with `width`.

`use_container_width` will be removed after 2025-12-31.

For `use_container_width=True`, use `width='stretch'`. For `use_container_width=False`, use `width='content'`.
2026-08-30 09:17:54.299 Please replace `st.components.v1.html` with `st.iframe`.

`st.components.v1.html` will be removed after 2026-06-01.
2026-08-30 09:17:54.448 Please replace `use_container_width` with `width`.

`use_container_width` will be removed after 2025-12-31.

For `use_container_width=True`, use `width='stretch'`. For `use_container_width=False`, use `width='content'`.
2026-08-30 09:17:54.539 Please replace `use_container_width` with `width`.

`use_container_width` will be removed after 2025-12-31.

For `use_container_width=True`, use `width='stretch'`. For `use_container_width=False`, use `width='content'`.
2026-08-30 09:17:54.633 Please replace `use_container_width` with `width`.

`use_container_width` will be removed after 2025-12-31.

For `use_container_width=True`, use `width='stretch'`. For `use_container_width=False`, use `width='content'`.
2026-08-30 09:17:55.152 Please replace `use_container_width` with `width`.

`use_container_width` will be removed after 2025-12-31.

For `use_container_width=True`, use `width='stretch'`. For `use_container_width=False`, use `width='content'`.
2026-08-30 09:17:55.362 Please replace `use_container_width` with `width`.

`use_container_width` will be removed after 2025-12-31.

For `use_container_width=True`, use `width='stretch'`. For `use_container_width=False`, use `width='content'`.
2026-08-30 09:17:55.449 Please replace `use_container_width` with `width`.

`use_container_width` will be removed after 2025-12-31.

For `use_container_width=True`, use `width='stretch'`. For `use_container_width=False`, use `width='content'`.
2026-08-30 09:17:55.451 Serialization of dataframe to Arrow table was unsuccessful. Applying automatic fixes for column types to make the dataframe Arrow-compatible.
Traceback (most recent call last):
  File "C:\Users\admin\miniconda3\Lib\site-packages\streamlit\dataframe_util.py", line 818, in convert_pandas_df_to_arrow_bytes
    table = pa.Table.from_pandas(df)
  File "pyarrow/table.pxi", line 4796, in pyarrow.lib.Table.from_pandas
  File "C:\Users\admin\miniconda3\Lib\site-packages\pyarrow\pandas_compat.py", line 651, in dataframe_to_arrays
    arrays = [convert_column(c, f)
              ~~~~~~~~~~~~~~^^^^^^
  File "C:\Users\admin\miniconda3\Lib\site-packages\pyarrow\pandas_compat.py", line 639, in convert_column
    raise e
  File "C:\Users\admin\miniconda3\Lib\site-packages\pyarrow\pandas_compat.py", line 633, in convert_column
    result = pa.array(col, type=type_, from_pandas=True, safe=safe)
  File "pyarrow/array.pxi", line 365, in pyarrow.lib.array
  File "pyarrow/array.pxi", line 91, in pyarrow.lib._ndarray_to_array
  File "pyarrow/error.pxi", line 92, in pyarrow.lib.check_status
pyarrow.lib.ArrowInvalid: ("Could not convert '—' with type str: tried to convert to double", 'Conversion failed for column 【左】路寬(m) with type object')
2026-08-30 09:17:55.462 Please replace `use_container_width` with `width`.

`use_container_width` will be removed after 2025-12-31.

For `use_container_width=True`, use `width='stretch'`. For `use_container_width=False`, use `width='content'`.
2026-08-30 09:17:55.474 Please replace `use_container_width` with `width`.

`use_container_width` will be removed after 2025-12-31.

For `use_container_width=True`, use `width='stretch'`. For `use_container_width=False`, use `width='content'`.
2026-08-30 09:17:55.500 Please replace `use_container_width` with `width`.

`use_container_width` will be removed after 2025-12-31.

For `use_container_width=True`, use `width='stretch'`. For `use_container_width=False`, use `width='content'`.
2026-08-30 09:17:55.507 Please replace `use_container_width` with `width`.

`use_container_width` will be removed after 2025-12-31.

For `use_container_width=True`, use `width='stretch'`. For `use_container_width=False`, use `width='content'`.
2026-08-30 09:17:55.569 Please replace `use_container_width` with `width`.

`use_container_width` will be removed after 2025-12-31.

For `use_container_width=True`, use `width='stretch'`. For `use_container_width=False`, use `width='content'`.
2026-08-30 09:17:55.578 Please replace `use_container_width` with `width`.

`use_container_width` will be removed after 2025-12-31.

For `use_container_width=True`, use `width='stretch'`. For `use_container_width=False`, use `width='content'`.
2026-08-30 09:17:57.211 Please replace `st.components.v1.html` with `st.iframe`.

`st.components.v1.html` will be removed after 2026-06-01.
2026-08-30 09:17:57.368 Please replace `use_container_width` with `width`.

`use_container_width` will be removed after 2025-12-31.

For `use_container_width=True`, use `width='stretch'`. For `use_container_width=False`, use `width='content'`.
2026-08-30 09:17:57.452 Please replace `use_container_width` with `width`.

`use_container_width` will be removed after 2025-12-31.

For `use_container_width=True`, use `width='stretch'`. For `use_container_width=False`, use `width='content'`.
2026-08-30 09:17:57.534 Please replace `use_container_width` with `width`.

`use_container_width` will be removed after 2025-12-31.

For `use_container_width=True`, use `width='stretch'`. For `use_container_width=False`, use `width='content'`.
2026-08-30 09:17:57.963 Please replace `use_container_width` with `width`.

`use_container_width` will be removed after 2025-12-31.

For `use_container_width=True`, use `width='stretch'`. For `use_container_width=False`, use `width='content'`.
2026-08-30 09:17:58.259 Please replace `st.components.v1.html` with `st.iframe`.

`st.components.v1.html` will be removed after 2026-06-01.
2026-08-30 09:17:58.383 Please replace `use_container_width` with `width`.

`use_container_width` will be removed after 2025-12-31.

For `use_container_width=True`, use `width='stretch'`. For `use_container_width=False`, use `width='content'`.
2026-08-30 09:17:58.471 Please replace `use_container_width` with `width`.

`use_container_width` will be removed after 2025-12-31.

For `use_container_width=True`, use `width='stretch'`. For `use_container_width=False`, use `width='content'`.
2026-08-30 09:17:58.556 Please replace `use_container_width` with `width`.

`use_container_width` will be removed after 2025-12-31.

For `use_container_width=True`, use `width='stretch'`. For `use_container_width=False`, use `width='content'`.
2026-08-30 09:17:59.057 Please replace `use_container_width` with `width`.

`use_container_width` will be removed after 2025-12-31.

For `use_container_width=True`, use `width='stretch'`. For `use_container_width=False`, use `width='content'`.
2026-08-30 09:17:59.254 Please replace `use_container_width` with `width`.

`use_container_width` will be removed after 2025-12-31.

For `use_container_width=True`, use `width='stretch'`. For `use_container_width=False`, use `width='content'`.
2026-08-30 09:17:59.322 Please replace `use_container_width` with `width`.

`use_container_width` will be removed after 2025-12-31.

For `use_container_width=True`, use `width='stretch'`. For `use_container_width=False`, use `width='content'`.
2026-08-30 09:17:59.322 Serialization of dataframe to Arrow table was unsuccessful. Applying automatic fixes for column types to make the dataframe Arrow-compatible.
Traceback (most recent call last):
  File "C:\Users\admin\miniconda3\Lib\site-packages\streamlit\dataframe_util.py", line 818, in convert_pandas_df_to_arrow_bytes
    table = pa.Table.from_pandas(df)
  File "pyarrow/table.pxi", line 4796, in pyarrow.lib.Table.from_pandas
  File "C:\Users\admin\miniconda3\Lib\site-packages\pyarrow\pandas_compat.py", line 651, in dataframe_to_arrays
    arrays = [convert_column(c, f)
              ~~~~~~~~~~~~~~^^^^^^
  File "C:\Users\admin\miniconda3\Lib\site-packages\pyarrow\pandas_compat.py", line 639, in convert_column
    raise e
  File "C:\Users\admin\miniconda3\Lib\site-packages\pyarrow\pandas_compat.py", line 633, in convert_column
    result = pa.array(col, type=type_, from_pandas=True, safe=safe)
  File "pyarrow/array.pxi", line 365, in pyarrow.lib.array
  File "pyarrow/array.pxi", line 91, in pyarrow.lib._ndarray_to_array
  File "pyarrow/error.pxi", line 92, in pyarrow.lib.check_status
pyarrow.lib.ArrowInvalid: ("Could not convert '—' with type str: tried to convert to double", 'Conversion failed for column 【左】路寬(m) with type object')
2026-08-30 09:17:59.329 Please replace `use_container_width` with `width`.

`use_container_width` will be removed after 2025-12-31.

For `use_container_width=True`, use `width='stretch'`. For `use_container_width=False`, use `width='content'`.
2026-08-30 09:17:59.333 Please replace `use_container_width` with `width`.

`use_container_width` will be removed after 2025-12-31.

For `use_container_width=True`, use `width='stretch'`. For `use_container_width=False`, use `width='content'`.
2026-08-30 09:17:59.357 Please replace `use_container_width` with `width`.

`use_container_width` will be removed after 2025-12-31.

For `use_container_width=True`, use `width='stretch'`. For `use_container_width=False`, use `width='content'`.
2026-08-30 09:17:59.363 Please replace `use_container_width` with `width`.

`use_container_width` will be removed after 2025-12-31.

For `use_container_width=True`, use `width='stretch'`. For `use_container_width=False`, use `width='content'`.
2026-08-30 09:17:59.424 Please replace `use_container_width` with `width`.

`use_container_width` will be removed after 2025-12-31.

For `use_container_width=True`, use `width='stretch'`. For `use_container_width=False`, use `width='content'`.
2026-08-30 09:17:59.434 Please replace `use_container_width` with `width`.

`use_container_width` will be removed after 2025-12-31.

For `use_container_width=True`, use `width='stretch'`. For `use_container_width=False`, use `width='content'`.
2026-08-30 09:18:33.624 Please replace `st.components.v1.html` with `st.iframe`.

`st.components.v1.html` will be removed after 2026-06-01.
2026-08-30 09:18:33.747 Please replace `use_container_width` with `width`.

`use_container_width` will be removed after 2025-12-31.

For `use_container_width=True`, use `width='stretch'`. For `use_container_width=False`, use `width='content'`.
2026-08-30 09:18:33.824 Please replace `use_container_width` with `width`.

`use_container_width` will be removed after 2025-12-31.

For `use_container_width=True`, use `width='stretch'`. For `use_container_width=False`, use `width='content'`.
2026-08-30 09:18:33.924 Please replace `use_container_width` with `width`.

`use_container_width` will be removed after 2025-12-31.

For `use_container_width=True`, use `width='stretch'`. For `use_container_width=False`, use `width='content'`.
2026-08-30 09:18:34.350 Please replace `use_container_width` with `width`.

`use_container_width` will be removed after 2025-12-31.

For `use_container_width=True`, use `width='stretch'`. For `use_container_width=False`, use `width='content'`.
2026-08-30 09:18:34.535 Please replace `use_container_width` with `width`.

`use_container_width` will be removed after 2025-12-31.

For `use_container_width=True`, use `width='stretch'`. For `use_container_width=False`, use `width='content'`.
2026-08-30 09:18:34.619 Please replace `use_container_width` with `width`.

`use_container_width` will be removed after 2025-12-31.

For `use_container_width=True`, use `width='stretch'`. For `use_container_width=False`, use `width='content'`.
2026-08-30 09:18:34.621 Serialization of dataframe to Arrow table was unsuccessful. Applying automatic fixes for column types to make the dataframe Arrow-compatible.
Traceback (most recent call last):
  File "C:\Users\admin\miniconda3\Lib\site-packages\streamlit\dataframe_util.py", line 818, in convert_pandas_df_to_arrow_bytes
    table = pa.Table.from_pandas(df)
  File "pyarrow/table.pxi", line 4796, in pyarrow.lib.Table.from_pandas
  File "C:\Users\admin\miniconda3\Lib\site-packages\pyarrow\pandas_compat.py", line 651, in dataframe_to_arrays
    arrays = [convert_column(c, f)
              ~~~~~~~~~~~~~~^^^^^^
  File "C:\Users\admin\miniconda3\Lib\site-packages\pyarrow\pandas_compat.py", line 639, in convert_column
    raise e
  File "C:\Users\admin\miniconda3\Lib\site-packages\pyarrow\pandas_compat.py", line 633, in convert_column
    result = pa.array(col, type=type_, from_pandas=True, safe=safe)
  File "pyarrow/array.pxi", line 365, in pyarrow.lib.array
  File "pyarrow/array.pxi", line 91, in pyarrow.lib._ndarray_to_array
  File "pyarrow/error.pxi", line 92, in pyarrow.lib.check_status
pyarrow.lib.ArrowInvalid: ("Could not convert '—' with type str: tried to convert to double", 'Conversion failed for column 【左】路寬(m) with type object')
2026-08-30 09:18:34.634 Please replace `use_container_width` with `width`.

`use_container_width` will be removed after 2025-12-31.

For `use_container_width=True`, use `width='stretch'`. For `use_container_width=False`, use `width='content'`.
2026-08-30 09:18:35.110 Please replace `use_container_width` with `width`.

`use_container_width` will be removed after 2025-12-31.

For `use_container_width=True`, use `width='stretch'`. For `use_container_width=False`, use `width='content'`.
2026-08-30 09:18:35.117 Serialization of dataframe to Arrow table was unsuccessful. Applying automatic fixes for column types to make the dataframe Arrow-compatible.
Traceback (most recent call last):
  File "C:\Users\admin\miniconda3\Lib\site-packages\streamlit\dataframe_util.py", line 818, in convert_pandas_df_to_arrow_bytes
    table = pa.Table.from_pandas(df)
  File "pyarrow/table.pxi", line 4796, in pyarrow.lib.Table.from_pandas
  File "C:\Users\admin\miniconda3\Lib\site-packages\pyarrow\pandas_compat.py", line 651, in dataframe_to_arrays
    arrays = [convert_column(c, f)
              ~~~~~~~~~~~~~~^^^^^^
  File "C:\Users\admin\miniconda3\Lib\site-packages\pyarrow\pandas_compat.py", line 639, in convert_column
    raise e
  File "C:\Users\admin\miniconda3\Lib\site-packages\pyarrow\pandas_compat.py", line 633, in convert_column
    result = pa.array(col, type=type_, from_pandas=True, safe=safe)
  File "pyarrow/array.pxi", line 365, in pyarrow.lib.array
  File "pyarrow/array.pxi", line 91, in pyarrow.lib._ndarray_to_array
  File "pyarrow/error.pxi", line 92, in pyarrow.lib.check_status
pyarrow.lib.ArrowInvalid: ("Could not convert '—' with type str: tried to convert to int64", 'Conversion failed for column 【左】達資格候選 with type object')
2026-08-30 09:18:35.140 Please replace `use_container_width` with `width`.

`use_container_width` will be removed after 2025-12-31.

For `use_container_width=True`, use `width='stretch'`. For `use_container_width=False`, use `width='content'`.
2026-08-30 09:18:35.143 Serialization of dataframe to Arrow table was unsuccessful. Applying automatic fixes for column types to make the dataframe Arrow-compatible.
Traceback (most recent call last):
  File "C:\Users\admin\miniconda3\Lib\site-packages\streamlit\dataframe_util.py", line 818, in convert_pandas_df_to_arrow_bytes
    table = pa.Table.from_pandas(df)
  File "pyarrow/table.pxi", line 4796, in pyarrow.lib.Table.from_pandas
  File "C:\Users\admin\miniconda3\Lib\site-packages\pyarrow\pandas_compat.py", line 651, in dataframe_to_arrays
    arrays = [convert_column(c, f)
              ~~~~~~~~~~~~~~^^^^^^
  File "C:\Users\admin\miniconda3\Lib\site-packages\pyarrow\pandas_compat.py", line 639, in convert_column
    raise e
  File "C:\Users\admin\miniconda3\Lib\site-packages\pyarrow\pandas_compat.py", line 633, in convert_column
    result = pa.array(col, type=type_, from_pandas=True, safe=safe)
  File "pyarrow/array.pxi", line 365, in pyarrow.lib.array
  File "pyarrow/array.pxi", line 91, in pyarrow.lib._ndarray_to_array
  File "pyarrow/error.pxi", line 92, in pyarrow.lib.check_status
pyarrow.lib.ArrowInvalid: ("Could not convert '—' with type str: tried to convert to double", 'Conversion failed for column 正街角分(0.4) with type object')
2026-08-30 09:18:35.162 Please replace `use_container_width` with `width`.

`use_container_width` will be removed after 2025-12-31.

For `use_container_width=True`, use `width='stretch'`. For `use_container_width=False`, use `width='content'`.
2026-08-30 09:18:35.169 Please replace `use_container_width` with `width`.

`use_container_width` will be removed after 2025-12-31.

For `use_container_width=True`, use `width='stretch'`. For `use_container_width=False`, use `width='content'`.
2026-08-30 09:18:35.174 Please replace `use_container_width` with `width`.

`use_container_width` will be removed after 2025-12-31.

For `use_container_width=True`, use `width='stretch'`. For `use_container_width=False`, use `width='content'`.
2026-08-30 09:18:35.199 Please replace `use_container_width` with `width`.

`use_container_width` will be removed after 2025-12-31.

For `use_container_width=True`, use `width='stretch'`. For `use_container_width=False`, use `width='content'`.
2026-08-30 09:18:35.204 Please replace `use_container_width` with `width`.

`use_container_width` will be removed after 2025-12-31.

For `use_container_width=True`, use `width='stretch'`. For `use_container_width=False`, use `width='content'`.
2026-08-30 09:18:35.278 Please replace `use_container_width` with `width`.

`use_container_width` will be removed after 2025-12-31.

For `use_container_width=True`, use `width='stretch'`. For `use_container_width=False`, use `width='content'`.
2026-08-30 09:18:35.289 Please replace `use_container_width` with `width`.

`use_container_width` will be removed after 2025-12-31.

For `use_container_width=True`, use `width='stretch'`. For `use_container_width=False`, use `width='content'`.
2026-08-30 09:18:54.179 Please replace `st.components.v1.html` with `st.iframe`.

`st.components.v1.html` will be removed after 2026-06-01.
2026-08-30 09:18:54.325 Please replace `use_container_width` with `width`.

`use_container_width` will be removed after 2025-12-31.

For `use_container_width=True`, use `width='stretch'`. For `use_container_width=False`, use `width='content'`.
2026-08-30 09:18:54.418 Please replace `use_container_width` with `width`.

`use_container_width` will be removed after 2025-12-31.

For `use_container_width=True`, use `width='stretch'`. For `use_container_width=False`, use `width='content'`.
2026-08-30 09:18:54.528 Please replace `use_container_width` with `width`.

`use_container_width` will be removed after 2025-12-31.

For `use_container_width=True`, use `width='stretch'`. For `use_container_width=False`, use `width='content'`.
2026-08-30 09:18:55.016 Please replace `use_container_width` with `width`.

`use_container_width` will be removed after 2025-12-31.

For `use_container_width=True`, use `width='stretch'`. For `use_container_width=False`, use `width='content'`.
2026-08-30 09:18:55.225 Please replace `use_container_width` with `width`.

`use_container_width` will be removed after 2025-12-31.

For `use_container_width=True`, use `width='stretch'`. For `use_container_width=False`, use `width='content'`.
2026-08-30 09:18:55.309 Please replace `use_container_width` with `width`.

`use_container_width` will be removed after 2025-12-31.

For `use_container_width=True`, use `width='stretch'`. For `use_container_width=False`, use `width='content'`.
2026-08-30 09:18:55.311 Serialization of dataframe to Arrow table was unsuccessful. Applying automatic fixes for column types to make the dataframe Arrow-compatible.
Traceback (most recent call last):
  File "C:\Users\admin\miniconda3\Lib\site-packages\streamlit\dataframe_util.py", line 818, in convert_pandas_df_to_arrow_bytes
    table = pa.Table.from_pandas(df)
  File "pyarrow/table.pxi", line 4796, in pyarrow.lib.Table.from_pandas
  File "C:\Users\admin\miniconda3\Lib\site-packages\pyarrow\pandas_compat.py", line 651, in dataframe_to_arrays
    arrays = [convert_column(c, f)
              ~~~~~~~~~~~~~~^^^^^^
  File "C:\Users\admin\miniconda3\Lib\site-packages\pyarrow\pandas_compat.py", line 639, in convert_column
    raise e
  File "C:\Users\admin\miniconda3\Lib\site-packages\pyarrow\pandas_compat.py", line 633, in convert_column
    result = pa.array(col, type=type_, from_pandas=True, safe=safe)
  File "pyarrow/array.pxi", line 365, in pyarrow.lib.array
  File "pyarrow/array.pxi", line 91, in pyarrow.lib._ndarray_to_array
  File "pyarrow/error.pxi", line 92, in pyarrow.lib.check_status
pyarrow.lib.ArrowInvalid: ("Could not convert '—' with type str: tried to convert to double", 'Conversion failed for column 【左】路寬(m) with type object')
2026-08-30 09:18:55.327 Please replace `use_container_width` with `width`.

`use_container_width` will be removed after 2025-12-31.

For `use_container_width=True`, use `width='stretch'`. For `use_container_width=False`, use `width='content'`.
2026-08-30 09:18:55.336 Please replace `use_container_width` with `width`.

`use_container_width` will be removed after 2025-12-31.

For `use_container_width=True`, use `width='stretch'`. For `use_container_width=False`, use `width='content'`.
🔎 [W-G.9-4·診斷·⛔ 未進生產] 街廓 R1：左 舊=0.0 新=0.1618772119011016 W_0=0.1618772119011016／右 舊=0.0 新=0.20056928969109045 W_0=0.20056928969109045
🔎 [W-G.9-4·診斷·⛔ 未進生產] 街廓 R1：左 舊=0.0 新=0.1618772119011016 W_0=0.1618772119011016／右 舊=0.0 新=0.20056928969109045 W_0=0.20056928969109045
🟢 [配餘] 街廓 R1：幾何餘 5.3835㎡ 入抵費地（`K-9-5-7` 配餘·s∈[17.2402,17.5649]）——原為「非宗亦非池帶」之無主空間
🟢 [配餘] 街廓 R1：幾何餘 0.0046㎡ 入抵費地（`K-9-5-7` 配餘·s∈[-0.3248,-0.0358]）——原為「非宗亦非池帶」之無主空間
[T2-DIAG] 街廓 R1｜宗數 6｜池帶 3 片｜池帶 s 寬 [35.2870  0.3247  0.2890]｜池帶面積 [1169.7037  5.3835  0.0046]｜Σ池 1175.0918｜覆蓋殘差 0.0000｜Σ 殘差 -0.0000｜宗-宗疊 0.0000（上界 0.8287）｜內部縫 0 帶／0.0000㎡｜退化帶 0 個｜s 域 [-0.3248,87.7155]
🔎 [W-G.9-4·診斷·⛔ 未進生產] 街廓 R2：左 舊=8.674404069927741 新=6.98048044737404 W_0=-1.693923622653152／右 舊=0.0 新=0.0 W_0=0.0
🔎 [W-G.9-4·診斷·⛔ 未進生產] 街廓 R2：左 舊=8.674404069927741 新=6.98048044737404 W_0=-1.693923622653152／右 舊=0.0 新=0.0 W_0=0.0
[T2-DIAG] 街廓 R2｜宗數 14｜池帶 2 片｜池帶 s 寬 [8.4283  32.9640]｜池帶面積 [308.1700  1466.0294]｜Σ池 1774.1994｜覆蓋殘差 0.0000｜Σ 殘差 -0.0000｜宗-宗疊 0.0000（上界 2.8906）｜內部縫 0 帶／0.0000㎡｜退化帶 3 個（s 寬 1.27e-10, 1.83e-11, 4.23e-11）｜s 域 [0.2677,100.0274]
🔎 [W-G.9-4·診斷·⛔ 未進生產] 街廓 R4：左 舊=0.0 新=-0.7875240380983994 W_0=-0.7875240380983994／右 舊=0.0 新=0.6507410983142652 W_0=0.6507410983142652
🔎 [W-G.9-4·診斷·⛔ 未進生產] 街廓 R4：左 舊=0.0 新=-0.7875240380983994 W_0=-0.7875240380983994／右 舊=0.0 新=0.6507410983142652 W_0=0.6507410983142652
🟢 [配餘] 街廓 R4：幾何餘 26.0938㎡ 入抵費地（`K-9-5-7` 配餘·s∈[3.7114,47.7107]）——原為「非宗亦非池帶」之無主空間
🟢 [配餘] 街廓 R4：幾何餘 27.4390㎡ 入抵費地（`K-9-5-7` 配餘·s∈[83.0368,84.6759]）——原為「非宗亦非池帶」之無主空間
🟢 [配餘] 街廓 R4：幾何餘 4.9632㎡ 入抵費地（`K-9-5-7` 配餘·s∈[49.5299,98.5477]）——原為「非宗亦非池帶」之無主空間
[T2-DIAG] 街廓 R4｜宗數 3｜池帶 5 片｜池帶 s 寬 [35.3260  0.1686  43.9993  1.6392  49.0178]｜池帶面積 [1169.5585  0.2988  26.0938  27.4390  4.9632]｜Σ池 1228.3533｜覆蓋殘差 0.0000｜Σ 殘差 +0.0000｜宗-宗疊 0.0000（上界 0.3311）｜內部縫 0 帶／0.0000㎡｜退化帶 0 個｜s 域 [0.1759,98.7163]
🔎 [W-G.9-4·診斷·⛔ 未進生產] 街廓 R6：左 舊=0.0 新=0.0 W_0=0.0／右 舊=0.0 新=1.0285086275985122e-06 W_0=1.0285086275985122e-06
🔎 [W-G.9-4·診斷·⛔ 未進生產] 街廓 R6：左 舊=0.0 新=0.0 W_0=0.0／右 舊=0.0 新=1.0285086275985122e-06 W_0=1.0285086275985122e-06
[T2-DIAG] 街廓 R6｜宗數 8｜池帶 2 片｜池帶 s 寬 [3.6068  34.0520]｜池帶面積 [85.7064  1543.0063]｜Σ池 1628.7127｜覆蓋殘差 0.0000｜Σ 殘差 -0.0000｜宗-宗疊 0.0000（上界 1.5929）｜內部縫 0 帶／0.0000㎡｜退化帶 0 個｜s 域 [-3.6068,85.8549]
🔎 [W-G.9-4·診斷·⛔ 未進生產] 街廓 R5：左 舊=0.0 新=-1.640251584647073 W_0=-1.640251584647073／右 舊=0.0 新=0.0 W_0=0.0
🔎 [W-G.9-4·診斷·⛔ 未進生產] 街廓 R5：左 舊=0.0 新=-1.640251584647073 W_0=-1.640251584647073／右 舊=0.0 新=0.0 W_0=0.0
🔎 [W-G.9-4·診斷·⛔ 未進生產] 街廓 R3：左 舊=0.0 新=0.0 W_0=0.0／右 舊=0.0 新=1.6918015834368276 W_0=1.6918015834368276
🔎 [W-G.9-4·診斷·⛔ 未進生產] 街廓 R3：左 舊=0.0 新=0.0 W_0=0.0／右 舊=0.0 新=1.6918015834368276 W_0=1.6918015834368276
[T2-DIAG] 街廓 R3｜宗數 10｜池帶 1 片｜池帶 s 寬 [40.5337]｜池帶面積 [1795.1328]｜Σ池 1795.1328｜覆蓋殘差 0.0001｜Σ 殘差 -0.0001｜宗-宗疊 0.0000（上界 1.9953）｜內部縫 0 帶／0.0000㎡｜退化帶 2 個（s 寬 5.57e-06, 1.70e-10）｜s 域 [-0.0000,96.8032]
────────────────────────── Traceback (most recent call last) ───────────────────────────
  C:\Users\admin\miniconda3\Lib\site-packages\streamlit\runtime\scriptrunner\exec_code
  .py:129 in exec_func_with_error_handling

  C:\Users\admin\miniconda3\Lib\site-packages\streamlit\runtime\scriptrunner\script_ru
  nner.py:689 in code_to_exec

  C:\kl173\app.py:22840 in <module>

    22837 │   │   │   │   │   │      "雙路同源終驗（app live vs wf/f4 baseline 逐格）
    22838
    22839 if __name__ == "__main__":
  ❱ 22840 │   main()
    22841

  C:\kl173\app.py:21146 in main

    21143 │   │   │   │   │   │   _k94_bl_by)
    21144 │   │   │   │   │   st.session_state['f3_k94_baseline_touch'] = _k94_touch
    21145 │   │   │   │   │   # ⛔ 停機閘：違反即 raise（未配到／跨過各自具名）。**不
  ❱ 21146 │   │   │   │   │   k94_assert_baseline_touch(_k94_touch)
    21147 │   │   │   │   │
    21148 │   │   │   │   │   st.session_state['f3_G_values'] = g_rows
    21149 │   │   │   │   │   st.session_state['f3_G_trace'] = detail_trace

  C:\kl173\app.py:6398 in k94_assert_baseline_touch

     6395 │   │   │   f"其上分配之土地**無法成為合法建築基地** ⇒ "
     6396 │   │   │   f"請檢討本街廓之分配、或檢查該街廓所指定之屁股線位置是否正確。"
     6397 │   │   │   f"（容差 {_EPS_TOUCH_FRONT}m）")
  ❱  6398 │   raise RuntimeError("🔴 K-9-4 BASELINE 臨接閘未過：" + "　".join(_seg))
     6399
     6400
     6401 def iterate_G_S(a: float, A: float, B: float, C: float,
────────────────────────────────────────────────────────────────────────────────────────
RuntimeError: 🔴 K-9-4 BASELINE 臨接閘未過：【未配到屁股線】1 宗——R5 之 628-53(2)（差
38.803m）。其上分配之土地**無法成為合法建築基地** ⇒
請檢討本街廓之分配、或檢查該街廓所指定之屁股線位置是否正確。（容差 0.01m）
2026-08-30 09:19:38.422 Please replace `st.components.v1.html` with `st.iframe`.

`st.components.v1.html` will be removed after 2026-06-01.
2026-08-30 09:19:38.593 Please replace `use_container_width` with `width`.

`use_container_width` will be removed after 2025-12-31.

For `use_container_width=True`, use `width='stretch'`. For `use_container_width=False`, use `width='content'`.
2026-08-30 09:19:38.688 Please replace `use_container_width` with `width`.

`use_container_width` will be removed after 2025-12-31.

For `use_container_width=True`, use `width='stretch'`. For `use_container_width=False`, use `width='content'`.
2026-08-30 09:19:38.773 Please replace `use_container_width` with `width`.

`use_container_width` will be removed after 2025-12-31.

For `use_container_width=True`, use `width='stretch'`. For `use_container_width=False`, use `width='content'`.
2026-08-30 09:19:39.209 Please replace `use_container_width` with `width`.

`use_container_width` will be removed after 2025-12-31.

For `use_container_width=True`, use `width='stretch'`. For `use_container_width=False`, use `width='content'`.
2026-08-30 09:19:39.406 Please replace `use_container_width` with `width`.

`use_container_width` will be removed after 2025-12-31.

For `use_container_width=True`, use `width='stretch'`. For `use_container_width=False`, use `width='content'`.
2026-08-30 09:19:39.502 Please replace `use_container_width` with `width`.

`use_container_width` will be removed after 2025-12-31.

For `use_container_width=True`, use `width='stretch'`. For `use_container_width=False`, use `width='content'`.
2026-08-30 09:19:39.503 Serialization of dataframe to Arrow table was unsuccessful. Applying automatic fixes for column types to make the dataframe Arrow-compatible.
Traceback (most recent call last):
  File "C:\Users\admin\miniconda3\Lib\site-packages\streamlit\dataframe_util.py", line 818, in convert_pandas_df_to_arrow_bytes
    table = pa.Table.from_pandas(df)
  File "pyarrow/table.pxi", line 4796, in pyarrow.lib.Table.from_pandas
  File "C:\Users\admin\miniconda3\Lib\site-packages\pyarrow\pandas_compat.py", line 651, in dataframe_to_arrays
    arrays = [convert_column(c, f)
              ~~~~~~~~~~~~~~^^^^^^
  File "C:\Users\admin\miniconda3\Lib\site-packages\pyarrow\pandas_compat.py", line 639, in convert_column
    raise e
  File "C:\Users\admin\miniconda3\Lib\site-packages\pyarrow\pandas_compat.py", line 633, in convert_column
    result = pa.array(col, type=type_, from_pandas=True, safe=safe)
  File "pyarrow/array.pxi", line 365, in pyarrow.lib.array
  File "pyarrow/array.pxi", line 91, in pyarrow.lib._ndarray_to_array
  File "pyarrow/error.pxi", line 92, in pyarrow.lib.check_status
pyarrow.lib.ArrowInvalid: ("Could not convert '—' with type str: tried to convert to double", 'Conversion failed for column 【左】路寬(m) with type object')
2026-08-30 09:19:39.516 Please replace `use_container_width` with `width`.

`use_container_width` will be removed after 2025-12-31.

For `use_container_width=True`, use `width='stretch'`. For `use_container_width=False`, use `width='content'`.
2026-08-30 09:19:40.023 Please replace `use_container_width` with `width`.

`use_container_width` will be removed after 2025-12-31.

For `use_container_width=True`, use `width='stretch'`. For `use_container_width=False`, use `width='content'`.
2026-08-30 09:19:40.026 Serialization of dataframe to Arrow table was unsuccessful. Applying automatic fixes for column types to make the dataframe Arrow-compatible.
Traceback (most recent call last):
  File "C:\Users\admin\miniconda3\Lib\site-packages\streamlit\dataframe_util.py", line 818, in convert_pandas_df_to_arrow_bytes
    table = pa.Table.from_pandas(df)
  File "pyarrow/table.pxi", line 4796, in pyarrow.lib.Table.from_pandas
  File "C:\Users\admin\miniconda3\Lib\site-packages\pyarrow\pandas_compat.py", line 651, in dataframe_to_arrays
    arrays = [convert_column(c, f)
              ~~~~~~~~~~~~~~^^^^^^
  File "C:\Users\admin\miniconda3\Lib\site-packages\pyarrow\pandas_compat.py", line 639, in convert_column
    raise e
  File "C:\Users\admin\miniconda3\Lib\site-packages\pyarrow\pandas_compat.py", line 633, in convert_column
    result = pa.array(col, type=type_, from_pandas=True, safe=safe)
  File "pyarrow/array.pxi", line 365, in pyarrow.lib.array
  File "pyarrow/array.pxi", line 91, in pyarrow.lib._ndarray_to_array
  File "pyarrow/error.pxi", line 92, in pyarrow.lib.check_status
pyarrow.lib.ArrowInvalid: ("Could not convert '—' with type str: tried to convert to int64", 'Conversion failed for column 【左】達資格候選 with type object')
2026-08-30 09:19:40.046 Please replace `use_container_width` with `width`.

`use_container_width` will be removed after 2025-12-31.

For `use_container_width=True`, use `width='stretch'`. For `use_container_width=False`, use `width='content'`.
2026-08-30 09:19:40.050 Serialization of dataframe to Arrow table was unsuccessful. Applying automatic fixes for column types to make the dataframe Arrow-compatible.
Traceback (most recent call last):
  File "C:\Users\admin\miniconda3\Lib\site-packages\streamlit\dataframe_util.py", line 818, in convert_pandas_df_to_arrow_bytes
    table = pa.Table.from_pandas(df)
  File "pyarrow/table.pxi", line 4796, in pyarrow.lib.Table.from_pandas
  File "C:\Users\admin\miniconda3\Lib\site-packages\pyarrow\pandas_compat.py", line 651, in dataframe_to_arrays
    arrays = [convert_column(c, f)
              ~~~~~~~~~~~~~~^^^^^^
  File "C:\Users\admin\miniconda3\Lib\site-packages\pyarrow\pandas_compat.py", line 639, in convert_column
    raise e
  File "C:\Users\admin\miniconda3\Lib\site-packages\pyarrow\pandas_compat.py", line 633, in convert_column
    result = pa.array(col, type=type_, from_pandas=True, safe=safe)
  File "pyarrow/array.pxi", line 365, in pyarrow.lib.array
  File "pyarrow/array.pxi", line 91, in pyarrow.lib._ndarray_to_array
  File "pyarrow/error.pxi", line 92, in pyarrow.lib.check_status
pyarrow.lib.ArrowInvalid: ("Could not convert '—' with type str: tried to convert to double", 'Conversion failed for column 正街角分(0.4) with type object')
2026-08-30 09:19:40.066 Please replace `use_container_width` with `width`.

`use_container_width` will be removed after 2025-12-31.

For `use_container_width=True`, use `width='stretch'`. For `use_container_width=False`, use `width='content'`.
2026-08-30 09:19:40.071 Please replace `use_container_width` with `width`.

`use_container_width` will be removed after 2025-12-31.

For `use_container_width=True`, use `width='stretch'`. For `use_container_width=False`, use `width='content'`.
2026-08-30 09:19:40.078 Please replace `use_container_width` with `width`.

`use_container_width` will be removed after 2025-12-31.

For `use_container_width=True`, use `width='stretch'`. For `use_container_width=False`, use `width='content'`.
2026-08-30 09:19:40.108 Please replace `use_container_width` with `width`.

`use_container_width` will be removed after 2025-12-31.

For `use_container_width=True`, use `width='stretch'`. For `use_container_width=False`, use `width='content'`.
2026-08-30 09:19:40.116 Please replace `use_container_width` with `width`.

`use_container_width` will be removed after 2025-12-31.

For `use_container_width=True`, use `width='stretch'`. For `use_container_width=False`, use `width='content'`.
2026-08-30 09:19:40.180 Please replace `use_container_width` with `width`.

`use_container_width` will be removed after 2025-12-31.

For `use_container_width=True`, use `width='stretch'`. For `use_container_width=False`, use `width='content'`.
2026-08-30 09:19:40.189 Please replace `use_container_width` with `width`.

`use_container_width` will be removed after 2025-12-31.

For `use_container_width=True`, use `width='stretch'`. For `use_container_width=False`, use `width='content'`.
2026-08-30 09:21:08.555 Please replace `st.components.v1.html` with `st.iframe`.

`st.components.v1.html` will be removed after 2026-06-01.
2026-08-30 09:21:08.700 Please replace `use_container_width` with `width`.

`use_container_width` will be removed after 2025-12-31.

For `use_container_width=True`, use `width='stretch'`. For `use_container_width=False`, use `width='content'`.
2026-08-30 09:21:08.796 Please replace `use_container_width` with `width`.

`use_container_width` will be removed after 2025-12-31.

For `use_container_width=True`, use `width='stretch'`. For `use_container_width=False`, use `width='content'`.
2026-08-30 09:21:08.866 Please replace `use_container_width` with `width`.

`use_container_width` will be removed after 2025-12-31.

For `use_container_width=True`, use `width='stretch'`. For `use_container_width=False`, use `width='content'`.
2026-08-30 09:21:09.329 Please replace `use_container_width` with `width`.

`use_container_width` will be removed after 2025-12-31.

For `use_container_width=True`, use `width='stretch'`. For `use_container_width=False`, use `width='content'`.
2026-08-30 09:21:09.532 Please replace `use_container_width` with `width`.

`use_container_width` will be removed after 2025-12-31.

For `use_container_width=True`, use `width='stretch'`. For `use_container_width=False`, use `width='content'`.
2026-08-30 09:21:09.637 Please replace `use_container_width` with `width`.

`use_container_width` will be removed after 2025-12-31.

For `use_container_width=True`, use `width='stretch'`. For `use_container_width=False`, use `width='content'`.
2026-08-30 09:21:09.639 Serialization of dataframe to Arrow table was unsuccessful. Applying automatic fixes for column types to make the dataframe Arrow-compatible.
Traceback (most recent call last):
  File "C:\Users\admin\miniconda3\Lib\site-packages\streamlit\dataframe_util.py", line 818, in convert_pandas_df_to_arrow_bytes
    table = pa.Table.from_pandas(df)
  File "pyarrow/table.pxi", line 4796, in pyarrow.lib.Table.from_pandas
  File "C:\Users\admin\miniconda3\Lib\site-packages\pyarrow\pandas_compat.py", line 651, in dataframe_to_arrays
    arrays = [convert_column(c, f)
              ~~~~~~~~~~~~~~^^^^^^
  File "C:\Users\admin\miniconda3\Lib\site-packages\pyarrow\pandas_compat.py", line 639, in convert_column
    raise e
  File "C:\Users\admin\miniconda3\Lib\site-packages\pyarrow\pandas_compat.py", line 633, in convert_column
    result = pa.array(col, type=type_, from_pandas=True, safe=safe)
  File "pyarrow/array.pxi", line 365, in pyarrow.lib.array
  File "pyarrow/array.pxi", line 91, in pyarrow.lib._ndarray_to_array
  File "pyarrow/error.pxi", line 92, in pyarrow.lib.check_status
pyarrow.lib.ArrowInvalid: ("Could not convert '—' with type str: tried to convert to double", 'Conversion failed for column 【左】路寬(m) with type object')
2026-08-30 09:21:09.652 Please replace `use_container_width` with `width`.

`use_container_width` will be removed after 2025-12-31.

For `use_container_width=True`, use `width='stretch'`. For `use_container_width=False`, use `width='content'`.
2026-08-30 09:21:09.658 Please replace `use_container_width` with `width`.

`use_container_width` will be removed after 2025-12-31.

For `use_container_width=True`, use `width='stretch'`. For `use_container_width=False`, use `width='content'`.
🔎 [W-G.9-4·診斷·⛔ 未進生產] 街廓 R1：左 舊=0.0 新=0.1618772119011016 W_0=0.1618772119011016／右 舊=0.0 新=0.20056928969109045 W_0=0.20056928969109045
🔎 [W-G.9-4·診斷·⛔ 未進生產] 街廓 R1：左 舊=0.0 新=0.1618772119011016 W_0=0.1618772119011016／右 舊=0.0 新=0.20056928969109045 W_0=0.20056928969109045
🟢 [配餘] 街廓 R1：幾何餘 5.3835㎡ 入抵費地（`K-9-5-7` 配餘·s∈[17.2402,17.5649]）——原為「非宗亦非池帶」之無主空間
🟢 [配餘] 街廓 R1：幾何餘 0.0046㎡ 入抵費地（`K-9-5-7` 配餘·s∈[-0.3248,-0.0358]）——原為「非宗亦非池帶」之無主空間
[T2-DIAG] 街廓 R1｜宗數 6｜池帶 3 片｜池帶 s 寬 [35.2870  0.3247  0.2890]｜池帶面積 [1169.7037  5.3835  0.0046]｜Σ池 1175.0918｜覆蓋殘差 0.0000｜Σ 殘差 -0.0000｜宗-宗疊 0.0000（上界 0.8287）｜內部縫 0 帶／0.0000㎡｜退化帶 0 個｜s 域 [-0.3248,87.7155]
🔎 [W-G.9-4·診斷·⛔ 未進生產] 街廓 R2：左 舊=8.674404069927741 新=6.98048044737404 W_0=-1.693923622653152／右 舊=0.0 新=0.0 W_0=0.0
🔎 [W-G.9-4·診斷·⛔ 未進生產] 街廓 R2：左 舊=8.674404069927741 新=6.98048044737404 W_0=-1.693923622653152／右 舊=0.0 新=0.0 W_0=0.0
[T2-DIAG] 街廓 R2｜宗數 14｜池帶 2 片｜池帶 s 寬 [8.4283  32.9640]｜池帶面積 [308.1700  1466.0294]｜Σ池 1774.1994｜覆蓋殘差 0.0000｜Σ 殘差 -0.0000｜宗-宗疊 0.0000（上界 2.8906）｜內部縫 0 帶／0.0000㎡｜退化帶 3 個（s 寬 1.27e-10, 1.83e-11, 4.23e-11）｜s 域 [0.2677,100.0274]
🔎 [W-G.9-4·診斷·⛔ 未進生產] 街廓 R4：左 舊=0.0 新=-0.7875240380983994 W_0=-0.7875240380983994／右 舊=0.0 新=0.6507410983142652 W_0=0.6507410983142652
🔎 [W-G.9-4·診斷·⛔ 未進生產] 街廓 R4：左 舊=0.0 新=-0.7875240380983994 W_0=-0.7875240380983994／右 舊=0.0 新=0.6507410983142652 W_0=0.6507410983142652
🟢 [配餘] 街廓 R4：幾何餘 26.0938㎡ 入抵費地（`K-9-5-7` 配餘·s∈[3.7114,47.7107]）——原為「非宗亦非池帶」之無主空間
🟢 [配餘] 街廓 R4：幾何餘 27.4390㎡ 入抵費地（`K-9-5-7` 配餘·s∈[83.0368,84.6759]）——原為「非宗亦非池帶」之無主空間
🟢 [配餘] 街廓 R4：幾何餘 4.9632㎡ 入抵費地（`K-9-5-7` 配餘·s∈[49.5299,98.5477]）——原為「非宗亦非池帶」之無主空間
[T2-DIAG] 街廓 R4｜宗數 3｜池帶 5 片｜池帶 s 寬 [35.3260  0.1686  43.9993  1.6392  49.0178]｜池帶面積 [1169.5585  0.2988  26.0938  27.4390  4.9632]｜Σ池 1228.3533｜覆蓋殘差 0.0000｜Σ 殘差 +0.0000｜宗-宗疊 0.0000（上界 0.3311）｜內部縫 0 帶／0.0000㎡｜退化帶 0 個｜s 域 [0.1759,98.7163]
🔎 [W-G.9-4·診斷·⛔ 未進生產] 街廓 R6：左 舊=0.0 新=0.0 W_0=0.0／右 舊=0.0 新=1.0285086275985122e-06 W_0=1.0285086275985122e-06
🔎 [W-G.9-4·診斷·⛔ 未進生產] 街廓 R6：左 舊=0.0 新=0.0 W_0=0.0／右 舊=0.0 新=1.0285086275985122e-06 W_0=1.0285086275985122e-06
[T2-DIAG] 街廓 R6｜宗數 8｜池帶 2 片｜池帶 s 寬 [3.6068  34.0520]｜池帶面積 [85.7064  1543.0063]｜Σ池 1628.7127｜覆蓋殘差 0.0000｜Σ 殘差 -0.0000｜宗-宗疊 0.0000（上界 1.5929）｜內部縫 0 帶／0.0000㎡｜退化帶 0 個｜s 域 [-3.6068,85.8549]
🔎 [W-G.9-4·診斷·⛔ 未進生產] 街廓 R5：左 舊=0.0 新=-1.640251584647073 W_0=-1.640251584647073／右 舊=0.0 新=0.0 W_0=0.0
🔎 [W-G.9-4·診斷·⛔ 未進生產] 街廓 R5：左 舊=0.0 新=-1.640251584647073 W_0=-1.640251584647073／右 舊=0.0 新=0.0 W_0=0.0
🔎 [W-G.9-4·診斷·⛔ 未進生產] 街廓 R3：左 舊=0.0 新=0.0 W_0=0.0／右 舊=0.0 新=1.6918015834368276 W_0=1.6918015834368276
🔎 [W-G.9-4·診斷·⛔ 未進生產] 街廓 R3：左 舊=0.0 新=0.0 W_0=0.0／右 舊=0.0 新=1.6918015834368276 W_0=1.6918015834368276
[T2-DIAG] 街廓 R3｜宗數 10｜池帶 1 片｜池帶 s 寬 [40.5337]｜池帶面積 [1795.1328]｜Σ池 1795.1328｜覆蓋殘差 0.0001｜Σ 殘差 -0.0001｜宗-宗疊 0.0000（上界 1.9953）｜內部縫 0 帶／0.0000㎡｜退化帶 2 個（s 寬 5.57e-06, 1.70e-10）｜s 域 [-0.0000,96.8032]
────────────────────────── Traceback (most recent call last) ───────────────────────────
  C:\Users\admin\miniconda3\Lib\site-packages\streamlit\runtime\scriptrunner\exec_code
  .py:129 in exec_func_with_error_handling

  C:\Users\admin\miniconda3\Lib\site-packages\streamlit\runtime\scriptrunner\script_ru
  nner.py:689 in code_to_exec

  C:\kl173\app.py:22840 in <module>

    22837 │   │   │   │   │   │      "雙路同源終驗（app live vs wf/f4 baseline 逐格）
    22838
    22839 if __name__ == "__main__":
  ❱ 22840 │   main()
    22841

  C:\kl173\app.py:21146 in main

    21143 │   │   │   │   │   │   _k94_bl_by)
    21144 │   │   │   │   │   st.session_state['f3_k94_baseline_touch'] = _k94_touch
    21145 │   │   │   │   │   # ⛔ 停機閘：違反即 raise（未配到／跨過各自具名）。**不
  ❱ 21146 │   │   │   │   │   k94_assert_baseline_touch(_k94_touch)
    21147 │   │   │   │   │
    21148 │   │   │   │   │   st.session_state['f3_G_values'] = g_rows
    21149 │   │   │   │   │   st.session_state['f3_G_trace'] = detail_trace

  C:\kl173\app.py:6398 in k94_assert_baseline_touch

     6395 │   │   │   f"其上分配之土地**無法成為合法建築基地** ⇒ "
     6396 │   │   │   f"請檢討本街廓之分配、或檢查該街廓所指定之屁股線位置是否正確。"
     6397 │   │   │   f"（容差 {_EPS_TOUCH_FRONT}m）")
  ❱  6398 │   raise RuntimeError("🔴 K-9-4 BASELINE 臨接閘未過：" + "　".join(_seg))
     6399
     6400
     6401 def iterate_G_S(a: float, A: float, B: float, C: float,
────────────────────────────────────────────────────────────────────────────────────────
RuntimeError: 🔴 K-9-4 BASELINE 臨接閘未過：【未配到屁股線】1 宗——R5 之 628-53(2)（差
38.803m）。其上分配之土地**無法成為合法建築基地** ⇒
請檢討本街廓之分配、或檢查該街廓所指定之屁股線位置是否正確。（容差 0.01m）











