… ownership（tab1 歸戶指紋複刻，讀 匿名版 xlsx）
    重劃區地籍 53 筆｜U_LAND 64453 筆｜失敗 0｜歸戶群組 33 組
    ✅ 靶 628-18 → G005（預期 G005）
    ✅ 靶 628-45 → G007（預期 G007）
    ✅ 靶 628 → G009（預期 G009）
    ✅ 靶 628-37 → G019（預期 G019）
    ✅ 靶 628-41 → G023（預期 G023）
    ✅ 靶 628-36 → G029（預期 G029）
… parcels：temp 113 筆｜可建築 build 48 筆｜面積交叉換位 2 對
… Step G headless（0m；v3 真值財務＋結構不變量永久閘）
🟢 [配餘] 街廓 R1：幾何餘 0.0046㎡ 入抵費地（`K-9-5-7` 配餘·s∈[-0.3248,-0.0358]）——原為「非宗亦非池帶」之無主空間
[T2-DIAG] 街廓 R1｜宗數 5｜池帶 2 片｜池帶 s 寬 [35.4647  0.2890]｜池帶面積 [1175.4937  0.0046]｜Σ池 1175.4983｜覆蓋殘差 0.0000｜Σ 殘差 -0.0000｜宗-宗疊 0.0000（上界 0.6630）｜內部縫 0 帶／0.0000㎡｜退化帶 0 個｜s 域 [-0.3248,87.7155]
[Δ_i·R1·left·總量] 628-37(1)→628-35(2): W_far=6.4600／W_near=6.6200／W_start=6.4600／Δ=+0.0000／Δ_self=+0.9120／🔄方向改變
[Δ_i·R1·right·總量] 628(5)→628-34(3): W_far=7.0200／W_near=7.2300／W_start=7.0200／Δ=+0.0000／Δ_self=+1.1340／🔄方向改變　628-34(3)→628-36(1): W_far=9.6100／W_near=9.6100／W_start=9.6100／Δ=+0.0000／Δ_self=+0.0000
[Δ_i·R1·left·階段2] （無界面）
[Δ_i·R1·right·階段2] （無界面）
[Δ_i·R1·left·階段1] 628-37(1)→628-35(2): W_far=6.4600／W_near=6.6200／W_start=6.4600／Δ=+0.0000／Δ_self=+0.9120／🔄方向改變
[Δ_i·R1·right·階段1] 628(5)→628-34(3): W_far=7.0200／W_near=7.2300／W_start=7.0200／Δ=+0.0000／Δ_self=+1.1340／🔄方向改變　628-34(3)→628-36(1): W_far=9.6100／W_near=9.6100／W_start=9.6100／Δ=+0.0000／Δ_self=+0.0000
🟢 [配餘] 街廓 R2：幾何餘 152.3551㎡ 入抵費地（`K-9-5-7` 配餘·s∈[4.0554,10.8395]）——原為「非宗亦非池帶」之無主空間
[T2-DIAG] 街廓 R2｜宗數 12｜池帶 2 片｜池帶 s 寬 [37.8168  6.7842]｜池帶面積 [1682.7445  152.3551]｜Σ池 1835.0996｜覆蓋殘差 0.0000｜Σ 殘差 -0.0000｜宗-宗疊 0.0000（上界 2.4459）｜內部縫 0 帶／0.0000㎡｜退化帶 2 個（s 寬 2.67e-07, 4.23e-11）｜s 域 [0.2677,100.0274]
[Δ_i·R2·left·總量] 628-41(1)→628-40(1)+: W_far=4.0600／W_near=5.7400／W_start=4.0600／Δ=+0.0000／Δ_self=+10.2680／🔄方向改變　628-40(1)+→628-30(2): W_far=13.7800／W_near=13.7800／W_start=13.7800／Δ=+0.0000／Δ_self=+0.0000　628-30(2)→628-39(1): W_far=15.7200／W_near=15.7200／W_start=15.7200／Δ=+0.0000／Δ_self=+0.0000　628-39(1)→628-31(2): W_far=20.9300／W_near=20.9300／W_start=20.9300／Δ=+0.0000／Δ_self=+0.0000
[Δ_i·R2·left·階段2] （無界面）
[Δ_i·R2·left·階段1] 628-41(1)→628-40(1)+: W_far=4.0600／W_near=5.7400／W_start=4.0600／Δ=+0.0000／Δ_self=+10.2680／🔄方向改變　628-40(1)+→628-30(2): W_far=13.7800／W_near=13.7800／W_start=13.7800／Δ=+0.0000／Δ_self=+0.0000　628-30(2)→628-39(1): W_far=15.7200／W_near=15.7200／W_start=15.7200／Δ=+0.0000／Δ_self=+0.0000　628-39(1)→628-31(2): W_far=20.9300／W_near=20.9300／W_start=20.9300／Δ=+0.0000／Δ_self=+0.0000
[Δ_i·R2·right·階段1] （無界面）
🟢 [配餘] 街廓 R4：幾何餘 26.1116㎡ 入抵費地（`K-9-5-7` 配餘·s∈[1.5767,49.5299]）——原為「非宗亦非池帶」之無主空間
🟢 [配餘] 街廓 R4：幾何餘 26.0858㎡ 入抵費地（`K-9-5-7` 配餘·s∈[49.5299,97.2360]）——原為「非宗亦非池帶」之無主空間
[T2-DIAG] 街廓 R4｜宗數 1｜池帶 4 片｜池帶 s 寬 [4.3238  31.7158  47.9532  47.7061]｜池帶面積 [116.0800  1022.0462  26.1116  26.0858]｜Σ池 1190.3236｜覆蓋殘差 0.0000｜Σ 殘差 +0.0000｜宗-宗疊 0.0000（上界 0.0000）｜內部縫 0 帶／0.0000㎡｜退化帶 0 個｜s 域 [0.1759,98.7163]
[Δ_i·R4·left·總量] （無界面）
[Δ_i·R4·right·總量] （無界面）
[Δ_i·R4·left·階段2] （無界面）
[Δ_i·R4·right·階段2] （無界面）
🔴 首宗下限未達（補丁六 §二）：街廓 R4 right 側 首宗 KL W=0.00 < 退縮(0.00)＋畸零寬(3.50)=3.50——loud 記錄·禁靜默/禁 clamp（重烤後應 ≥ 下限）
[T2-DIAG] 街廓 R6｜宗數 8｜池帶 2 片｜池帶 s 寬 [3.6068  34.0520]｜池帶面積 [85.7064  1543.0063]｜Σ池 1628.7127｜覆蓋殘差 0.0000｜Σ 殘差 -0.0000｜宗-宗疊 0.0000（上界 1.5929）｜內部縫 0 帶／0.0000㎡｜退化帶 2 個（s 寬 1.18e-11, 1.01e-11）｜s 域 [-3.6068,85.8549]
[Δ_i·R6·right·總量] 628-18(1)→628-53(1): W_far=7.2000／W_near=7.2000／W_start=7.2000／Δ=+0.0000／Δ_self=+0.0000　628-53(1)→628-38(1): W_far=7.2000／W_near=7.2000／W_start=7.2000／Δ=+0.0000／Δ_self=+0.0000　628-38(1)→628-7(1): W_far=9.8900／W_near=9.8900／W_start=9.8900／Δ=+0.0000／Δ_self=+0.0000　628-7(1)→628-20(1): W_far=16.7700／W_near=16.7700／W_start=16.7700／Δ=+0.0000／Δ_self=+0.0000
[K-9-5-8] 街廓 R6 right 側：SIDE ∥ ALLOC **退化**（|cross|=0.0000000474／夾角=0.000003°　≤ 容差 1e-06）⇒ `K-9-5-4 ②` 套用後方向等值、無楔形；方向判準所得 []／街角第 1 宗 ['628-18(1)']——**合法組態·⛔ 非異常**（KL 裁 2026-08-08）
[Δ_i·R6·right·階段2] （無界面）
[Δ_i·R6·left·階段1] （無界面）
[Δ_i·R6·right·階段1] 628-18(1)→628-53(1): W_far=7.2000／W_near=7.2000／W_start=7.2000／Δ=+0.0000／Δ_self=+0.0000　628-53(1)→628-38(1): W_far=7.2000／W_near=7.2000／W_start=7.2000／Δ=+0.0000／Δ_self=+0.0000　628-38(1)→628-7(1): W_far=9.8900／W_near=9.8900／W_start=9.8900／Δ=+0.0000／Δ_self=+0.0000　628-7(1)→628-20(1): W_far=16.7700／W_near=16.7700／W_start=16.7700／Δ=+0.0000／Δ_self=+0.0000
[K-9-5-8] 街廓 R6 right 側：SIDE ∥ ALLOC **退化**（|cross|=0.0000000474／夾角=0.000003°　≤ 容差 1e-06）⇒ `K-9-5-4 ②` 套用後方向等值、無楔形；方向判準所得 []／街角第 1 宗 ['628-18(1)']——**合法組態·⛔ 非異常**（KL 裁 2026-08-08）
🟢 [配餘] 街廓 R5：幾何餘 145.1703㎡ 入抵費地（`K-9-5-7` 配餘·s∈[4.8498,11.4856]）——原為「非宗亦非池帶」之無主空間
[T2-DIAG] 街廓 R5｜宗數 7｜池帶 2 片｜池帶 s 寬 [35.7758  6.6358]｜池帶面積 [1621.8010  145.1703]｜Σ池 1766.9713｜覆蓋殘差 0.0000｜Σ 殘差 -0.0000｜宗-宗疊 0.0000（上界 1.3713）｜內部縫 0 帶／0.0000㎡｜退化帶 1 個（s 寬 6.31e-12）｜s 域 [0.2685,92.7995]
[Δ_i·R5·left·總量] 628-18(2)→628-7(2): W_far=4.8500／W_near=6.4900／W_start=4.8500／Δ=+0.0000／Δ_self=+9.7230／🔄方向改變　628-7(2)→628-45(1)+: W_far=13.4700／W_near=13.4700／W_start=13.4700／Δ=+0.0000／Δ_self=+0.0000　628-45(1)+→628-31(1): W_far=21.6700／W_near=21.6700／W_start=21.6700／Δ=+0.0000／Δ_self=+0.0000　628-31(1)→628-32(1): W_far=21.9100／W_near=21.9100／W_start=21.9100／Δ=+0.0000／Δ_self=+0.0000
[Δ_i·R5·left·階段2] （無界面）
[Δ_i·R5·left·階段1] 628-18(2)→628-7(2): W_far=4.8500／W_near=6.4900／W_start=4.8500／Δ=+0.0000／Δ_self=+9.7230／🔄方向改變　628-7(2)→628-45(1)+: W_far=13.4700／W_near=13.4700／W_start=13.4700／Δ=+0.0000／Δ_self=+0.0000　628-45(1)+→628-31(1): W_far=21.6700／W_near=21.6700／W_start=21.6700／Δ=+0.0000／Δ_self=+0.0000　628-31(1)→628-32(1): W_far=21.9100／W_near=21.9100／W_start=21.9100／Δ=+0.0000／Δ_self=+0.0000
[Δ_i·R5·right·階段1] （無界面）
[T2-DIAG] 街廓 R3｜宗數 10｜池帶 1 片｜池帶 s 寬 [40.5337]｜池帶面積 [1795.1328]｜Σ池 1795.1328｜覆蓋殘差 0.0001｜Σ 殘差 -0.0001｜宗-宗疊 0.0000（上界 1.9953）｜內部縫 0 帶／0.0000㎡｜退化帶 3 個（s 寬 5.57e-06, 1.70e-10, 4.24e-11）｜s 域 [-0.0000,96.8032]
[Δ_i·R3·right·總量] 628-30(3)+→628-42(2): W_far=14.1400／W_near=15.7800／W_start=14.1400／Δ=+0.0000／Δ_self=+5.4280／🔄方向改變　628-42(2)→628-27(2): W_far=16.1000／W_near=16.1000／W_start=16.1000／Δ=+0.0000／Δ_self=+0.0000　628-27(2)→628-29(1)+: W_far=16.6900／W_near=16.6900／W_start=16.6900／Δ=+0.0000／Δ_self=+0.0000　628-29(1)+→628-31(3): W_far=19.6200／W_near=19.6200／W_start=19.6200／Δ=+0.0000／Δ_self=+0.0000
[Δ_i·R3·right·階段2] （無界面）
[Δ_i·R3·left·階段1] （無界面）
[Δ_i·R3·right·階段1] 628-30(3)+→628-42(2): W_far=14.1400／W_near=15.7800／W_start=14.1400／Δ=+0.0000／Δ_self=+5.4280／🔄方向改變　628-42(2)→628-27(2): W_far=16.1000／W_near=16.1000／W_start=16.1000／Δ=+0.0000／Δ_self=+0.0000　628-27(2)→628-29(1)+: W_far=16.6900／W_near=16.6900／W_start=16.6900／Δ=+0.0000／Δ_self=+0.0000　628-29(1)+→628-31(3): W_far=19.6200／W_near=19.6200／W_start=19.6200／Δ=+0.0000／Δ_self=+0.0000
… Step G headless（3.5m；v3 真值財務＋結構不變量永久閘）
🟢 [配餘] 街廓 R1：幾何餘 5.3835㎡ 入抵費地（`K-9-5-7` 配餘·s∈[17.2402,17.5649]）——原為「非宗亦非池帶」之無主空間
🟢 [配餘] 街廓 R1：幾何餘 0.0046㎡ 入抵費地（`K-9-5-7` 配餘·s∈[-0.3248,-0.0358]）——原為「非宗亦非池帶」之無主空間
[T2-DIAG] 街廓 R1｜宗數 5｜池帶 3 片｜池帶 s 寬 [35.2871  0.3247  0.2890]｜池帶面積 [1169.7082  5.3835  0.0046]｜Σ池 1175.0963｜覆蓋殘差 0.0000｜Σ 殘差 -0.0000｜宗-宗疊 0.0000（上界 0.6630）｜內部縫 0 帶／0.0000㎡｜退化帶 0 個｜s 域 [-0.3248,87.7155]
[Δ_i·R1·left·總量] （無界面）
[Δ_i·R1·right·總量] 628(5)→628-34(3): W_far=7.0200／W_near=7.2300／W_start=7.0200／Δ=+0.0000／Δ_self=+1.1340／🔄方向改變　628-34(3)→628-37(1): W_far=9.6100／W_near=9.6100／W_start=9.6100／Δ=+0.0000／Δ_self=+0.0000　628-37(1)→628-35(2): W_far=16.1200／W_near=16.1200／W_start=16.1200／Δ=+0.0000／Δ_self=+0.0000
[Δ_i·R1·left·階段2] （無界面）
[Δ_i·R1·right·階段2] （無界面）
[Δ_i·R1·left·階段1] （無界面）
[Δ_i·R1·right·階段1] 628(5)→628-34(3): W_far=7.0200／W_near=7.2300／W_start=7.0200／Δ=+0.0000／Δ_self=+1.1340／🔄方向改變　628-34(3)→628-37(1): W_far=9.6100／W_near=9.6100／W_start=9.6100／Δ=+0.0000／Δ_self=+0.0000　628-37(1)→628-35(2): W_far=16.1200／W_near=16.1200／W_start=16.1200／Δ=+0.0000／Δ_self=+0.0000
[T2-DIAG] 街廓 R2｜宗數 14｜池帶 2 片｜池帶 s 寬 [8.4283  32.9691]｜池帶面積 [308.1700  1466.2584]｜Σ池 1774.4284｜覆蓋殘差 0.0000｜Σ 殘差 -0.0000｜宗-宗疊 0.0000（上界 2.8906）｜內部縫 0 帶／0.0000㎡｜退化帶 4 個（s 寬 5.98e-12, 4.27e-10, 4.09e-11, 4.23e-11）｜s 域 [0.2677,100.0274]
[Δ_i·R2·left·總量] 628-42(1)→628-41(1): W_far=7.0900／W_near=7.0900／W_start=7.0900／Δ=+0.0000／Δ_self=+0.0000　628-41(1)→628-27(1): W_far=11.1600／W_near=11.1600／W_start=11.1600／Δ=+0.0000／Δ_self=+0.0000　628-27(1)→628-40(1)+: W_far=11.8200／W_near=11.8200／W_start=11.8200／Δ=+0.0000／Δ_self=+0.0000　628-40(1)+→628-30(2): W_far=18.4800／W_near=18.4800／W_start=18.4800／Δ=+0.0000／Δ_self=+0.0000　628-30(2)→628-39(1): W_far=20.4900／W_near=20.4900／W_start=20.4900／Δ=+0.0000／Δ_self=+0.0000　628-39(1)→628-31(2): W_far=25.7600／W_near=25.7600／W_start=25.7600／Δ=+0.0000／Δ_self=+0.0000
[Δ_i·R2·left·階段2] （無界面）
[Δ_i·R2·left·階段1] 628-42(1)→628-41(1): W_far=7.0900／W_near=7.0900／W_start=7.0900／Δ=+0.0000／Δ_self=+0.0000　628-41(1)→628-27(1): W_far=11.1600／W_near=11.1600／W_start=11.1600／Δ=+0.0000／Δ_self=+0.0000　628-27(1)→628-40(1)+: W_far=11.8200／W_near=11.8200／W_start=11.8200／Δ=+0.0000／Δ_self=+0.0000　628-40(1)+→628-30(2): W_far=18.4800／W_near=18.4800／W_start=18.4800／Δ=+0.0000／Δ_self=+0.0000　628-30(2)→628-39(1): W_far=20.4900／W_near=20.4900／W_start=20.4900／Δ=+0.0000／Δ_self=+0.0000　628-39(1)→628-31(2): W_far=25.7600／W_near=25.7600／W_start=25.7600／Δ=+0.0000／Δ_self=+0.0000
[Δ_i·R2·right·階段1] （無界面）
🟢 [配餘] 街廓 R4：幾何餘 26.1102㎡ 入抵費地（`K-9-5-7` 配餘·s∈[7.8186,9.3951]）——原為「非宗亦非池帶」之無主空間
🟢 [配餘] 街廓 R4：幾何餘 26.0843㎡ 入抵費地（`K-9-5-7` 配餘·s∈[68.9201,70.4959]）——原為「非宗亦非池帶」之無主空間
[T2-DIAG] 街廓 R4｜宗數 1｜池帶 4 片｜池帶 s 寬 [7.6427  28.2204  1.5766  1.5758]｜池帶面積 [226.0100  906.3247  26.1102  26.0843]｜Σ池 1184.5292｜覆蓋殘差 0.0000｜Σ 殘差 +0.0000｜宗-宗疊 0.0000（上界 0.0000）｜內部縫 0 帶／0.0000㎡｜退化帶 0 個｜s 域 [0.1759,98.7163]
[Δ_i·R4·left·總量] （無界面）
[Δ_i·R4·right·總量] （無界面）
[Δ_i·R4·left·階段2] （無界面）
[Δ_i·R4·right·階段2] （無界面）
🔴 首宗下限未達（補丁六 §二）：街廓 R4 right 側 首宗 KL W=0.00 < 退縮(3.50)＋畸零寬(3.50)=7.00——loud 記錄·禁靜默/禁 clamp（重烤後應 ≥ 下限）
[T2-DIAG] 街廓 R6｜宗數 8｜池帶 2 片｜池帶 s 寬 [3.6068  34.0520]｜池帶面積 [85.7064  1543.0063]｜Σ池 1628.7127｜覆蓋殘差 0.0000｜Σ 殘差 -0.0000｜宗-宗疊 0.0000（上界 1.5929）｜內部縫 0 帶／0.0000㎡｜退化帶 2 個（s 寬 1.18e-11, 1.01e-11）｜s 域 [-3.6068,85.8549]
[Δ_i·R6·right·總量] 628-18(1)→628-53(1): W_far=7.2000／W_near=7.2000／W_start=7.2000／Δ=+0.0000／Δ_self=+0.0000　628-53(1)→628-38(1): W_far=7.2000／W_near=7.2000／W_start=7.2000／Δ=+0.0000／Δ_self=+0.0000　628-38(1)→628-7(1): W_far=9.8900／W_near=9.8900／W_start=9.8900／Δ=+0.0000／Δ_self=+0.0000　628-7(1)→628-20(1): W_far=16.7700／W_near=16.7700／W_start=16.7700／Δ=+0.0000／Δ_self=+0.0000
[K-9-5-8] 街廓 R6 right 側：SIDE ∥ ALLOC **退化**（|cross|=0.0000000474／夾角=0.000003°　≤ 容差 1e-06）⇒ `K-9-5-4 ②` 套用後方向等值、無楔形；方向判準所得 []／街角第 1 宗 ['628-18(1)']——**合法組態·⛔ 非異常**（KL 裁 2026-08-08）
[Δ_i·R6·right·階段2] （無界面）
[Δ_i·R6·left·階段1] （無界面）
[Δ_i·R6·right·階段1] 628-18(1)→628-53(1): W_far=7.2000／W_near=7.2000／W_start=7.2000／Δ=+0.0000／Δ_self=+0.0000　628-53(1)→628-38(1): W_far=7.2000／W_near=7.2000／W_start=7.2000／Δ=+0.0000／Δ_self=+0.0000　628-38(1)→628-7(1): W_far=9.8900／W_near=9.8900／W_start=9.8900／Δ=+0.0000／Δ_self=+0.0000　628-7(1)→628-20(1): W_far=16.7700／W_near=16.7700／W_start=16.7700／Δ=+0.0000／Δ_self=+0.0000
[K-9-5-8] 街廓 R6 right 側：SIDE ∥ ALLOC **退化**（|cross|=0.0000000474／夾角=0.000003°　≤ 容差 1e-06）⇒ `K-9-5-4 ②` 套用後方向等值、無楔形；方向判準所得 []／街角第 1 宗 ['628-18(1)']——**合法組態·⛔ 非異常**（KL 裁 2026-08-08）
🟢 [配餘] 街廓 R5：幾何餘 146.1806㎡ 入抵費地（`K-9-5-7` 配餘·s∈[8.0592,14.7180]）——原為「非宗亦非池帶」之無主空間
[T2-DIAG] 街廓 R5｜宗數 7｜池帶 2 片｜池帶 s 寬 [35.7531  6.6588]｜池帶面積 [1620.7892  146.1806]｜Σ池 1766.9699｜覆蓋殘差 0.0000｜Σ 殘差 -0.0000｜宗-宗疊 0.0000（上界 1.3713）｜內部縫 0 帶／0.0000㎡｜退化帶 0 個｜s 域 [0.2685,92.7995]
[Δ_i·R5·left·總量] 628-45(1)+→628-18(2): W_far=8.0600／W_near=9.6900／W_start=8.0600／Δ=+0.0000／Δ_self=+8.2000／🔄方向改變　628-18(2)→628-7(2): W_far=16.0200／W_near=16.0200／W_start=16.0200／Δ=+0.0000／Δ_self=+0.0000　628-7(2)→628-31(1): W_far=21.6900／W_near=21.6900／W_start=21.6900／Δ=+0.0000／Δ_self=+0.0000　628-31(1)→628-32(1): W_far=21.9300／W_near=21.9300／W_start=21.9300／Δ=+0.0000／Δ_self=+0.0000
[Δ_i·R5·left·階段2] （無界面）
[Δ_i·R5·left·階段1] 628-45(1)+→628-18(2): W_far=8.0600／W_near=9.6900／W_start=8.0600／Δ=+0.0000／Δ_self=+8.2000／🔄方向改變　628-18(2)→628-7(2): W_far=16.0200／W_near=16.0200／W_start=16.0200／Δ=+0.0000／Δ_self=+0.0000　628-7(2)→628-31(1): W_far=21.6900／W_near=21.6900／W_start=21.6900／Δ=+0.0000／Δ_self=+0.0000　628-31(1)→628-32(1): W_far=21.9300／W_near=21.9300／W_start=21.9300／Δ=+0.0000／Δ_self=+0.0000
[Δ_i·R5·right·階段1] （無界面）
[T2-DIAG] 街廓 R3｜宗數 10｜池帶 1 片｜池帶 s 寬 [40.5337]｜池帶面積 [1795.1328]｜Σ池 1795.1328｜覆蓋殘差 0.0001｜Σ 殘差 -0.0001｜宗-宗疊 0.0000（上界 1.9953）｜內部縫 0 帶／0.0000㎡｜退化帶 3 個（s 寬 5.57e-06, 1.70e-10, 4.24e-11）｜s 域 [-0.0000,96.8032]
[Δ_i·R3·right·總量] 628-30(3)+→628-42(2): W_far=14.1400／W_near=15.7800／W_start=14.1400／Δ=+0.0000／Δ_self=+5.4280／🔄方向改變　628-42(2)→628-27(2): W_far=16.1000／W_near=16.1000／W_start=16.1000／Δ=+0.0000／Δ_self=+0.0000　628-27(2)→628-29(1)+: W_far=16.6900／W_near=16.6900／W_start=16.6900／Δ=+0.0000／Δ_self=+0.0000　628-29(1)+→628-31(3): W_far=19.6200／W_near=19.6200／W_start=19.6200／Δ=+0.0000／Δ_self=+0.0000
[Δ_i·R3·right·階段2] （無界面）
[Δ_i·R3·left·階段1] （無界面）
[Δ_i·R3·right·階段1] 628-30(3)+→628-42(2): W_far=14.1400／W_near=15.7800／W_start=14.1400／Δ=+0.0000／Δ_self=+5.4280／🔄方向改變　628-42(2)→628-27(2): W_far=16.1000／W_near=16.1000／W_start=16.1000／Δ=+0.0000／Δ_self=+0.0000　628-27(2)→628-29(1)+: W_far=16.6900／W_near=16.6900／W_start=16.6900／Δ=+0.0000／Δ_self=+0.0000　628-29(1)+→628-31(3): W_far=19.6200／W_near=19.6200／W_start=19.6200／Δ=+0.0000／Δ_self=+0.0000
… v3 財務接線閘（B/C 錨・中繼錨・C 兩形等價・A 逐宗全查・雙 reverse-test）
🟢 [配餘] 街廓 R1：幾何餘 0.0046㎡ 入抵費地（`K-9-5-7` 配餘·s∈[-0.3248,-0.0358]）——原為「非宗亦非池帶」之無主空間
[T2-DIAG] 街廓 R1｜宗數 5｜池帶 2 片｜池帶 s 寬 [35.5271  0.2890]｜池帶面積 [1177.5624  0.0046]｜Σ池 1177.5670｜覆蓋殘差 0.0000｜Σ 殘差 -0.0000｜宗-宗疊 0.0000（上界 0.6630）｜內部縫 0 帶／0.0000㎡｜退化帶 1 個（s 寬 1.30e-10）｜s 域 [-0.3248,87.7155]
[Δ_i·R1·left·總量] 628-37(1)→628-35(2): W_far=6.4600／W_near=6.6100／W_start=6.4600／Δ=+0.0000／Δ_self=+0.8550／🔄方向改變
[Δ_i·R1·right·總量] 628(5)→628-34(3): W_far=7.0100／W_near=7.2200／W_start=7.0100／Δ=+0.0000／Δ_self=+1.1340／🔄方向改變　628-34(3)→628-36(1): W_far=9.6000／W_near=9.6000／W_start=9.6000／Δ=+0.0000／Δ_self=+0.0000
[Δ_i·R1·left·階段2] （無界面）
[Δ_i·R1·right·階段2] （無界面）
[Δ_i·R1·left·階段1] 628-37(1)→628-35(2): W_far=6.4600／W_near=6.6100／W_start=6.4600／Δ=+0.0000／Δ_self=+0.8550／🔄方向改變
[Δ_i·R1·right·階段1] 628(5)→628-34(3): W_far=7.0100／W_near=7.2200／W_start=7.0100／Δ=+0.0000／Δ_self=+1.1340／🔄方向改變　628-34(3)→628-36(1): W_far=9.6000／W_near=9.6000／W_start=9.6000／Δ=+0.0000／Δ_self=+0.0000
🟢 [配餘] 街廓 R2：幾何餘 152.3554㎡ 入抵費地（`K-9-5-7` 配餘·s∈[4.0512,10.8354]）——原為「非宗亦非池帶」之無主空間
[T2-DIAG] 街廓 R2｜宗數 12｜池帶 2 片｜池帶 s 寬 [37.8846  6.7842]｜池帶面積 [1685.7639  152.3554]｜Σ池 1838.1193｜覆蓋殘差 0.0000｜Σ 殘差 -0.0000｜宗-宗疊 0.0000（上界 2.4459）｜內部縫 0 帶／0.0000㎡｜退化帶 4 個（s 寬 2.67e-07, 4.24e-11, 3.67e-10, 4.23e-11）｜s 域 [0.2677,100.0274]
[Δ_i·R2·left·總量] 628-41(1)→628-40(1)+: W_far=4.0500／W_near=5.7300／W_start=4.0500／Δ=+0.0000／Δ_self=+10.2700／🔄方向改變　628-40(1)+→628-30(2): W_far=13.7600／W_near=13.7600／W_start=13.7600／Δ=+0.0000／Δ_self=+0.0000　628-30(2)→628-39(1): W_far=15.7100／W_near=15.7100／W_start=15.7100／Δ=+0.0000／Δ_self=+0.0000　628-39(1)→628-31(2): W_far=20.9100／W_near=20.9100／W_start=20.9100／Δ=+0.0000／Δ_self=+0.0000
[Δ_i·R2·left·階段2] （無界面）
[Δ_i·R2·left·階段1] 628-41(1)→628-40(1)+: W_far=4.0500／W_near=5.7300／W_start=4.0500／Δ=+0.0000／Δ_self=+10.2700／🔄方向改變　628-40(1)+→628-30(2): W_far=13.7600／W_near=13.7600／W_start=13.7600／Δ=+0.0000／Δ_self=+0.0000　628-30(2)→628-39(1): W_far=15.7100／W_near=15.7100／W_start=15.7100／Δ=+0.0000／Δ_self=+0.0000　628-39(1)→628-31(2): W_far=20.9100／W_near=20.9100／W_start=20.9100／Δ=+0.0000／Δ_self=+0.0000
[Δ_i·R2·right·階段1] （無界面）
🟢 [配餘] 街廓 R4：幾何餘 26.1116㎡ 入抵費地（`K-9-5-7` 配餘·s∈[4.4998,6.0764]）——原為「非宗亦非池帶」之無主空間
🟢 [配餘] 街廓 R4：幾何餘 26.0858㎡ 入抵費地（`K-9-5-7` 配餘·s∈[65.3505,66.9263]）——原為「非宗亦非池帶」之無主空間
[T2-DIAG] 街廓 R4｜宗數 1｜池帶 4 片｜池帶 s 寬 [4.3238  31.7900  1.5766  1.5758]｜池帶面積 [116.0800  1024.5020  26.1116  26.0858]｜Σ池 1192.7794｜覆蓋殘差 0.0000｜Σ 殘差 -0.0000｜宗-宗疊 0.0000（上界 0.0000）｜內部縫 0 帶／0.0000㎡｜退化帶 0 個｜s 域 [0.1759,98.7163]
[Δ_i·R4·left·總量] （無界面）
[Δ_i·R4·right·總量] （無界面）
[Δ_i·R4·left·階段2] （無界面）
[Δ_i·R4·right·階段2] （無界面）
🔴 首宗下限未達（補丁六 §二）：街廓 R4 right 側 首宗 KL W=0.00 < 退縮(0.00)＋畸零寬(3.50)=3.50——loud 記錄·禁靜默/禁 clamp（重烤後應 ≥ 下限）
[T2-DIAG] 街廓 R6｜宗數 8｜池帶 2 片｜池帶 s 寬 [3.6068  34.1124]｜池帶面積 [85.7064  1545.7473]｜Σ池 1631.4537｜覆蓋殘差 0.0000｜Σ 殘差 -0.0000｜宗-宗疊 0.0000（上界 1.5929）｜內部縫 0 帶／0.0000㎡｜退化帶 2 個（s 寬 7.85e-11, 1.96e-10）｜s 域 [-3.6068,85.8549]
[Δ_i·R6·right·總量] 628-18(1)→628-53(1): W_far=7.1900／W_near=7.1900／W_start=7.1900／Δ=+0.0000／Δ_self=+0.0000　628-53(1)→628-38(1): W_far=7.2000／W_near=7.2000／W_start=7.2000／Δ=+0.0000／Δ_self=+0.0000　628-38(1)→628-7(1): W_far=9.8800／W_near=9.8800／W_start=9.8800／Δ=+0.0000／Δ_self=+0.0000　628-7(1)→628-20(1): W_far=16.7500／W_near=16.7500／W_start=16.7500／Δ=+0.0000／Δ_self=+0.0000
[K-9-5-8] 街廓 R6 right 側：SIDE ∥ ALLOC **退化**（|cross|=0.0000000474／夾角=0.000003°　≤ 容差 1e-06）⇒ `K-9-5-4 ②` 套用後方向等值、無楔形；方向判準所得 []／街角第 1 宗 ['628-18(1)']——**合法組態·⛔ 非異常**（KL 裁 2026-08-08）
[Δ_i·R6·right·階段2] （無界面）
[Δ_i·R6·left·階段1] （無界面）
[Δ_i·R6·right·階段1] 628-18(1)→628-53(1): W_far=7.1900／W_near=7.1900／W_start=7.1900／Δ=+0.0000／Δ_self=+0.0000　628-53(1)→628-38(1): W_far=7.2000／W_near=7.2000／W_start=7.2000／Δ=+0.0000／Δ_self=+0.0000　628-38(1)→628-7(1): W_far=9.8800／W_near=9.8800／W_start=9.8800／Δ=+0.0000／Δ_self=+0.0000　628-7(1)→628-20(1): W_far=16.7500／W_near=16.7500／W_start=16.7500／Δ=+0.0000／Δ_self=+0.0000
[K-9-5-8] 街廓 R6 right 側：SIDE ∥ ALLOC **退化**（|cross|=0.0000000474／夾角=0.000003°　≤ 容差 1e-06）⇒ `K-9-5-4 ②` 套用後方向等值、無楔形；方向判準所得 []／街角第 1 宗 ['628-18(1)']——**合法組態·⛔ 非異常**（KL 裁 2026-08-08）
🟢 [配餘] 街廓 R5：幾何餘 145.1686㎡ 入抵費地（`K-9-5-7` 配餘·s∈[4.8445,11.4802]）——原為「非宗亦非池帶」之無主空間
[T2-DIAG] 街廓 R5｜宗數 7｜池帶 2 片｜池帶 s 寬 [35.8371  6.6357]｜池帶面積 [1624.5958  145.1686]｜Σ池 1769.7644｜覆蓋殘差 0.0000｜Σ 殘差 -0.0000｜宗-宗疊 0.0000（上界 1.3713）｜內部縫 0 帶／0.0000㎡｜退化帶 2 個（s 寬 1.27e-10, 8.49e-11）｜s 域 [0.2685,92.7995]
[Δ_i·R5·left·總量] 628-18(2)→628-7(2): W_far=4.8400／W_near=6.4800／W_start=4.8400／Δ=+0.0000／Δ_self=+9.7280／🔄方向改變　628-7(2)→628-45(1)+: W_far=13.4600／W_near=13.4600／W_start=13.4600／Δ=+0.0000／Δ_self=+0.0000　628-45(1)+→628-31(1): W_far=21.6500／W_near=21.6500／W_start=21.6500／Δ=+0.0000／Δ_self=+0.0000　628-31(1)→628-32(1): W_far=21.8900／W_near=21.8900／W_start=21.8900／Δ=+0.0000／Δ_self=+0.0000
[Δ_i·R5·left·階段2] （無界面）
[Δ_i·R5·left·階段1] 628-18(2)→628-7(2): W_far=4.8400／W_near=6.4800／W_start=4.8400／Δ=+0.0000／Δ_self=+9.7280／🔄方向改變　628-7(2)→628-45(1)+: W_far=13.4600／W_near=13.4600／W_start=13.4600／Δ=+0.0000／Δ_self=+0.0000　628-45(1)+→628-31(1): W_far=21.6500／W_near=21.6500／W_start=21.6500／Δ=+0.0000／Δ_self=+0.0000　628-31(1)→628-32(1): W_far=21.8900／W_near=21.8900／W_start=21.8900／Δ=+0.0000／Δ_self=+0.0000
[Δ_i·R5·right·階段1] （無界面）
[T2-DIAG] 街廓 R3｜宗數 10｜池帶 1 片｜池帶 s 寬 [40.5976]｜池帶面積 [1797.9646]｜Σ池 1797.9646｜覆蓋殘差 0.0001｜Σ 殘差 -0.0001｜宗-宗疊 0.0000（上界 1.9953）｜內部縫 0 帶／0.0000㎡｜退化帶 4 個（s 寬 5.57e-06, 1.70e-10, 1.93e-11, 1.70e-10）｜s 域 [-0.0000,96.8032]
[Δ_i·R3·right·總量] 628-30(3)+→628-42(2): W_far=14.1300／W_near=15.7600／W_start=14.1300／Δ=+0.0000／Δ_self=+5.4010／🔄方向改變　628-42(2)→628-27(2): W_far=16.0800／W_near=16.0800／W_start=16.0800／Δ=+0.0000／Δ_self=+0.0000　628-27(2)→628-29(1)+: W_far=16.6700／W_near=16.6700／W_start=16.6700／Δ=+0.0000／Δ_self=+0.0000　628-29(1)+→628-31(3): W_far=19.6000／W_near=19.6000／W_start=19.6000／Δ=+0.0000／Δ_self=+0.0000
[Δ_i·R3·right·階段2] （無界面）
[Δ_i·R3·left·階段1] （無界面）
[Δ_i·R3·right·階段1] 628-30(3)+→628-42(2): W_far=14.1300／W_near=15.7600／W_start=14.1300／Δ=+0.0000／Δ_self=+5.4010／🔄方向改變　628-42(2)→628-27(2): W_far=16.0800／W_near=16.0800／W_start=16.0800／Δ=+0.0000／Δ_self=+0.0000　628-27(2)→628-29(1)+: W_far=16.6700／W_near=16.6700／W_start=16.6700／Δ=+0.0000／Δ_self=+0.0000　628-29(1)+→628-31(3): W_far=19.6000／W_near=19.6000／W_start=19.6000／Δ=+0.0000／Δ_self=+0.0000
🟢 [配餘] 街廓 R1：幾何餘 0.0046㎡ 入抵費地（`K-9-5-7` 配餘·s∈[-0.3248,-0.0358]）——原為「非宗亦非池帶」之無主空間
[T2-DIAG] 街廓 R1｜宗數 5｜池帶 2 片｜池帶 s 寬 [37.9748  0.2890]｜池帶面積 [1258.6938  0.0046]｜Σ池 1258.6984｜覆蓋殘差 0.0000｜Σ 殘差 -0.0000｜宗-宗疊 0.0000（上界 0.6630）｜內部縫 0 帶／0.0000㎡｜退化帶 0 個｜s 域 [-0.3248,87.7155]
[Δ_i·R1·left·總量] 628-37(1)→628-35(2): W_far=6.1900／W_near=6.3500／W_start=6.1900／Δ=+0.0000／Δ_self=+0.9120／🔄方向改變
[Δ_i·R1·right·總量] 628(5)→628-34(3): W_far=6.7200／W_near=6.9300／W_start=6.7200／Δ=+0.0000／Δ_self=+1.1970／🔄方向改變　628-34(3)→628-36(1): W_far=9.1800／W_near=9.1800／W_start=9.1800／Δ=+0.0000／Δ_self=+0.0000
[Δ_i·R1·left·階段2] （無界面）
[Δ_i·R1·right·階段2] （無界面）
[Δ_i·R1·left·階段1] 628-37(1)→628-35(2): W_far=6.1900／W_near=6.3500／W_start=6.1900／Δ=+0.0000／Δ_self=+0.9120／🔄方向改變
[Δ_i·R1·right·階段1] 628(5)→628-34(3): W_far=6.7200／W_near=6.9300／W_start=6.7200／Δ=+0.0000／Δ_self=+1.1970／🔄方向改變　628-34(3)→628-36(1): W_far=9.1800／W_near=9.1800／W_start=9.1800／Δ=+0.0000／Δ_self=+0.0000
🟢 [配餘] 街廓 R2：幾何餘 152.3673㎡ 入抵費地（`K-9-5-7` 配餘·s∈[3.8707,10.6551]）——原為「非宗亦非池帶」之無主空間
[T2-DIAG] 街廓 R2｜宗數 12｜池帶 2 片｜池帶 s 寬 [40.4737  6.7844]｜池帶面積 [1800.9426  152.3673]｜Σ池 1953.3099｜覆蓋殘差 0.0000｜Σ 殘差 -0.0000｜宗-宗疊 0.0000（上界 2.4459）｜內部縫 0 帶／0.0000㎡｜退化帶 3 個（s 寬 2.68e-07, 9.66e-11, 4.23e-11）｜s 域 [0.2677,100.0274]
[Δ_i·R2·left·總量] 628-41(1)→628-40(1)+: W_far=3.8700／W_near=5.5500／W_start=3.8700／Δ=+0.0000／Δ_self=+10.3450／🔄方向改變　628-40(1)+→628-30(2): W_far=13.2800／W_near=13.2800／W_start=13.2800／Δ=+0.0000／Δ_self=+0.0000　628-30(2)→628-39(1): W_far=15.1400／W_near=15.1400／W_start=15.1400／Δ=+0.0000／Δ_self=+0.0000　628-39(1)→628-31(2): W_far=20.0900／W_near=20.0900／W_start=20.0900／Δ=+0.0000／Δ_self=+0.0000
[Δ_i·R2·left·階段2] （無界面）
[Δ_i·R2·left·階段1] 628-41(1)→628-40(1)+: W_far=3.8700／W_near=5.5500／W_start=3.8700／Δ=+0.0000／Δ_self=+10.3450／🔄方向改變　628-40(1)+→628-30(2): W_far=13.2800／W_near=13.2800／W_start=13.2800／Δ=+0.0000／Δ_self=+0.0000　628-30(2)→628-39(1): W_far=15.1400／W_near=15.1400／W_start=15.1400／Δ=+0.0000／Δ_self=+0.0000　628-39(1)→628-31(2): W_far=20.0900／W_near=20.0900／W_start=20.0900／Δ=+0.0000／Δ_self=+0.0000
[Δ_i·R2·right·階段1] （無界面）
🟢 [配餘] 街廓 R4：幾何餘 26.1116㎡ 入抵費地（`K-9-5-7` 配餘·s∈[1.5767,49.5299]）——原為「非宗亦非池帶」之無主空間
🟢 [配餘] 街廓 R4：幾何餘 26.0868㎡ 入抵費地（`K-9-5-7` 配餘·s∈[41.9054,64.4029]）——原為「非宗亦非池帶」之無主空間
[T2-DIAG] 街廓 R4｜宗數 1｜池帶 4 片｜池帶 s 寬 [4.3238  34.3134  47.9532  22.4975]｜池帶面積 [116.0800  1108.0468  26.1116  26.0868]｜Σ池 1276.3253｜覆蓋殘差 0.0000｜Σ 殘差 -0.0000｜宗-宗疊 0.0000（上界 0.0000）｜內部縫 0 帶／0.0000㎡｜退化帶 0 個｜s 域 [0.1759,98.7163]
[Δ_i·R4·left·總量] （無界面）
[Δ_i·R4·right·總量] （無界面）
[Δ_i·R4·left·階段2] （無界面）
[Δ_i·R4·right·階段2] （無界面）
🔴 首宗下限未達（補丁六 §二）：街廓 R4 right 側 首宗 KL W=0.00 < 退縮(0.00)＋畸零寬(3.50)=3.50——loud 記錄·禁靜默/禁 clamp（重烤後應 ≥ 下限）
[T2-DIAG] 街廓 R6｜宗數 8｜池帶 2 片｜池帶 s 寬 [3.6068  36.4340]｜池帶面積 [85.7064  1651.0280]｜Σ池 1736.7344｜覆蓋殘差 0.0000｜Σ 殘差 -0.0000｜宗-宗疊 0.0000（上界 1.5929）｜內部縫 0 帶／0.0000㎡｜退化帶 1 個（s 寬 3.94e-10）｜s 域 [-3.6068,85.8549]
[Δ_i·R6·right·總量] 628-18(1)→628-53(1): W_far=6.8700／W_near=6.8700／W_start=6.8700／Δ=+0.0000／Δ_self=+0.0000　628-53(1)→628-38(1): W_far=6.8700／W_near=6.8700／W_start=6.8700／Δ=+0.0000／Δ_self=+0.0000　628-38(1)→628-7(1): W_far=9.4400／W_near=9.4400／W_start=9.4400／Δ=+0.0000／Δ_self=+0.0000　628-7(1)→628-20(1): W_far=15.9900／W_near=15.9900／W_start=15.9900／Δ=+0.0000／Δ_self=+0.0000
[K-9-5-8] 街廓 R6 right 側：SIDE ∥ ALLOC **退化**（|cross|=0.0000000474／夾角=0.000003°　≤ 容差 1e-06）⇒ `K-9-5-4 ②` 套用後方向等值、無楔形；方向判準所得 []／街角第 1 宗 ['628-18(1)']——**合法組態·⛔ 非異常**（KL 裁 2026-08-08）
[Δ_i·R6·right·階段2] （無界面）
[Δ_i·R6·left·階段1] （無界面）
[Δ_i·R6·right·階段1] 628-18(1)→628-53(1): W_far=6.8700／W_near=6.8700／W_start=6.8700／Δ=+0.0000／Δ_self=+0.0000　628-53(1)→628-38(1): W_far=6.8700／W_near=6.8700／W_start=6.8700／Δ=+0.0000／Δ_self=+0.0000　628-38(1)→628-7(1): W_far=9.4400／W_near=9.4400／W_start=9.4400／Δ=+0.0000／Δ_self=+0.0000　628-7(1)→628-20(1): W_far=15.9900／W_near=15.9900／W_start=15.9900／Δ=+0.0000／Δ_self=+0.0000
[K-9-5-8] 街廓 R6 right 側：SIDE ∥ ALLOC **退化**（|cross|=0.0000000474／夾角=0.000003°　≤ 容差 1e-06）⇒ `K-9-5-4 ②` 套用後方向等值、無楔形；方向判準所得 []／街角第 1 宗 ['628-18(1)']——**合法組態·⛔ 非異常**（KL 裁 2026-08-08）
🟢 [配餘] 街廓 R5：幾何餘 145.0950㎡ 入抵費地（`K-9-5-7` 配餘·s∈[4.6102,11.2442]）——原為「非宗亦非池帶」之無主空間
[T2-DIAG] 街廓 R5｜宗數 7｜池帶 2 片｜池帶 s 寬 [38.3859  6.6340]｜池帶面積 [1740.7408  145.0950]｜Σ池 1885.8358｜覆蓋殘差 0.0000｜Σ 殘差 -0.0000｜宗-宗疊 0.0000（上界 1.3713）｜內部縫 0 帶／0.0000㎡｜退化帶 1 個（s 寬 4.24e-11）｜s 域 [0.2685,92.7995]
[Δ_i·R5·left·總量] 628-18(2)→628-7(2): W_far=4.6100／W_near=6.2500／W_start=4.6100／Δ=+0.0000／Δ_self=+9.8430／🔄方向改變　628-7(2)→628-45(1)+: W_far=12.9500／W_near=12.9500／W_start=12.9500／Δ=+0.0000／Δ_self=+0.0000　628-45(1)+→628-31(1): W_far=20.7300／W_near=20.7300／W_start=20.7300／Δ=+0.0000／Δ_self=+0.0000　628-31(1)→628-32(1): W_far=20.9500／W_near=20.9500／W_start=20.9500／Δ=+0.0000／Δ_self=+0.0000
[Δ_i·R5·left·階段2] （無界面）
[Δ_i·R5·left·階段1] 628-18(2)→628-7(2): W_far=4.6100／W_near=6.2500／W_start=4.6100／Δ=+0.0000／Δ_self=+9.8430／🔄方向改變　628-7(2)→628-45(1)+: W_far=12.9500／W_near=12.9500／W_start=12.9500／Δ=+0.0000／Δ_self=+0.0000　628-45(1)+→628-31(1): W_far=20.7300／W_near=20.7300／W_start=20.7300／Δ=+0.0000／Δ_self=+0.0000　628-31(1)→628-32(1): W_far=20.9500／W_near=20.9500／W_start=20.9500／Δ=+0.0000／Δ_self=+0.0000
[Δ_i·R5·right·階段1] （無界面）
[T2-DIAG] 街廓 R3｜宗數 10｜池帶 1 片｜池帶 s 寬 [43.2761]｜池帶面積 [1916.6265]｜Σ池 1916.6265｜覆蓋殘差 0.0001｜Σ 殘差 -0.0001｜宗-宗疊 0.0000（上界 1.9953）｜內部縫 0 帶／0.0000㎡｜退化帶 1 個（s 寬 5.57e-06）｜s 域 [-0.0000,96.8032]
[Δ_i·R3·right·總量] 628-30(3)+→628-42(2): W_far=13.4200／W_near=15.0600／W_start=13.4200／Δ=+0.0000／Δ_self=+5.8900／🔄方向改變　628-42(2)→628-27(2): W_far=15.2800／W_near=15.2800／W_start=15.2800／Δ=+0.0000／Δ_self=+0.0000　628-27(2)→628-29(1)+: W_far=15.8400／W_near=15.8400／W_start=15.8400／Δ=+0.0000／Δ_self=+0.0000　628-29(1)+→628-31(3): W_far=18.6000／W_near=18.6000／W_start=18.6000／Δ=+0.0000／Δ_self=+0.0000
[Δ_i·R3·right·階段2] （無界面）
[Δ_i·R3·left·階段1] （無界面）
[Δ_i·R3·right·階段1] 628-30(3)+→628-42(2): W_far=13.4200／W_near=15.0600／W_start=13.4200／Δ=+0.0000／Δ_self=+5.8900／🔄方向改變　628-42(2)→628-27(2): W_far=15.2800／W_near=15.2800／W_start=15.2800／Δ=+0.0000／Δ_self=+0.0000　628-27(2)→628-29(1)+: W_far=15.8400／W_near=15.8400／W_start=15.8400／Δ=+0.0000／Δ_self=+0.0000　628-29(1)+→628-31(3): W_far=18.6000／W_near=18.6000／W_start=18.6000／Δ=+0.0000／Δ_self=+0.0000
… W-D.3 碎片幾何/分類/逐邊 CAD 對拍
🟢 [配餘] 街廓 R1：幾何餘 0.0046㎡ 入抵費地（`K-9-5-7` 配餘·s∈[-0.3248,-0.0358]）——原為「非宗亦非池帶」之無主空間
[T2-DIAG] 街廓 R1｜宗數 5｜池帶 2 片｜池帶 s 寬 [35.4647  0.2890]｜池帶面積 [1175.4937  0.0046]｜Σ池 1175.4983｜覆蓋殘差 0.0000｜Σ 殘差 -0.0000｜宗-宗疊 0.0000（上界 0.6630）｜內部縫 0 帶／0.0000㎡｜退化帶 0 個｜s 域 [-0.3248,87.7155]
[Δ_i·R1·left·總量] 628-37(1)→628-35(2): W_far=6.4600／W_near=6.6200／W_start=6.4600／Δ=+0.0000／Δ_self=+0.9120／🔄方向改變
[Δ_i·R1·right·總量] 628(5)→628-34(3): W_far=7.0200／W_near=7.2300／W_start=7.0200／Δ=+0.0000／Δ_self=+1.1340／🔄方向改變　628-34(3)→628-36(1): W_far=9.6100／W_near=9.6100／W_start=9.6100／Δ=+0.0000／Δ_self=+0.0000
[Δ_i·R1·left·階段2] （無界面）
[Δ_i·R1·right·階段2] （無界面）
[Δ_i·R1·left·階段1] 628-37(1)→628-35(2): W_far=6.4600／W_near=6.6200／W_start=6.4600／Δ=+0.0000／Δ_self=+0.9120／🔄方向改變
[Δ_i·R1·right·階段1] 628(5)→628-34(3): W_far=7.0200／W_near=7.2300／W_start=7.0200／Δ=+0.0000／Δ_self=+1.1340／🔄方向改變　628-34(3)→628-36(1): W_far=9.6100／W_near=9.6100／W_start=9.6100／Δ=+0.0000／Δ_self=+0.0000
🟢 [配餘] 街廓 R2：幾何餘 152.3551㎡ 入抵費地（`K-9-5-7` 配餘·s∈[4.0554,10.8395]）——原為「非宗亦非池帶」之無主空間
[T2-DIAG] 街廓 R2｜宗數 12｜池帶 2 片｜池帶 s 寬 [37.8168  6.7842]｜池帶面積 [1682.7445  152.3551]｜Σ池 1835.0996｜覆蓋殘差 0.0000｜Σ 殘差 -0.0000｜宗-宗疊 0.0000（上界 2.4459）｜內部縫 0 帶／0.0000㎡｜退化帶 2 個（s 寬 2.67e-07, 4.23e-11）｜s 域 [0.2677,100.0274]
[Δ_i·R2·left·總量] 628-41(1)→628-40(1)+: W_far=4.0600／W_near=5.7400／W_start=4.0600／Δ=+0.0000／Δ_self=+10.2680／🔄方向改變　628-40(1)+→628-30(2): W_far=13.7800／W_near=13.7800／W_start=13.7800／Δ=+0.0000／Δ_self=+0.0000　628-30(2)→628-39(1): W_far=15.7200／W_near=15.7200／W_start=15.7200／Δ=+0.0000／Δ_self=+0.0000　628-39(1)→628-31(2): W_far=20.9300／W_near=20.9300／W_start=20.9300／Δ=+0.0000／Δ_self=+0.0000
[Δ_i·R2·left·階段2] （無界面）
[Δ_i·R2·left·階段1] 628-41(1)→628-40(1)+: W_far=4.0600／W_near=5.7400／W_start=4.0600／Δ=+0.0000／Δ_self=+10.2680／🔄方向改變　628-40(1)+→628-30(2): W_far=13.7800／W_near=13.7800／W_start=13.7800／Δ=+0.0000／Δ_self=+0.0000　628-30(2)→628-39(1): W_far=15.7200／W_near=15.7200／W_start=15.7200／Δ=+0.0000／Δ_self=+0.0000　628-39(1)→628-31(2): W_far=20.9300／W_near=20.9300／W_start=20.9300／Δ=+0.0000／Δ_self=+0.0000
[Δ_i·R2·right·階段1] （無界面）
🟢 [配餘] 街廓 R4：幾何餘 26.1116㎡ 入抵費地（`K-9-5-7` 配餘·s∈[1.5767,49.5299]）——原為「非宗亦非池帶」之無主空間
🟢 [配餘] 街廓 R4：幾何餘 26.0858㎡ 入抵費地（`K-9-5-7` 配餘·s∈[49.5299,97.2360]）——原為「非宗亦非池帶」之無主空間
[T2-DIAG] 街廓 R4｜宗數 1｜池帶 4 片｜池帶 s 寬 [4.3238  31.7158  47.9532  47.7061]｜池帶面積 [116.0800  1022.0462  26.1116  26.0858]｜Σ池 1190.3236｜覆蓋殘差 0.0000｜Σ 殘差 +0.0000｜宗-宗疊 0.0000（上界 0.0000）｜內部縫 0 帶／0.0000㎡｜退化帶 0 個｜s 域 [0.1759,98.7163]
[Δ_i·R4·left·總量] （無界面）
[Δ_i·R4·right·總量] （無界面）
[Δ_i·R4·left·階段2] （無界面）
[Δ_i·R4·right·階段2] （無界面）
🔴 首宗下限未達（補丁六 §二）：街廓 R4 right 側 首宗 KL W=0.00 < 退縮(0.00)＋畸零寬(3.50)=3.50——loud 記錄·禁靜默/禁 clamp（重烤後應 ≥ 下限）
[T2-DIAG] 街廓 R6｜宗數 8｜池帶 2 片｜池帶 s 寬 [3.6068  34.0520]｜池帶面積 [85.7064  1543.0063]｜Σ池 1628.7127｜覆蓋殘差 0.0000｜Σ 殘差 -0.0000｜宗-宗疊 0.0000（上界 1.5929）｜內部縫 0 帶／0.0000㎡｜退化帶 2 個（s 寬 1.18e-11, 1.01e-11）｜s 域 [-3.6068,85.8549]
[Δ_i·R6·right·總量] 628-18(1)→628-53(1): W_far=7.2000／W_near=7.2000／W_start=7.2000／Δ=+0.0000／Δ_self=+0.0000　628-53(1)→628-38(1): W_far=7.2000／W_near=7.2000／W_start=7.2000／Δ=+0.0000／Δ_self=+0.0000　628-38(1)→628-7(1): W_far=9.8900／W_near=9.8900／W_start=9.8900／Δ=+0.0000／Δ_self=+0.0000　628-7(1)→628-20(1): W_far=16.7700／W_near=16.7700／W_start=16.7700／Δ=+0.0000／Δ_self=+0.0000
[K-9-5-8] 街廓 R6 right 側：SIDE ∥ ALLOC **退化**（|cross|=0.0000000474／夾角=0.000003°　≤ 容差 1e-06）⇒ `K-9-5-4 ②` 套用後方向等值、無楔形；方向判準所得 []／街角第 1 宗 ['628-18(1)']——**合法組態·⛔ 非異常**（KL 裁 2026-08-08）
[Δ_i·R6·right·階段2] （無界面）
[Δ_i·R6·left·階段1] （無界面）
[Δ_i·R6·right·階段1] 628-18(1)→628-53(1): W_far=7.2000／W_near=7.2000／W_start=7.2000／Δ=+0.0000／Δ_self=+0.0000　628-53(1)→628-38(1): W_far=7.2000／W_near=7.2000／W_start=7.2000／Δ=+0.0000／Δ_self=+0.0000　628-38(1)→628-7(1): W_far=9.8900／W_near=9.8900／W_start=9.8900／Δ=+0.0000／Δ_self=+0.0000　628-7(1)→628-20(1): W_far=16.7700／W_near=16.7700／W_start=16.7700／Δ=+0.0000／Δ_self=+0.0000
[K-9-5-8] 街廓 R6 right 側：SIDE ∥ ALLOC **退化**（|cross|=0.0000000474／夾角=0.000003°　≤ 容差 1e-06）⇒ `K-9-5-4 ②` 套用後方向等值、無楔形；方向判準所得 []／街角第 1 宗 ['628-18(1)']——**合法組態·⛔ 非異常**（KL 裁 2026-08-08）
🟢 [配餘] 街廓 R5：幾何餘 145.1703㎡ 入抵費地（`K-9-5-7` 配餘·s∈[4.8498,11.4856]）——原為「非宗亦非池帶」之無主空間
[T2-DIAG] 街廓 R5｜宗數 7｜池帶 2 片｜池帶 s 寬 [35.7758  6.6358]｜池帶面積 [1621.8010  145.1703]｜Σ池 1766.9713｜覆蓋殘差 0.0000｜Σ 殘差 -0.0000｜宗-宗疊 0.0000（上界 1.3713）｜內部縫 0 帶／0.0000㎡｜退化帶 1 個（s 寬 6.31e-12）｜s 域 [0.2685,92.7995]
[Δ_i·R5·left·總量] 628-18(2)→628-7(2): W_far=4.8500／W_near=6.4900／W_start=4.8500／Δ=+0.0000／Δ_self=+9.7230／🔄方向改變　628-7(2)→628-45(1)+: W_far=13.4700／W_near=13.4700／W_start=13.4700／Δ=+0.0000／Δ_self=+0.0000　628-45(1)+→628-31(1): W_far=21.6700／W_near=21.6700／W_start=21.6700／Δ=+0.0000／Δ_self=+0.0000　628-31(1)→628-32(1): W_far=21.9100／W_near=21.9100／W_start=21.9100／Δ=+0.0000／Δ_self=+0.0000
[Δ_i·R5·left·階段2] （無界面）
[Δ_i·R5·left·階段1] 628-18(2)→628-7(2): W_far=4.8500／W_near=6.4900／W_start=4.8500／Δ=+0.0000／Δ_self=+9.7230／🔄方向改變　628-7(2)→628-45(1)+: W_far=13.4700／W_near=13.4700／W_start=13.4700／Δ=+0.0000／Δ_self=+0.0000　628-45(1)+→628-31(1): W_far=21.6700／W_near=21.6700／W_start=21.6700／Δ=+0.0000／Δ_self=+0.0000　628-31(1)→628-32(1): W_far=21.9100／W_near=21.9100／W_start=21.9100／Δ=+0.0000／Δ_self=+0.0000
[Δ_i·R5·right·階段1] （無界面）
[T2-DIAG] 街廓 R3｜宗數 10｜池帶 1 片｜池帶 s 寬 [40.5337]｜池帶面積 [1795.1328]｜Σ池 1795.1328｜覆蓋殘差 0.0001｜Σ 殘差 -0.0001｜宗-宗疊 0.0000（上界 1.9953）｜內部縫 0 帶／0.0000㎡｜退化帶 3 個（s 寬 5.57e-06, 1.70e-10, 4.24e-11）｜s 域 [-0.0000,96.8032]
[Δ_i·R3·right·總量] 628-30(3)+→628-42(2): W_far=14.1400／W_near=15.7800／W_start=14.1400／Δ=+0.0000／Δ_self=+5.4280／🔄方向改變　628-42(2)→628-27(2): W_far=16.1000／W_near=16.1000／W_start=16.1000／Δ=+0.0000／Δ_self=+0.0000　628-27(2)→628-29(1)+: W_far=16.6900／W_near=16.6900／W_start=16.6900／Δ=+0.0000／Δ_self=+0.0000　628-29(1)+→628-31(3): W_far=19.6200／W_near=19.6200／W_start=19.6200／Δ=+0.0000／Δ_self=+0.0000
[Δ_i·R3·right·階段2] （無界面）
[Δ_i·R3·left·階段1] （無界面）
[Δ_i·R3·right·階段1] 628-30(3)+→628-42(2): W_far=14.1400／W_near=15.7800／W_start=14.1400／Δ=+0.0000／Δ_self=+5.4280／🔄方向改變　628-42(2)→628-27(2): W_far=16.1000／W_near=16.1000／W_start=16.1000／Δ=+0.0000／Δ_self=+0.0000　628-27(2)→628-29(1)+: W_far=16.6900／W_near=16.6900／W_start=16.6900／Δ=+0.0000／Δ_self=+0.0000　628-29(1)+→628-31(3): W_far=19.6200／W_near=19.6200／W_start=19.6200／Δ=+0.0000／Δ_self=+0.0000
🟢 [配餘] 街廓 R1：幾何餘 5.3835㎡ 入抵費地（`K-9-5-7` 配餘·s∈[17.2402,17.5649]）——原為「非宗亦非池帶」之無主空間
🟢 [配餘] 街廓 R1：幾何餘 0.0046㎡ 入抵費地（`K-9-5-7` 配餘·s∈[-0.3248,-0.0358]）——原為「非宗亦非池帶」之無主空間
[T2-DIAG] 街廓 R1｜宗數 5｜池帶 3 片｜池帶 s 寬 [35.2871  0.3247  0.2890]｜池帶面積 [1169.7082  5.3835  0.0046]｜Σ池 1175.0963｜覆蓋殘差 0.0000｜Σ 殘差 -0.0000｜宗-宗疊 0.0000（上界 0.6630）｜內部縫 0 帶／0.0000㎡｜退化帶 0 個｜s 域 [-0.3248,87.7155]
[Δ_i·R1·left·總量] （無界面）
[Δ_i·R1·right·總量] 628(5)→628-34(3): W_far=7.0200／W_near=7.2300／W_start=7.0200／Δ=+0.0000／Δ_self=+1.1340／🔄方向改變　628-34(3)→628-37(1): W_far=9.6100／W_near=9.6100／W_start=9.6100／Δ=+0.0000／Δ_self=+0.0000　628-37(1)→628-35(2): W_far=16.1200／W_near=16.1200／W_start=16.1200／Δ=+0.0000／Δ_self=+0.0000
[Δ_i·R1·left·階段2] （無界面）
[Δ_i·R1·right·階段2] （無界面）
[Δ_i·R1·left·階段1] （無界面）
[Δ_i·R1·right·階段1] 628(5)→628-34(3): W_far=7.0200／W_near=7.2300／W_start=7.0200／Δ=+0.0000／Δ_self=+1.1340／🔄方向改變　628-34(3)→628-37(1): W_far=9.6100／W_near=9.6100／W_start=9.6100／Δ=+0.0000／Δ_self=+0.0000　628-37(1)→628-35(2): W_far=16.1200／W_near=16.1200／W_start=16.1200／Δ=+0.0000／Δ_self=+0.0000
[T2-DIAG] 街廓 R2｜宗數 14｜池帶 2 片｜池帶 s 寬 [8.4283  32.9691]｜池帶面積 [308.1700  1466.2584]｜Σ池 1774.4284｜覆蓋殘差 0.0000｜Σ 殘差 -0.0000｜宗-宗疊 0.0000（上界 2.8906）｜內部縫 0 帶／0.0000㎡｜退化帶 4 個（s 寬 5.98e-12, 4.27e-10, 4.09e-11, 4.23e-11）｜s 域 [0.2677,100.0274]
[Δ_i·R2·left·總量] 628-42(1)→628-41(1): W_far=7.0900／W_near=7.0900／W_start=7.0900／Δ=+0.0000／Δ_self=+0.0000　628-41(1)→628-27(1): W_far=11.1600／W_near=11.1600／W_start=11.1600／Δ=+0.0000／Δ_self=+0.0000　628-27(1)→628-40(1)+: W_far=11.8200／W_near=11.8200／W_start=11.8200／Δ=+0.0000／Δ_self=+0.0000　628-40(1)+→628-30(2): W_far=18.4800／W_near=18.4800／W_start=18.4800／Δ=+0.0000／Δ_self=+0.0000　628-30(2)→628-39(1): W_far=20.4900／W_near=20.4900／W_start=20.4900／Δ=+0.0000／Δ_self=+0.0000　628-39(1)→628-31(2): W_far=25.7600／W_near=25.7600／W_start=25.7600／Δ=+0.0000／Δ_self=+0.0000
[Δ_i·R2·left·階段2] （無界面）
[Δ_i·R2·left·階段1] 628-42(1)→628-41(1): W_far=7.0900／W_near=7.0900／W_start=7.0900／Δ=+0.0000／Δ_self=+0.0000　628-41(1)→628-27(1): W_far=11.1600／W_near=11.1600／W_start=11.1600／Δ=+0.0000／Δ_self=+0.0000　628-27(1)→628-40(1)+: W_far=11.8200／W_near=11.8200／W_start=11.8200／Δ=+0.0000／Δ_self=+0.0000　628-40(1)+→628-30(2): W_far=18.4800／W_near=18.4800／W_start=18.4800／Δ=+0.0000／Δ_self=+0.0000　628-30(2)→628-39(1): W_far=20.4900／W_near=20.4900／W_start=20.4900／Δ=+0.0000／Δ_self=+0.0000　628-39(1)→628-31(2): W_far=25.7600／W_near=25.7600／W_start=25.7600／Δ=+0.0000／Δ_self=+0.0000
[Δ_i·R2·right·階段1] （無界面）
🟢 [配餘] 街廓 R4：幾何餘 26.1102㎡ 入抵費地（`K-9-5-7` 配餘·s∈[7.8186,9.3951]）——原為「非宗亦非池帶」之無主空間
🟢 [配餘] 街廓 R4：幾何餘 26.0843㎡ 入抵費地（`K-9-5-7` 配餘·s∈[68.9201,70.4959]）——原為「非宗亦非池帶」之無主空間
[T2-DIAG] 街廓 R4｜宗數 1｜池帶 4 片｜池帶 s 寬 [7.6427  28.2204  1.5766  1.5758]｜池帶面積 [226.0100  906.3247  26.1102  26.0843]｜Σ池 1184.5292｜覆蓋殘差 0.0000｜Σ 殘差 +0.0000｜宗-宗疊 0.0000（上界 0.0000）｜內部縫 0 帶／0.0000㎡｜退化帶 0 個｜s 域 [0.1759,98.7163]
[Δ_i·R4·left·總量] （無界面）
[Δ_i·R4·right·總量] （無界面）
[Δ_i·R4·left·階段2] （無界面）
[Δ_i·R4·right·階段2] （無界面）
🔴 首宗下限未達（補丁六 §二）：街廓 R4 right 側 首宗 KL W=0.00 < 退縮(3.50)＋畸零寬(3.50)=7.00——loud 記錄·禁靜默/禁 clamp（重烤後應 ≥ 下限）
[T2-DIAG] 街廓 R6｜宗數 8｜池帶 2 片｜池帶 s 寬 [3.6068  34.0520]｜池帶面積 [85.7064  1543.0063]｜Σ池 1628.7127｜覆蓋殘差 0.0000｜Σ 殘差 -0.0000｜宗-宗疊 0.0000（上界 1.5929）｜內部縫 0 帶／0.0000㎡｜退化帶 2 個（s 寬 1.18e-11, 1.01e-11）｜s 域 [-3.6068,85.8549]
[Δ_i·R6·right·總量] 628-18(1)→628-53(1): W_far=7.2000／W_near=7.2000／W_start=7.2000／Δ=+0.0000／Δ_self=+0.0000　628-53(1)→628-38(1): W_far=7.2000／W_near=7.2000／W_start=7.2000／Δ=+0.0000／Δ_self=+0.0000　628-38(1)→628-7(1): W_far=9.8900／W_near=9.8900／W_start=9.8900／Δ=+0.0000／Δ_self=+0.0000　628-7(1)→628-20(1): W_far=16.7700／W_near=16.7700／W_start=16.7700／Δ=+0.0000／Δ_self=+0.0000
[K-9-5-8] 街廓 R6 right 側：SIDE ∥ ALLOC **退化**（|cross|=0.0000000474／夾角=0.000003°　≤ 容差 1e-06）⇒ `K-9-5-4 ②` 套用後方向等值、無楔形；方向判準所得 []／街角第 1 宗 ['628-18(1)']——**合法組態·⛔ 非異常**（KL 裁 2026-08-08）
[Δ_i·R6·right·階段2] （無界面）
[Δ_i·R6·left·階段1] （無界面）
[Δ_i·R6·right·階段1] 628-18(1)→628-53(1): W_far=7.2000／W_near=7.2000／W_start=7.2000／Δ=+0.0000／Δ_self=+0.0000　628-53(1)→628-38(1): W_far=7.2000／W_near=7.2000／W_start=7.2000／Δ=+0.0000／Δ_self=+0.0000　628-38(1)→628-7(1): W_far=9.8900／W_near=9.8900／W_start=9.8900／Δ=+0.0000／Δ_self=+0.0000　628-7(1)→628-20(1): W_far=16.7700／W_near=16.7700／W_start=16.7700／Δ=+0.0000／Δ_self=+0.0000
[K-9-5-8] 街廓 R6 right 側：SIDE ∥ ALLOC **退化**（|cross|=0.0000000474／夾角=0.000003°　≤ 容差 1e-06）⇒ `K-9-5-4 ②` 套用後方向等值、無楔形；方向判準所得 []／街角第 1 宗 ['628-18(1)']——**合法組態·⛔ 非異常**（KL 裁 2026-08-08）
🟢 [配餘] 街廓 R5：幾何餘 146.1806㎡ 入抵費地（`K-9-5-7` 配餘·s∈[8.0592,14.7180]）——原為「非宗亦非池帶」之無主空間
[T2-DIAG] 街廓 R5｜宗數 7｜池帶 2 片｜池帶 s 寬 [35.7531  6.6588]｜池帶面積 [1620.7892  146.1806]｜Σ池 1766.9699｜覆蓋殘差 0.0000｜Σ 殘差 -0.0000｜宗-宗疊 0.0000（上界 1.3713）｜內部縫 0 帶／0.0000㎡｜退化帶 0 個｜s 域 [0.2685,92.7995]
[Δ_i·R5·left·總量] 628-45(1)+→628-18(2): W_far=8.0600／W_near=9.6900／W_start=8.0600／Δ=+0.0000／Δ_self=+8.2000／🔄方向改變　628-18(2)→628-7(2): W_far=16.0200／W_near=16.0200／W_start=16.0200／Δ=+0.0000／Δ_self=+0.0000　628-7(2)→628-31(1): W_far=21.6900／W_near=21.6900／W_start=21.6900／Δ=+0.0000／Δ_self=+0.0000　628-31(1)→628-32(1): W_far=21.9300／W_near=21.9300／W_start=21.9300／Δ=+0.0000／Δ_self=+0.0000
[Δ_i·R5·left·階段2] （無界面）
[Δ_i·R5·left·階段1] 628-45(1)+→628-18(2): W_far=8.0600／W_near=9.6900／W_start=8.0600／Δ=+0.0000／Δ_self=+8.2000／🔄方向改變　628-18(2)→628-7(2): W_far=16.0200／W_near=16.0200／W_start=16.0200／Δ=+0.0000／Δ_self=+0.0000　628-7(2)→628-31(1): W_far=21.6900／W_near=21.6900／W_start=21.6900／Δ=+0.0000／Δ_self=+0.0000　628-31(1)→628-32(1): W_far=21.9300／W_near=21.9300／W_start=21.9300／Δ=+0.0000／Δ_self=+0.0000
[Δ_i·R5·right·階段1] （無界面）
[T2-DIAG] 街廓 R3｜宗數 10｜池帶 1 片｜池帶 s 寬 [40.5337]｜池帶面積 [1795.1328]｜Σ池 1795.1328｜覆蓋殘差 0.0001｜Σ 殘差 -0.0001｜宗-宗疊 0.0000（上界 1.9953）｜內部縫 0 帶／0.0000㎡｜退化帶 3 個（s 寬 5.57e-06, 1.70e-10, 4.24e-11）｜s 域 [-0.0000,96.8032]
[Δ_i·R3·right·總量] 628-30(3)+→628-42(2): W_far=14.1400／W_near=15.7800／W_start=14.1400／Δ=+0.0000／Δ_self=+5.4280／🔄方向改變　628-42(2)→628-27(2): W_far=16.1000／W_near=16.1000／W_start=16.1000／Δ=+0.0000／Δ_self=+0.0000　628-27(2)→628-29(1)+: W_far=16.6900／W_near=16.6900／W_start=16.6900／Δ=+0.0000／Δ_self=+0.0000　628-29(1)+→628-31(3): W_far=19.6200／W_near=19.6200／W_start=19.6200／Δ=+0.0000／Δ_self=+0.0000
[Δ_i·R3·right·階段2] （無界面）
[Δ_i·R3·left·階段1] （無界面）
[Δ_i·R3·right·階段1] 628-30(3)+→628-42(2): W_far=14.1400／W_near=15.7800／W_start=14.1400／Δ=+0.0000／Δ_self=+5.4280／🔄方向改變　628-42(2)→628-27(2): W_far=16.1000／W_near=16.1000／W_start=16.1000／Δ=+0.0000／Δ_self=+0.0000　628-27(2)→628-29(1)+: W_far=16.6900／W_near=16.6900／W_start=16.6900／Δ=+0.0000／Δ_self=+0.0000　628-29(1)+→628-31(3): W_far=19.6200／W_near=19.6200／W_start=19.6200／Δ=+0.0000／Δ_self=+0.0000
… W-D.4 四梯分級清單（Gxxx 群組·31 旗標消費·遞補錨·fixture·v3 半實算）
🟢 [配餘] 街廓 R1：幾何餘 0.0046㎡ 入抵費地（`K-9-5-7` 配餘·s∈[-0.3248,-0.0358]）——原為「非宗亦非池帶」之無主空間
[T2-DIAG] 街廓 R1｜宗數 5｜池帶 2 片｜池帶 s 寬 [35.4647  0.2890]｜池帶面積 [1175.4937  0.0046]｜Σ池 1175.4983｜覆蓋殘差 0.0000｜Σ 殘差 -0.0000｜宗-宗疊 0.0000（上界 0.6630）｜內部縫 0 帶／0.0000㎡｜退化帶 0 個｜s 域 [-0.3248,87.7155]
[Δ_i·R1·left·總量] 628-37(1)→628-35(2): W_far=6.4600／W_near=6.6200／W_start=6.4600／Δ=+0.0000／Δ_self=+0.9120／🔄方向改變
[Δ_i·R1·right·總量] 628(5)→628-34(3): W_far=7.0200／W_near=7.2300／W_start=7.0200／Δ=+0.0000／Δ_self=+1.1340／🔄方向改變　628-34(3)→628-36(1): W_far=9.6100／W_near=9.6100／W_start=9.6100／Δ=+0.0000／Δ_self=+0.0000
[Δ_i·R1·left·階段2] （無界面）
[Δ_i·R1·right·階段2] （無界面）
[Δ_i·R1·left·階段1] 628-37(1)→628-35(2): W_far=6.4600／W_near=6.6200／W_start=6.4600／Δ=+0.0000／Δ_self=+0.9120／🔄方向改變
[Δ_i·R1·right·階段1] 628(5)→628-34(3): W_far=7.0200／W_near=7.2300／W_start=7.0200／Δ=+0.0000／Δ_self=+1.1340／🔄方向改變　628-34(3)→628-36(1): W_far=9.6100／W_near=9.6100／W_start=9.6100／Δ=+0.0000／Δ_self=+0.0000
🟢 [配餘] 街廓 R2：幾何餘 152.3551㎡ 入抵費地（`K-9-5-7` 配餘·s∈[4.0554,10.8395]）——原為「非宗亦非池帶」之無主空間
[T2-DIAG] 街廓 R2｜宗數 12｜池帶 2 片｜池帶 s 寬 [37.8168  6.7842]｜池帶面積 [1682.7445  152.3551]｜Σ池 1835.0996｜覆蓋殘差 0.0000｜Σ 殘差 -0.0000｜宗-宗疊 0.0000（上界 2.4459）｜內部縫 0 帶／0.0000㎡｜退化帶 2 個（s 寬 2.67e-07, 4.23e-11）｜s 域 [0.2677,100.0274]
[Δ_i·R2·left·總量] 628-41(1)→628-40(1)+: W_far=4.0600／W_near=5.7400／W_start=4.0600／Δ=+0.0000／Δ_self=+10.2680／🔄方向改變　628-40(1)+→628-30(2): W_far=13.7800／W_near=13.7800／W_start=13.7800／Δ=+0.0000／Δ_self=+0.0000　628-30(2)→628-39(1): W_far=15.7200／W_near=15.7200／W_start=15.7200／Δ=+0.0000／Δ_self=+0.0000　628-39(1)→628-31(2): W_far=20.9300／W_near=20.9300／W_start=20.9300／Δ=+0.0000／Δ_self=+0.0000
[Δ_i·R2·left·階段2] （無界面）
[Δ_i·R2·left·階段1] 628-41(1)→628-40(1)+: W_far=4.0600／W_near=5.7400／W_start=4.0600／Δ=+0.0000／Δ_self=+10.2680／🔄方向改變　628-40(1)+→628-30(2): W_far=13.7800／W_near=13.7800／W_start=13.7800／Δ=+0.0000／Δ_self=+0.0000　628-30(2)→628-39(1): W_far=15.7200／W_near=15.7200／W_start=15.7200／Δ=+0.0000／Δ_self=+0.0000　628-39(1)→628-31(2): W_far=20.9300／W_near=20.9300／W_start=20.9300／Δ=+0.0000／Δ_self=+0.0000
[Δ_i·R2·right·階段1] （無界面）
🟢 [配餘] 街廓 R4：幾何餘 26.1116㎡ 入抵費地（`K-9-5-7` 配餘·s∈[1.5767,49.5299]）——原為「非宗亦非池帶」之無主空間
🟢 [配餘] 街廓 R4：幾何餘 26.0858㎡ 入抵費地（`K-9-5-7` 配餘·s∈[49.5299,97.2360]）——原為「非宗亦非池帶」之無主空間
[T2-DIAG] 街廓 R4｜宗數 1｜池帶 4 片｜池帶 s 寬 [4.3238  31.7158  47.9532  47.7061]｜池帶面積 [116.0800  1022.0462  26.1116  26.0858]｜Σ池 1190.3236｜覆蓋殘差 0.0000｜Σ 殘差 +0.0000｜宗-宗疊 0.0000（上界 0.0000）｜內部縫 0 帶／0.0000㎡｜退化帶 0 個｜s 域 [0.1759,98.7163]
[Δ_i·R4·left·總量] （無界面）
[Δ_i·R4·right·總量] （無界面）
[Δ_i·R4·left·階段2] （無界面）
[Δ_i·R4·right·階段2] （無界面）
🔴 首宗下限未達（補丁六 §二）：街廓 R4 right 側 首宗 KL W=0.00 < 退縮(0.00)＋畸零寬(3.50)=3.50——loud 記錄·禁靜默/禁 clamp（重烤後應 ≥ 下限）
[T2-DIAG] 街廓 R6｜宗數 8｜池帶 2 片｜池帶 s 寬 [3.6068  34.0520]｜池帶面積 [85.7064  1543.0063]｜Σ池 1628.7127｜覆蓋殘差 0.0000｜Σ 殘差 -0.0000｜宗-宗疊 0.0000（上界 1.5929）｜內部縫 0 帶／0.0000㎡｜退化帶 2 個（s 寬 1.18e-11, 1.01e-11）｜s 域 [-3.6068,85.8549]
[Δ_i·R6·right·總量] 628-18(1)→628-53(1): W_far=7.2000／W_near=7.2000／W_start=7.2000／Δ=+0.0000／Δ_self=+0.0000　628-53(1)→628-38(1): W_far=7.2000／W_near=7.2000／W_start=7.2000／Δ=+0.0000／Δ_self=+0.0000　628-38(1)→628-7(1): W_far=9.8900／W_near=9.8900／W_start=9.8900／Δ=+0.0000／Δ_self=+0.0000　628-7(1)→628-20(1): W_far=16.7700／W_near=16.7700／W_start=16.7700／Δ=+0.0000／Δ_self=+0.0000
[K-9-5-8] 街廓 R6 right 側：SIDE ∥ ALLOC **退化**（|cross|=0.0000000474／夾角=0.000003°　≤ 容差 1e-06）⇒ `K-9-5-4 ②` 套用後方向等值、無楔形；方向判準所得 []／街角第 1 宗 ['628-18(1)']——**合法組態·⛔ 非異常**（KL 裁 2026-08-08）
[Δ_i·R6·right·階段2] （無界面）
[Δ_i·R6·left·階段1] （無界面）
[Δ_i·R6·right·階段1] 628-18(1)→628-53(1): W_far=7.2000／W_near=7.2000／W_start=7.2000／Δ=+0.0000／Δ_self=+0.0000　628-53(1)→628-38(1): W_far=7.2000／W_near=7.2000／W_start=7.2000／Δ=+0.0000／Δ_self=+0.0000　628-38(1)→628-7(1): W_far=9.8900／W_near=9.8900／W_start=9.8900／Δ=+0.0000／Δ_self=+0.0000　628-7(1)→628-20(1): W_far=16.7700／W_near=16.7700／W_start=16.7700／Δ=+0.0000／Δ_self=+0.0000
[K-9-5-8] 街廓 R6 right 側：SIDE ∥ ALLOC **退化**（|cross|=0.0000000474／夾角=0.000003°　≤ 容差 1e-06）⇒ `K-9-5-4 ②` 套用後方向等值、無楔形；方向判準所得 []／街角第 1 宗 ['628-18(1)']——**合法組態·⛔ 非異常**（KL 裁 2026-08-08）
🟢 [配餘] 街廓 R5：幾何餘 145.1703㎡ 入抵費地（`K-9-5-7` 配餘·s∈[4.8498,11.4856]）——原為「非宗亦非池帶」之無主空間
[T2-DIAG] 街廓 R5｜宗數 7｜池帶 2 片｜池帶 s 寬 [35.7758  6.6358]｜池帶面積 [1621.8010  145.1703]｜Σ池 1766.9713｜覆蓋殘差 0.0000｜Σ 殘差 -0.0000｜宗-宗疊 0.0000（上界 1.3713）｜內部縫 0 帶／0.0000㎡｜退化帶 1 個（s 寬 6.31e-12）｜s 域 [0.2685,92.7995]
[Δ_i·R5·left·總量] 628-18(2)→628-7(2): W_far=4.8500／W_near=6.4900／W_start=4.8500／Δ=+0.0000／Δ_self=+9.7230／🔄方向改變　628-7(2)→628-45(1)+: W_far=13.4700／W_near=13.4700／W_start=13.4700／Δ=+0.0000／Δ_self=+0.0000　628-45(1)+→628-31(1): W_far=21.6700／W_near=21.6700／W_start=21.6700／Δ=+0.0000／Δ_self=+0.0000　628-31(1)→628-32(1): W_far=21.9100／W_near=21.9100／W_start=21.9100／Δ=+0.0000／Δ_self=+0.0000
[Δ_i·R5·left·階段2] （無界面）
[Δ_i·R5·left·階段1] 628-18(2)→628-7(2): W_far=4.8500／W_near=6.4900／W_start=4.8500／Δ=+0.0000／Δ_self=+9.7230／🔄方向改變　628-7(2)→628-45(1)+: W_far=13.4700／W_near=13.4700／W_start=13.4700／Δ=+0.0000／Δ_self=+0.0000　628-45(1)+→628-31(1): W_far=21.6700／W_near=21.6700／W_start=21.6700／Δ=+0.0000／Δ_self=+0.0000　628-31(1)→628-32(1): W_far=21.9100／W_near=21.9100／W_start=21.9100／Δ=+0.0000／Δ_self=+0.0000
[Δ_i·R5·right·階段1] （無界面）
[T2-DIAG] 街廓 R3｜宗數 10｜池帶 1 片｜池帶 s 寬 [40.5337]｜池帶面積 [1795.1328]｜Σ池 1795.1328｜覆蓋殘差 0.0001｜Σ 殘差 -0.0001｜宗-宗疊 0.0000（上界 1.9953）｜內部縫 0 帶／0.0000㎡｜退化帶 3 個（s 寬 5.57e-06, 1.70e-10, 4.24e-11）｜s 域 [-0.0000,96.8032]
[Δ_i·R3·right·總量] 628-30(3)+→628-42(2): W_far=14.1400／W_near=15.7800／W_start=14.1400／Δ=+0.0000／Δ_self=+5.4280／🔄方向改變　628-42(2)→628-27(2): W_far=16.1000／W_near=16.1000／W_start=16.1000／Δ=+0.0000／Δ_self=+0.0000　628-27(2)→628-29(1)+: W_far=16.6900／W_near=16.6900／W_start=16.6900／Δ=+0.0000／Δ_self=+0.0000　628-29(1)+→628-31(3): W_far=19.6200／W_near=19.6200／W_start=19.6200／Δ=+0.0000／Δ_self=+0.0000
[Δ_i·R3·right·階段2] （無界面）
[Δ_i·R3·left·階段1] （無界面）
[Δ_i·R3·right·階段1] 628-30(3)+→628-42(2): W_far=14.1400／W_near=15.7800／W_start=14.1400／Δ=+0.0000／Δ_self=+5.4280／🔄方向改變　628-42(2)→628-27(2): W_far=16.1000／W_near=16.1000／W_start=16.1000／Δ=+0.0000／Δ_self=+0.0000　628-27(2)→628-29(1)+: W_far=16.6900／W_near=16.6900／W_start=16.6900／Δ=+0.0000／Δ_self=+0.0000　628-29(1)+→628-31(3): W_far=19.6200／W_near=19.6200／W_start=19.6200／Δ=+0.0000／Δ_self=+0.0000
🟢 [配餘] 街廓 R1：幾何餘 5.3835㎡ 入抵費地（`K-9-5-7` 配餘·s∈[17.2402,17.5649]）——原為「非宗亦非池帶」之無主空間
🟢 [配餘] 街廓 R1：幾何餘 0.0046㎡ 入抵費地（`K-9-5-7` 配餘·s∈[-0.3248,-0.0358]）——原為「非宗亦非池帶」之無主空間
[T2-DIAG] 街廓 R1｜宗數 5｜池帶 3 片｜池帶 s 寬 [35.2871  0.3247  0.2890]｜池帶面積 [1169.7082  5.3835  0.0046]｜Σ池 1175.0963｜覆蓋殘差 0.0000｜Σ 殘差 -0.0000｜宗-宗疊 0.0000（上界 0.6630）｜內部縫 0 帶／0.0000㎡｜退化帶 0 個｜s 域 [-0.3248,87.7155]
[Δ_i·R1·left·總量] （無界面）
[Δ_i·R1·right·總量] 628(5)→628-34(3): W_far=7.0200／W_near=7.2300／W_start=7.0200／Δ=+0.0000／Δ_self=+1.1340／🔄方向改變　628-34(3)→628-37(1): W_far=9.6100／W_near=9.6100／W_start=9.6100／Δ=+0.0000／Δ_self=+0.0000　628-37(1)→628-35(2): W_far=16.1200／W_near=16.1200／W_start=16.1200／Δ=+0.0000／Δ_self=+0.0000
[Δ_i·R1·left·階段2] （無界面）
[Δ_i·R1·right·階段2] （無界面）
[Δ_i·R1·left·階段1] （無界面）
[Δ_i·R1·right·階段1] 628(5)→628-34(3): W_far=7.0200／W_near=7.2300／W_start=7.0200／Δ=+0.0000／Δ_self=+1.1340／🔄方向改變　628-34(3)→628-37(1): W_far=9.6100／W_near=9.6100／W_start=9.6100／Δ=+0.0000／Δ_self=+0.0000　628-37(1)→628-35(2): W_far=16.1200／W_near=16.1200／W_start=16.1200／Δ=+0.0000／Δ_self=+0.0000
[T2-DIAG] 街廓 R2｜宗數 14｜池帶 2 片｜池帶 s 寬 [8.4283  32.9691]｜池帶面積 [308.1700  1466.2584]｜Σ池 1774.4284｜覆蓋殘差 0.0000｜Σ 殘差 -0.0000｜宗-宗疊 0.0000（上界 2.8906）｜內部縫 0 帶／0.0000㎡｜退化帶 4 個（s 寬 5.98e-12, 4.27e-10, 4.09e-11, 4.23e-11）｜s 域 [0.2677,100.0274]
[Δ_i·R2·left·總量] 628-42(1)→628-41(1): W_far=7.0900／W_near=7.0900／W_start=7.0900／Δ=+0.0000／Δ_self=+0.0000　628-41(1)→628-27(1): W_far=11.1600／W_near=11.1600／W_start=11.1600／Δ=+0.0000／Δ_self=+0.0000　628-27(1)→628-40(1)+: W_far=11.8200／W_near=11.8200／W_start=11.8200／Δ=+0.0000／Δ_self=+0.0000　628-40(1)+→628-30(2): W_far=18.4800／W_near=18.4800／W_start=18.4800／Δ=+0.0000／Δ_self=+0.0000　628-30(2)→628-39(1): W_far=20.4900／W_near=20.4900／W_start=20.4900／Δ=+0.0000／Δ_self=+0.0000　628-39(1)→628-31(2): W_far=25.7600／W_near=25.7600／W_start=25.7600／Δ=+0.0000／Δ_self=+0.0000
[Δ_i·R2·left·階段2] （無界面）
[Δ_i·R2·left·階段1] 628-42(1)→628-41(1): W_far=7.0900／W_near=7.0900／W_start=7.0900／Δ=+0.0000／Δ_self=+0.0000　628-41(1)→628-27(1): W_far=11.1600／W_near=11.1600／W_start=11.1600／Δ=+0.0000／Δ_self=+0.0000　628-27(1)→628-40(1)+: W_far=11.8200／W_near=11.8200／W_start=11.8200／Δ=+0.0000／Δ_self=+0.0000　628-40(1)+→628-30(2): W_far=18.4800／W_near=18.4800／W_start=18.4800／Δ=+0.0000／Δ_self=+0.0000　628-30(2)→628-39(1): W_far=20.4900／W_near=20.4900／W_start=20.4900／Δ=+0.0000／Δ_self=+0.0000　628-39(1)→628-31(2): W_far=25.7600／W_near=25.7600／W_start=25.7600／Δ=+0.0000／Δ_self=+0.0000
[Δ_i·R2·right·階段1] （無界面）
🟢 [配餘] 街廓 R4：幾何餘 26.1102㎡ 入抵費地（`K-9-5-7` 配餘·s∈[7.8186,9.3951]）——原為「非宗亦非池帶」之無主空間
🟢 [配餘] 街廓 R4：幾何餘 26.0843㎡ 入抵費地（`K-9-5-7` 配餘·s∈[68.9201,70.4959]）——原為「非宗亦非池帶」之無主空間
[T2-DIAG] 街廓 R4｜宗數 1｜池帶 4 片｜池帶 s 寬 [7.6427  28.2204  1.5766  1.5758]｜池帶面積 [226.0100  906.3247  26.1102  26.0843]｜Σ池 1184.5292｜覆蓋殘差 0.0000｜Σ 殘差 +0.0000｜宗-宗疊 0.0000（上界 0.0000）｜內部縫 0 帶／0.0000㎡｜退化帶 0 個｜s 域 [0.1759,98.7163]
[Δ_i·R4·left·總量] （無界面）
[Δ_i·R4·right·總量] （無界面）
[Δ_i·R4·left·階段2] （無界面）
[Δ_i·R4·right·階段2] （無界面）
🔴 首宗下限未達（補丁六 §二）：街廓 R4 right 側 首宗 KL W=0.00 < 退縮(3.50)＋畸零寬(3.50)=7.00——loud 記錄·禁靜默/禁 clamp（重烤後應 ≥ 下限）
[T2-DIAG] 街廓 R6｜宗數 8｜池帶 2 片｜池帶 s 寬 [3.6068  34.0520]｜池帶面積 [85.7064  1543.0063]｜Σ池 1628.7127｜覆蓋殘差 0.0000｜Σ 殘差 -0.0000｜宗-宗疊 0.0000（上界 1.5929）｜內部縫 0 帶／0.0000㎡｜退化帶 2 個（s 寬 1.18e-11, 1.01e-11）｜s 域 [-3.6068,85.8549]
[Δ_i·R6·right·總量] 628-18(1)→628-53(1): W_far=7.2000／W_near=7.2000／W_start=7.2000／Δ=+0.0000／Δ_self=+0.0000　628-53(1)→628-38(1): W_far=7.2000／W_near=7.2000／W_start=7.2000／Δ=+0.0000／Δ_self=+0.0000　628-38(1)→628-7(1): W_far=9.8900／W_near=9.8900／W_start=9.8900／Δ=+0.0000／Δ_self=+0.0000　628-7(1)→628-20(1): W_far=16.7700／W_near=16.7700／W_start=16.7700／Δ=+0.0000／Δ_self=+0.0000
[K-9-5-8] 街廓 R6 right 側：SIDE ∥ ALLOC **退化**（|cross|=0.0000000474／夾角=0.000003°　≤ 容差 1e-06）⇒ `K-9-5-4 ②` 套用後方向等值、無楔形；方向判準所得 []／街角第 1 宗 ['628-18(1)']——**合法組態·⛔ 非異常**（KL 裁 2026-08-08）
[Δ_i·R6·right·階段2] （無界面）
[Δ_i·R6·left·階段1] （無界面）
[Δ_i·R6·right·階段1] 628-18(1)→628-53(1): W_far=7.2000／W_near=7.2000／W_start=7.2000／Δ=+0.0000／Δ_self=+0.0000　628-53(1)→628-38(1): W_far=7.2000／W_near=7.2000／W_start=7.2000／Δ=+0.0000／Δ_self=+0.0000　628-38(1)→628-7(1): W_far=9.8900／W_near=9.8900／W_start=9.8900／Δ=+0.0000／Δ_self=+0.0000　628-7(1)→628-20(1): W_far=16.7700／W_near=16.7700／W_start=16.7700／Δ=+0.0000／Δ_self=+0.0000
[K-9-5-8] 街廓 R6 right 側：SIDE ∥ ALLOC **退化**（|cross|=0.0000000474／夾角=0.000003°　≤ 容差 1e-06）⇒ `K-9-5-4 ②` 套用後方向等值、無楔形；方向判準所得 []／街角第 1 宗 ['628-18(1)']——**合法組態·⛔ 非異常**（KL 裁 2026-08-08）
🟢 [配餘] 街廓 R5：幾何餘 146.1806㎡ 入抵費地（`K-9-5-7` 配餘·s∈[8.0592,14.7180]）——原為「非宗亦非池帶」之無主空間
[T2-DIAG] 街廓 R5｜宗數 7｜池帶 2 片｜池帶 s 寬 [35.7531  6.6588]｜池帶面積 [1620.7892  146.1806]｜Σ池 1766.9699｜覆蓋殘差 0.0000｜Σ 殘差 -0.0000｜宗-宗疊 0.0000（上界 1.3713）｜內部縫 0 帶／0.0000㎡｜退化帶 0 個｜s 域 [0.2685,92.7995]
[Δ_i·R5·left·總量] 628-45(1)+→628-18(2): W_far=8.0600／W_near=9.6900／W_start=8.0600／Δ=+0.0000／Δ_self=+8.2000／🔄方向改變　628-18(2)→628-7(2): W_far=16.0200／W_near=16.0200／W_start=16.0200／Δ=+0.0000／Δ_self=+0.0000　628-7(2)→628-31(1): W_far=21.6900／W_near=21.6900／W_start=21.6900／Δ=+0.0000／Δ_self=+0.0000　628-31(1)→628-32(1): W_far=21.9300／W_near=21.9300／W_start=21.9300／Δ=+0.0000／Δ_self=+0.0000
[Δ_i·R5·left·階段2] （無界面）
[Δ_i·R5·left·階段1] 628-45(1)+→628-18(2): W_far=8.0600／W_near=9.6900／W_start=8.0600／Δ=+0.0000／Δ_self=+8.2000／🔄方向改變　628-18(2)→628-7(2): W_far=16.0200／W_near=16.0200／W_start=16.0200／Δ=+0.0000／Δ_self=+0.0000　628-7(2)→628-31(1): W_far=21.6900／W_near=21.6900／W_start=21.6900／Δ=+0.0000／Δ_self=+0.0000　628-31(1)→628-32(1): W_far=21.9300／W_near=21.9300／W_start=21.9300／Δ=+0.0000／Δ_self=+0.0000
[Δ_i·R5·right·階段1] （無界面）
[T2-DIAG] 街廓 R3｜宗數 10｜池帶 1 片｜池帶 s 寬 [40.5337]｜池帶面積 [1795.1328]｜Σ池 1795.1328｜覆蓋殘差 0.0001｜Σ 殘差 -0.0001｜宗-宗疊 0.0000（上界 1.9953）｜內部縫 0 帶／0.0000㎡｜退化帶 3 個（s 寬 5.57e-06, 1.70e-10, 4.24e-11）｜s 域 [-0.0000,96.8032]
[Δ_i·R3·right·總量] 628-30(3)+→628-42(2): W_far=14.1400／W_near=15.7800／W_start=14.1400／Δ=+0.0000／Δ_self=+5.4280／🔄方向改變　628-42(2)→628-27(2): W_far=16.1000／W_near=16.1000／W_start=16.1000／Δ=+0.0000／Δ_self=+0.0000　628-27(2)→628-29(1)+: W_far=16.6900／W_near=16.6900／W_start=16.6900／Δ=+0.0000／Δ_self=+0.0000　628-29(1)+→628-31(3): W_far=19.6200／W_near=19.6200／W_start=19.6200／Δ=+0.0000／Δ_self=+0.0000
[Δ_i·R3·right·階段2] （無界面）
[Δ_i·R3·left·階段1] （無界面）
[Δ_i·R3·right·階段1] 628-30(3)+→628-42(2): W_far=14.1400／W_near=15.7800／W_start=14.1400／Δ=+0.0000／Δ_self=+5.4280／🔄方向改變　628-42(2)→628-27(2): W_far=16.1000／W_near=16.1000／W_start=16.1000／Δ=+0.0000／Δ_self=+0.0000　628-27(2)→628-29(1)+: W_far=16.6900／W_near=16.6900／W_start=16.6900／Δ=+0.0000／Δ_self=+0.0000　628-29(1)+→628-31(3): W_far=19.6200／W_near=19.6200／W_start=19.6200／Δ=+0.0000／Δ_self=+0.0000
🟢 [配餘] 街廓 R1：幾何餘 0.0046㎡ 入抵費地（`K-9-5-7` 配餘·s∈[-0.3248,-0.0358]）——原為「非宗亦非池帶」之無主空間
[T2-DIAG] 街廓 R1｜宗數 5｜池帶 2 片｜池帶 s 寬 [35.4647  0.2890]｜池帶面積 [1175.4937  0.0046]｜Σ池 1175.4983｜覆蓋殘差 0.0000｜Σ 殘差 -0.0000｜宗-宗疊 0.0000（上界 0.6630）｜內部縫 0 帶／0.0000㎡｜退化帶 0 個｜s 域 [-0.3248,87.7155]
[Δ_i·R1·left·總量] 628-37(1)→628-35(2): W_far=6.4600／W_near=6.6200／W_start=6.4600／Δ=+0.0000／Δ_self=+0.9120／🔄方向改變
[Δ_i·R1·right·總量] 628(5)→628-34(3): W_far=7.0200／W_near=7.2300／W_start=7.0200／Δ=+0.0000／Δ_self=+1.1340／🔄方向改變　628-34(3)→628-36(1): W_far=9.6100／W_near=9.6100／W_start=9.6100／Δ=+0.0000／Δ_self=+0.0000
[Δ_i·R1·left·階段2] （無界面）
[Δ_i·R1·right·階段2] （無界面）
[Δ_i·R1·left·階段1] 628-37(1)→628-35(2): W_far=6.4600／W_near=6.6200／W_start=6.4600／Δ=+0.0000／Δ_self=+0.9120／🔄方向改變
[Δ_i·R1·right·階段1] 628(5)→628-34(3): W_far=7.0200／W_near=7.2300／W_start=7.0200／Δ=+0.0000／Δ_self=+1.1340／🔄方向改變　628-34(3)→628-36(1): W_far=9.6100／W_near=9.6100／W_start=9.6100／Δ=+0.0000／Δ_self=+0.0000
🟢 [配餘] 街廓 R2：幾何餘 152.3551㎡ 入抵費地（`K-9-5-7` 配餘·s∈[4.0554,10.8395]）——原為「非宗亦非池帶」之無主空間
[T2-DIAG] 街廓 R2｜宗數 12｜池帶 2 片｜池帶 s 寬 [37.8168  6.7842]｜池帶面積 [1682.7445  152.3551]｜Σ池 1835.0996｜覆蓋殘差 0.0000｜Σ 殘差 -0.0000｜宗-宗疊 0.0000（上界 2.4459）｜內部縫 0 帶／0.0000㎡｜退化帶 2 個（s 寬 2.67e-07, 4.23e-11）｜s 域 [0.2677,100.0274]
[Δ_i·R2·left·總量] 628-41(1)→628-40(1)+: W_far=4.0600／W_near=5.7400／W_start=4.0600／Δ=+0.0000／Δ_self=+10.2680／🔄方向改變　628-40(1)+→628-30(2): W_far=13.7800／W_near=13.7800／W_start=13.7800／Δ=+0.0000／Δ_self=+0.0000　628-30(2)→628-39(1): W_far=15.7200／W_near=15.7200／W_start=15.7200／Δ=+0.0000／Δ_self=+0.0000　628-39(1)→628-31(2): W_far=20.9300／W_near=20.9300／W_start=20.9300／Δ=+0.0000／Δ_self=+0.0000
[Δ_i·R2·left·階段2] （無界面）
[Δ_i·R2·left·階段1] 628-41(1)→628-40(1)+: W_far=4.0600／W_near=5.7400／W_start=4.0600／Δ=+0.0000／Δ_self=+10.2680／🔄方向改變　628-40(1)+→628-30(2): W_far=13.7800／W_near=13.7800／W_start=13.7800／Δ=+0.0000／Δ_self=+0.0000　628-30(2)→628-39(1): W_far=15.7200／W_near=15.7200／W_start=15.7200／Δ=+0.0000／Δ_self=+0.0000　628-39(1)→628-31(2): W_far=20.9300／W_near=20.9300／W_start=20.9300／Δ=+0.0000／Δ_self=+0.0000
[Δ_i·R2·right·階段1] （無界面）
🟢 [配餘] 街廓 R4：幾何餘 26.1116㎡ 入抵費地（`K-9-5-7` 配餘·s∈[1.5767,49.5299]）——原為「非宗亦非池帶」之無主空間
🟢 [配餘] 街廓 R4：幾何餘 26.0858㎡ 入抵費地（`K-9-5-7` 配餘·s∈[49.5299,97.2360]）——原為「非宗亦非池帶」之無主空間
[T2-DIAG] 街廓 R4｜宗數 1｜池帶 4 片｜池帶 s 寬 [4.3238  31.7158  47.9532  47.7061]｜池帶面積 [116.0800  1022.0462  26.1116  26.0858]｜Σ池 1190.3236｜覆蓋殘差 0.0000｜Σ 殘差 +0.0000｜宗-宗疊 0.0000（上界 0.0000）｜內部縫 0 帶／0.0000㎡｜退化帶 0 個｜s 域 [0.1759,98.7163]
[Δ_i·R4·left·總量] （無界面）
[Δ_i·R4·right·總量] （無界面）
[Δ_i·R4·left·階段2] （無界面）
[Δ_i·R4·right·階段2] （無界面）
🔴 首宗下限未達（補丁六 §二）：街廓 R4 right 側 首宗 KL W=0.00 < 退縮(0.00)＋畸零寬(3.50)=3.50——loud 記錄·禁靜默/禁 clamp（重烤後應 ≥ 下限）
[T2-DIAG] 街廓 R6｜宗數 8｜池帶 2 片｜池帶 s 寬 [3.6068  34.0520]｜池帶面積 [85.7064  1543.0063]｜Σ池 1628.7127｜覆蓋殘差 0.0000｜Σ 殘差 -0.0000｜宗-宗疊 0.0000（上界 1.5929）｜內部縫 0 帶／0.0000㎡｜退化帶 2 個（s 寬 1.18e-11, 1.01e-11）｜s 域 [-3.6068,85.8549]
[Δ_i·R6·right·總量] 628-18(1)→628-53(1): W_far=7.2000／W_near=7.2000／W_start=7.2000／Δ=+0.0000／Δ_self=+0.0000　628-53(1)→628-38(1): W_far=7.2000／W_near=7.2000／W_start=7.2000／Δ=+0.0000／Δ_self=+0.0000　628-38(1)→628-7(1): W_far=9.8900／W_near=9.8900／W_start=9.8900／Δ=+0.0000／Δ_self=+0.0000　628-7(1)→628-20(1): W_far=16.7700／W_near=16.7700／W_start=16.7700／Δ=+0.0000／Δ_self=+0.0000
[K-9-5-8] 街廓 R6 right 側：SIDE ∥ ALLOC **退化**（|cross|=0.0000000474／夾角=0.000003°　≤ 容差 1e-06）⇒ `K-9-5-4 ②` 套用後方向等值、無楔形；方向判準所得 []／街角第 1 宗 ['628-18(1)']——**合法組態·⛔ 非異常**（KL 裁 2026-08-08）
[Δ_i·R6·right·階段2] （無界面）
[Δ_i·R6·left·階段1] （無界面）
[Δ_i·R6·right·階段1] 628-18(1)→628-53(1): W_far=7.2000／W_near=7.2000／W_start=7.2000／Δ=+0.0000／Δ_self=+0.0000　628-53(1)→628-38(1): W_far=7.2000／W_near=7.2000／W_start=7.2000／Δ=+0.0000／Δ_self=+0.0000　628-38(1)→628-7(1): W_far=9.8900／W_near=9.8900／W_start=9.8900／Δ=+0.0000／Δ_self=+0.0000　628-7(1)→628-20(1): W_far=16.7700／W_near=16.7700／W_start=16.7700／Δ=+0.0000／Δ_self=+0.0000
[K-9-5-8] 街廓 R6 right 側：SIDE ∥ ALLOC **退化**（|cross|=0.0000000474／夾角=0.000003°　≤ 容差 1e-06）⇒ `K-9-5-4 ②` 套用後方向等值、無楔形；方向判準所得 []／街角第 1 宗 ['628-18(1)']——**合法組態·⛔ 非異常**（KL 裁 2026-08-08）
🟢 [配餘] 街廓 R5：幾何餘 145.1703㎡ 入抵費地（`K-9-5-7` 配餘·s∈[4.8498,11.4856]）——原為「非宗亦非池帶」之無主空間
[T2-DIAG] 街廓 R5｜宗數 7｜池帶 2 片｜池帶 s 寬 [35.7758  6.6358]｜池帶面積 [1621.8010  145.1703]｜Σ池 1766.9713｜覆蓋殘差 0.0000｜Σ 殘差 -0.0000｜宗-宗疊 0.0000（上界 1.3713）｜內部縫 0 帶／0.0000㎡｜退化帶 1 個（s 寬 6.31e-12）｜s 域 [0.2685,92.7995]
[Δ_i·R5·left·總量] 628-18(2)→628-7(2): W_far=4.8500／W_near=6.4900／W_start=4.8500／Δ=+0.0000／Δ_self=+9.7230／🔄方向改變　628-7(2)→628-45(1)+: W_far=13.4700／W_near=13.4700／W_start=13.4700／Δ=+0.0000／Δ_self=+0.0000　628-45(1)+→628-31(1): W_far=21.6700／W_near=21.6700／W_start=21.6700／Δ=+0.0000／Δ_self=+0.0000　628-31(1)→628-32(1): W_far=21.9100／W_near=21.9100／W_start=21.9100／Δ=+0.0000／Δ_self=+0.0000
[Δ_i·R5·left·階段2] （無界面）
[Δ_i·R5·left·階段1] 628-18(2)→628-7(2): W_far=4.8500／W_near=6.4900／W_start=4.8500／Δ=+0.0000／Δ_self=+9.7230／🔄方向改變　628-7(2)→628-45(1)+: W_far=13.4700／W_near=13.4700／W_start=13.4700／Δ=+0.0000／Δ_self=+0.0000　628-45(1)+→628-31(1): W_far=21.6700／W_near=21.6700／W_start=21.6700／Δ=+0.0000／Δ_self=+0.0000　628-31(1)→628-32(1): W_far=21.9100／W_near=21.9100／W_start=21.9100／Δ=+0.0000／Δ_self=+0.0000
[Δ_i·R5·right·階段1] （無界面）
[T2-DIAG] 街廓 R3｜宗數 10｜池帶 1 片｜池帶 s 寬 [40.5337]｜池帶面積 [1795.1328]｜Σ池 1795.1328｜覆蓋殘差 0.0001｜Σ 殘差 -0.0001｜宗-宗疊 0.0000（上界 1.9953）｜內部縫 0 帶／0.0000㎡｜退化帶 3 個（s 寬 5.57e-06, 1.70e-10, 4.24e-11）｜s 域 [-0.0000,96.8032]
[Δ_i·R3·right·總量] 628-30(3)+→628-42(2): W_far=14.1400／W_near=15.7800／W_start=14.1400／Δ=+0.0000／Δ_self=+5.4280／🔄方向改變　628-42(2)→628-27(2): W_far=16.1000／W_near=16.1000／W_start=16.1000／Δ=+0.0000／Δ_self=+0.0000　628-27(2)→628-29(1)+: W_far=16.6900／W_near=16.6900／W_start=16.6900／Δ=+0.0000／Δ_self=+0.0000　628-29(1)+→628-31(3): W_far=19.6200／W_near=19.6200／W_start=19.6200／Δ=+0.0000／Δ_self=+0.0000
[Δ_i·R3·right·階段2] （無界面）
[Δ_i·R3·left·階段1] （無界面）
[Δ_i·R3·right·階段1] 628-30(3)+→628-42(2): W_far=14.1400／W_near=15.7800／W_start=14.1400／Δ=+0.0000／Δ_self=+5.4280／🔄方向改變　628-42(2)→628-27(2): W_far=16.1000／W_near=16.1000／W_start=16.1000／Δ=+0.0000／Δ_self=+0.0000　628-27(2)→628-29(1)+: W_far=16.6900／W_near=16.6900／W_start=16.6900／Δ=+0.0000／Δ_self=+0.0000　628-29(1)+→628-31(3): W_far=19.6200／W_near=19.6200／W_start=19.6200／Δ=+0.0000／Δ_self=+0.0000
🟢 [配餘] 街廓 R1：幾何餘 5.3835㎡ 入抵費地（`K-9-5-7` 配餘·s∈[17.2402,17.5649]）——原為「非宗亦非池帶」之無主空間
🟢 [配餘] 街廓 R1：幾何餘 0.0046㎡ 入抵費地（`K-9-5-7` 配餘·s∈[-0.3248,-0.0358]）——原為「非宗亦非池帶」之無主空間
[T2-DIAG] 街廓 R1｜宗數 5｜池帶 3 片｜池帶 s 寬 [35.2871  0.3247  0.2890]｜池帶面積 [1169.7082  5.3835  0.0046]｜Σ池 1175.0963｜覆蓋殘差 0.0000｜Σ 殘差 -0.0000｜宗-宗疊 0.0000（上界 0.6630）｜內部縫 0 帶／0.0000㎡｜退化帶 0 個｜s 域 [-0.3248,87.7155]
[Δ_i·R1·left·總量] （無界面）
[Δ_i·R1·right·總量] 628(5)→628-34(3): W_far=7.0200／W_near=7.2300／W_start=7.0200／Δ=+0.0000／Δ_self=+1.1340／🔄方向改變　628-34(3)→628-37(1): W_far=9.6100／W_near=9.6100／W_start=9.6100／Δ=+0.0000／Δ_self=+0.0000　628-37(1)→628-35(2): W_far=16.1200／W_near=16.1200／W_start=16.1200／Δ=+0.0000／Δ_self=+0.0000
[Δ_i·R1·left·階段2] （無界面）
[Δ_i·R1·right·階段2] （無界面）
[Δ_i·R1·left·階段1] （無界面）
[Δ_i·R1·right·階段1] 628(5)→628-34(3): W_far=7.0200／W_near=7.2300／W_start=7.0200／Δ=+0.0000／Δ_self=+1.1340／🔄方向改變　628-34(3)→628-37(1): W_far=9.6100／W_near=9.6100／W_start=9.6100／Δ=+0.0000／Δ_self=+0.0000　628-37(1)→628-35(2): W_far=16.1200／W_near=16.1200／W_start=16.1200／Δ=+0.0000／Δ_self=+0.0000
[T2-DIAG] 街廓 R2｜宗數 14｜池帶 2 片｜池帶 s 寬 [8.4283  32.9691]｜池帶面積 [308.1700  1466.2584]｜Σ池 1774.4284｜覆蓋殘差 0.0000｜Σ 殘差 -0.0000｜宗-宗疊 0.0000（上界 2.8906）｜內部縫 0 帶／0.0000㎡｜退化帶 4 個（s 寬 5.98e-12, 4.27e-10, 4.09e-11, 4.23e-11）｜s 域 [0.2677,100.0274]
[Δ_i·R2·left·總量] 628-42(1)→628-41(1): W_far=7.0900／W_near=7.0900／W_start=7.0900／Δ=+0.0000／Δ_self=+0.0000　628-41(1)→628-27(1): W_far=11.1600／W_near=11.1600／W_start=11.1600／Δ=+0.0000／Δ_self=+0.0000　628-27(1)→628-40(1)+: W_far=11.8200／W_near=11.8200／W_start=11.8200／Δ=+0.0000／Δ_self=+0.0000　628-40(1)+→628-30(2): W_far=18.4800／W_near=18.4800／W_start=18.4800／Δ=+0.0000／Δ_self=+0.0000　628-30(2)→628-39(1): W_far=20.4900／W_near=20.4900／W_start=20.4900／Δ=+0.0000／Δ_self=+0.0000　628-39(1)→628-31(2): W_far=25.7600／W_near=25.7600／W_start=25.7600／Δ=+0.0000／Δ_self=+0.0000
[Δ_i·R2·left·階段2] （無界面）
[Δ_i·R2·left·階段1] 628-42(1)→628-41(1): W_far=7.0900／W_near=7.0900／W_start=7.0900／Δ=+0.0000／Δ_self=+0.0000　628-41(1)→628-27(1): W_far=11.1600／W_near=11.1600／W_start=11.1600／Δ=+0.0000／Δ_self=+0.0000　628-27(1)→628-40(1)+: W_far=11.8200／W_near=11.8200／W_start=11.8200／Δ=+0.0000／Δ_self=+0.0000　628-40(1)+→628-30(2): W_far=18.4800／W_near=18.4800／W_start=18.4800／Δ=+0.0000／Δ_self=+0.0000　628-30(2)→628-39(1): W_far=20.4900／W_near=20.4900／W_start=20.4900／Δ=+0.0000／Δ_self=+0.0000　628-39(1)→628-31(2): W_far=25.7600／W_near=25.7600／W_start=25.7600／Δ=+0.0000／Δ_self=+0.0000
[Δ_i·R2·right·階段1] （無界面）
🟢 [配餘] 街廓 R4：幾何餘 26.1102㎡ 入抵費地（`K-9-5-7` 配餘·s∈[7.8186,9.3951]）——原為「非宗亦非池帶」之無主空間
🟢 [配餘] 街廓 R4：幾何餘 26.0843㎡ 入抵費地（`K-9-5-7` 配餘·s∈[68.9201,70.4959]）——原為「非宗亦非池帶」之無主空間
[T2-DIAG] 街廓 R4｜宗數 1｜池帶 4 片｜池帶 s 寬 [7.6427  28.2204  1.5766  1.5758]｜池帶面積 [226.0100  906.3247  26.1102  26.0843]｜Σ池 1184.5292｜覆蓋殘差 0.0000｜Σ 殘差 +0.0000｜宗-宗疊 0.0000（上界 0.0000）｜內部縫 0 帶／0.0000㎡｜退化帶 0 個｜s 域 [0.1759,98.7163]
[Δ_i·R4·left·總量] （無界面）
[Δ_i·R4·right·總量] （無界面）
[Δ_i·R4·left·階段2] （無界面）
[Δ_i·R4·right·階段2] （無界面）
🔴 首宗下限未達（補丁六 §二）：街廓 R4 right 側 首宗 KL W=0.00 < 退縮(3.50)＋畸零寬(3.50)=7.00——loud 記錄·禁靜默/禁 clamp（重烤後應 ≥ 下限）
[T2-DIAG] 街廓 R6｜宗數 8｜池帶 2 片｜池帶 s 寬 [3.6068  34.0520]｜池帶面積 [85.7064  1543.0063]｜Σ池 1628.7127｜覆蓋殘差 0.0000｜Σ 殘差 -0.0000｜宗-宗疊 0.0000（上界 1.5929）｜內部縫 0 帶／0.0000㎡｜退化帶 2 個（s 寬 1.18e-11, 1.01e-11）｜s 域 [-3.6068,85.8549]
[Δ_i·R6·right·總量] 628-18(1)→628-53(1): W_far=7.2000／W_near=7.2000／W_start=7.2000／Δ=+0.0000／Δ_self=+0.0000　628-53(1)→628-38(1): W_far=7.2000／W_near=7.2000／W_start=7.2000／Δ=+0.0000／Δ_self=+0.0000　628-38(1)→628-7(1): W_far=9.8900／W_near=9.8900／W_start=9.8900／Δ=+0.0000／Δ_self=+0.0000　628-7(1)→628-20(1): W_far=16.7700／W_near=16.7700／W_start=16.7700／Δ=+0.0000／Δ_self=+0.0000
[K-9-5-8] 街廓 R6 right 側：SIDE ∥ ALLOC **退化**（|cross|=0.0000000474／夾角=0.000003°　≤ 容差 1e-06）⇒ `K-9-5-4 ②` 套用後方向等值、無楔形；方向判準所得 []／街角第 1 宗 ['628-18(1)']——**合法組態·⛔ 非異常**（KL 裁 2026-08-08）
[Δ_i·R6·right·階段2] （無界面）
[Δ_i·R6·left·階段1] （無界面）
[Δ_i·R6·right·階段1] 628-18(1)→628-53(1): W_far=7.2000／W_near=7.2000／W_start=7.2000／Δ=+0.0000／Δ_self=+0.0000　628-53(1)→628-38(1): W_far=7.2000／W_near=7.2000／W_start=7.2000／Δ=+0.0000／Δ_self=+0.0000　628-38(1)→628-7(1): W_far=9.8900／W_near=9.8900／W_start=9.8900／Δ=+0.0000／Δ_self=+0.0000　628-7(1)→628-20(1): W_far=16.7700／W_near=16.7700／W_start=16.7700／Δ=+0.0000／Δ_self=+0.0000
[K-9-5-8] 街廓 R6 right 側：SIDE ∥ ALLOC **退化**（|cross|=0.0000000474／夾角=0.000003°　≤ 容差 1e-06）⇒ `K-9-5-4 ②` 套用後方向等值、無楔形；方向判準所得 []／街角第 1 宗 ['628-18(1)']——**合法組態·⛔ 非異常**（KL 裁 2026-08-08）
🟢 [配餘] 街廓 R5：幾何餘 146.1806㎡ 入抵費地（`K-9-5-7` 配餘·s∈[8.0592,14.7180]）——原為「非宗亦非池帶」之無主空間
[T2-DIAG] 街廓 R5｜宗數 7｜池帶 2 片｜池帶 s 寬 [35.7531  6.6588]｜池帶面積 [1620.7892  146.1806]｜Σ池 1766.9699｜覆蓋殘差 0.0000｜Σ 殘差 -0.0000｜宗-宗疊 0.0000（上界 1.3713）｜內部縫 0 帶／0.0000㎡｜退化帶 0 個｜s 域 [0.2685,92.7995]
[Δ_i·R5·left·總量] 628-45(1)+→628-18(2): W_far=8.0600／W_near=9.6900／W_start=8.0600／Δ=+0.0000／Δ_self=+8.2000／🔄方向改變　628-18(2)→628-7(2): W_far=16.0200／W_near=16.0200／W_start=16.0200／Δ=+0.0000／Δ_self=+0.0000　628-7(2)→628-31(1): W_far=21.6900／W_near=21.6900／W_start=21.6900／Δ=+0.0000／Δ_self=+0.0000　628-31(1)→628-32(1): W_far=21.9300／W_near=21.9300／W_start=21.9300／Δ=+0.0000／Δ_self=+0.0000
[Δ_i·R5·left·階段2] （無界面）
[Δ_i·R5·left·階段1] 628-45(1)+→628-18(2): W_far=8.0600／W_near=9.6900／W_start=8.0600／Δ=+0.0000／Δ_self=+8.2000／🔄方向改變　628-18(2)→628-7(2): W_far=16.0200／W_near=16.0200／W_start=16.0200／Δ=+0.0000／Δ_self=+0.0000　628-7(2)→628-31(1): W_far=21.6900／W_near=21.6900／W_start=21.6900／Δ=+0.0000／Δ_self=+0.0000　628-31(1)→628-32(1): W_far=21.9300／W_near=21.9300／W_start=21.9300／Δ=+0.0000／Δ_self=+0.0000
[Δ_i·R5·right·階段1] （無界面）
[T2-DIAG] 街廓 R3｜宗數 10｜池帶 1 片｜池帶 s 寬 [40.5337]｜池帶面積 [1795.1328]｜Σ池 1795.1328｜覆蓋殘差 0.0001｜Σ 殘差 -0.0001｜宗-宗疊 0.0000（上界 1.9953）｜內部縫 0 帶／0.0000㎡｜退化帶 3 個（s 寬 5.57e-06, 1.70e-10, 4.24e-11）｜s 域 [-0.0000,96.8032]
[Δ_i·R3·right·總量] 628-30(3)+→628-42(2): W_far=14.1400／W_near=15.7800／W_start=14.1400／Δ=+0.0000／Δ_self=+5.4280／🔄方向改變　628-42(2)→628-27(2): W_far=16.1000／W_near=16.1000／W_start=16.1000／Δ=+0.0000／Δ_self=+0.0000　628-27(2)→628-29(1)+: W_far=16.6900／W_near=16.6900／W_start=16.6900／Δ=+0.0000／Δ_self=+0.0000　628-29(1)+→628-31(3): W_far=19.6200／W_near=19.6200／W_start=19.6200／Δ=+0.0000／Δ_self=+0.0000
[Δ_i·R3·right·階段2] （無界面）
[Δ_i·R3·left·階段1] （無界面）
[Δ_i·R3·right·階段1] 628-30(3)+→628-42(2): W_far=14.1400／W_near=15.7800／W_start=14.1400／Δ=+0.0000／Δ_self=+5.4280／🔄方向改變　628-42(2)→628-27(2): W_far=16.1000／W_near=16.1000／W_start=16.1000／Δ=+0.0000／Δ_self=+0.0000　628-27(2)→628-29(1)+: W_far=16.6900／W_near=16.6900／W_start=16.6900／Δ=+0.0000／Δ_self=+0.0000　628-29(1)+→628-31(3): W_far=19.6200／W_near=19.6200／W_start=19.6200／Δ=+0.0000／Δ_self=+0.0000
🟢 [配餘] 街廓 R1：幾何餘 0.0046㎡ 入抵費地（`K-9-5-7` 配餘·s∈[-0.3248,-0.0358]）——原為「非宗亦非池帶」之無主空間
[T2-DIAG] 街廓 R1｜宗數 5｜池帶 2 片｜池帶 s 寬 [35.4647  0.2890]｜池帶面積 [1175.4937  0.0046]｜Σ池 1175.4983｜覆蓋殘差 0.0000｜Σ 殘差 -0.0000｜宗-宗疊 0.0000（上界 0.6630）｜內部縫 0 帶／0.0000㎡｜退化帶 0 個｜s 域 [-0.3248,87.7155]
[Δ_i·R1·left·總量] 628-37(1)→628-35(2): W_far=6.4600／W_near=6.6200／W_start=6.4600／Δ=+0.0000／Δ_self=+0.9120／🔄方向改變
[Δ_i·R1·right·總量] 628(5)→628-34(3): W_far=7.0200／W_near=7.2300／W_start=7.0200／Δ=+0.0000／Δ_self=+1.1340／🔄方向改變　628-34(3)→628-36(1): W_far=9.6100／W_near=9.6100／W_start=9.6100／Δ=+0.0000／Δ_self=+0.0000
[Δ_i·R1·left·階段2] （無界面）
[Δ_i·R1·right·階段2] （無界面）
[Δ_i·R1·left·階段1] 628-37(1)→628-35(2): W_far=6.4600／W_near=6.6200／W_start=6.4600／Δ=+0.0000／Δ_self=+0.9120／🔄方向改變
[Δ_i·R1·right·階段1] 628(5)→628-34(3): W_far=7.0200／W_near=7.2300／W_start=7.0200／Δ=+0.0000／Δ_self=+1.1340／🔄方向改變　628-34(3)→628-36(1): W_far=9.6100／W_near=9.6100／W_start=9.6100／Δ=+0.0000／Δ_self=+0.0000
🟢 [配餘] 街廓 R2：幾何餘 152.3551㎡ 入抵費地（`K-9-5-7` 配餘·s∈[4.0554,10.8395]）——原為「非宗亦非池帶」之無主空間
[T2-DIAG] 街廓 R2｜宗數 12｜池帶 2 片｜池帶 s 寬 [37.8168  6.7842]｜池帶面積 [1682.7445  152.3551]｜Σ池 1835.0996｜覆蓋殘差 0.0000｜Σ 殘差 -0.0000｜宗-宗疊 0.0000（上界 2.4459）｜內部縫 0 帶／0.0000㎡｜退化帶 2 個（s 寬 2.67e-07, 4.23e-11）｜s 域 [0.2677,100.0274]
[Δ_i·R2·left·總量] 628-41(1)→628-40(1)+: W_far=4.0600／W_near=5.7400／W_start=4.0600／Δ=+0.0000／Δ_self=+10.2680／🔄方向改變　628-40(1)+→628-30(2): W_far=13.7800／W_near=13.7800／W_start=13.7800／Δ=+0.0000／Δ_self=+0.0000　628-30(2)→628-39(1): W_far=15.7200／W_near=15.7200／W_start=15.7200／Δ=+0.0000／Δ_self=+0.0000　628-39(1)→628-31(2): W_far=20.9300／W_near=20.9300／W_start=20.9300／Δ=+0.0000／Δ_self=+0.0000
[Δ_i·R2·left·階段2] （無界面）
[Δ_i·R2·left·階段1] 628-41(1)→628-40(1)+: W_far=4.0600／W_near=5.7400／W_start=4.0600／Δ=+0.0000／Δ_self=+10.2680／🔄方向改變　628-40(1)+→628-30(2): W_far=13.7800／W_near=13.7800／W_start=13.7800／Δ=+0.0000／Δ_self=+0.0000　628-30(2)→628-39(1): W_far=15.7200／W_near=15.7200／W_start=15.7200／Δ=+0.0000／Δ_self=+0.0000　628-39(1)→628-31(2): W_far=20.9300／W_near=20.9300／W_start=20.9300／Δ=+0.0000／Δ_self=+0.0000
[Δ_i·R2·right·階段1] （無界面）
🟢 [配餘] 街廓 R4：幾何餘 26.1116㎡ 入抵費地（`K-9-5-7` 配餘·s∈[1.5767,49.5299]）——原為「非宗亦非池帶」之無主空間
🟢 [配餘] 街廓 R4：幾何餘 26.0858㎡ 入抵費地（`K-9-5-7` 配餘·s∈[49.5299,97.2360]）——原為「非宗亦非池帶」之無主空間
[T2-DIAG] 街廓 R4｜宗數 1｜池帶 4 片｜池帶 s 寬 [4.3238  31.7158  47.9532  47.7061]｜池帶面積 [116.0800  1022.0462  26.1116  26.0858]｜Σ池 1190.3236｜覆蓋殘差 0.0000｜Σ 殘差 +0.0000｜宗-宗疊 0.0000（上界 0.0000）｜內部縫 0 帶／0.0000㎡｜退化帶 0 個｜s 域 [0.1759,98.7163]
[Δ_i·R4·left·總量] （無界面）
[Δ_i·R4·right·總量] （無界面）
[Δ_i·R4·left·階段2] （無界面）
[Δ_i·R4·right·階段2] （無界面）
🔴 首宗下限未達（補丁六 §二）：街廓 R4 right 側 首宗 KL W=0.00 < 退縮(0.00)＋畸零寬(3.50)=3.50——loud 記錄·禁靜默/禁 clamp（重烤後應 ≥ 下限）
[T2-DIAG] 街廓 R6｜宗數 8｜池帶 2 片｜池帶 s 寬 [3.6068  34.0520]｜池帶面積 [85.7064  1543.0063]｜Σ池 1628.7127｜覆蓋殘差 0.0000｜Σ 殘差 -0.0000｜宗-宗疊 0.0000（上界 1.5929）｜內部縫 0 帶／0.0000㎡｜退化帶 2 個（s 寬 1.18e-11, 1.01e-11）｜s 域 [-3.6068,85.8549]
[Δ_i·R6·right·總量] 628-18(1)→628-53(1): W_far=7.2000／W_near=7.2000／W_start=7.2000／Δ=+0.0000／Δ_self=+0.0000　628-53(1)→628-38(1): W_far=7.2000／W_near=7.2000／W_start=7.2000／Δ=+0.0000／Δ_self=+0.0000　628-38(1)→628-7(1): W_far=9.8900／W_near=9.8900／W_start=9.8900／Δ=+0.0000／Δ_self=+0.0000　628-7(1)→628-20(1): W_far=16.7700／W_near=16.7700／W_start=16.7700／Δ=+0.0000／Δ_self=+0.0000
[K-9-5-8] 街廓 R6 right 側：SIDE ∥ ALLOC **退化**（|cross|=0.0000000474／夾角=0.000003°　≤ 容差 1e-06）⇒ `K-9-5-4 ②` 套用後方向等值、無楔形；方向判準所得 []／街角第 1 宗 ['628-18(1)']——**合法組態·⛔ 非異常**（KL 裁 2026-08-08）
[Δ_i·R6·right·階段2] （無界面）
[Δ_i·R6·left·階段1] （無界面）
[Δ_i·R6·right·階段1] 628-18(1)→628-53(1): W_far=7.2000／W_near=7.2000／W_start=7.2000／Δ=+0.0000／Δ_self=+0.0000　628-53(1)→628-38(1): W_far=7.2000／W_near=7.2000／W_start=7.2000／Δ=+0.0000／Δ_self=+0.0000　628-38(1)→628-7(1): W_far=9.8900／W_near=9.8900／W_start=9.8900／Δ=+0.0000／Δ_self=+0.0000　628-7(1)→628-20(1): W_far=16.7700／W_near=16.7700／W_start=16.7700／Δ=+0.0000／Δ_self=+0.0000
[K-9-5-8] 街廓 R6 right 側：SIDE ∥ ALLOC **退化**（|cross|=0.0000000474／夾角=0.000003°　≤ 容差 1e-06）⇒ `K-9-5-4 ②` 套用後方向等值、無楔形；方向判準所得 []／街角第 1 宗 ['628-18(1)']——**合法組態·⛔ 非異常**（KL 裁 2026-08-08）
🟢 [配餘] 街廓 R5：幾何餘 145.1703㎡ 入抵費地（`K-9-5-7` 配餘·s∈[4.8498,11.4856]）——原為「非宗亦非池帶」之無主空間
[T2-DIAG] 街廓 R5｜宗數 7｜池帶 2 片｜池帶 s 寬 [35.7758  6.6358]｜池帶面積 [1621.8010  145.1703]｜Σ池 1766.9713｜覆蓋殘差 0.0000｜Σ 殘差 -0.0000｜宗-宗疊 0.0000（上界 1.3713）｜內部縫 0 帶／0.0000㎡｜退化帶 1 個（s 寬 6.31e-12）｜s 域 [0.2685,92.7995]
[Δ_i·R5·left·總量] 628-18(2)→628-7(2): W_far=4.8500／W_near=6.4900／W_start=4.8500／Δ=+0.0000／Δ_self=+9.7230／🔄方向改變　628-7(2)→628-45(1)+: W_far=13.4700／W_near=13.4700／W_start=13.4700／Δ=+0.0000／Δ_self=+0.0000　628-45(1)+→628-31(1): W_far=21.6700／W_near=21.6700／W_start=21.6700／Δ=+0.0000／Δ_self=+0.0000　628-31(1)→628-32(1): W_far=21.9100／W_near=21.9100／W_start=21.9100／Δ=+0.0000／Δ_self=+0.0000
[Δ_i·R5·left·階段2] （無界面）
[Δ_i·R5·left·階段1] 628-18(2)→628-7(2): W_far=4.8500／W_near=6.4900／W_start=4.8500／Δ=+0.0000／Δ_self=+9.7230／🔄方向改變　628-7(2)→628-45(1)+: W_far=13.4700／W_near=13.4700／W_start=13.4700／Δ=+0.0000／Δ_self=+0.0000　628-45(1)+→628-31(1): W_far=21.6700／W_near=21.6700／W_start=21.6700／Δ=+0.0000／Δ_self=+0.0000　628-31(1)→628-32(1): W_far=21.9100／W_near=21.9100／W_start=21.9100／Δ=+0.0000／Δ_self=+0.0000
[Δ_i·R5·right·階段1] （無界面）
[T2-DIAG] 街廓 R3｜宗數 10｜池帶 1 片｜池帶 s 寬 [40.5337]｜池帶面積 [1795.1328]｜Σ池 1795.1328｜覆蓋殘差 0.0001｜Σ 殘差 -0.0001｜宗-宗疊 0.0000（上界 1.9953）｜內部縫 0 帶／0.0000㎡｜退化帶 3 個（s 寬 5.57e-06, 1.70e-10, 4.24e-11）｜s 域 [-0.0000,96.8032]
[Δ_i·R3·right·總量] 628-30(3)+→628-42(2): W_far=14.1400／W_near=15.7800／W_start=14.1400／Δ=+0.0000／Δ_self=+5.4280／🔄方向改變　628-42(2)→628-27(2): W_far=16.1000／W_near=16.1000／W_start=16.1000／Δ=+0.0000／Δ_self=+0.0000　628-27(2)→628-29(1)+: W_far=16.6900／W_near=16.6900／W_start=16.6900／Δ=+0.0000／Δ_self=+0.0000　628-29(1)+→628-31(3): W_far=19.6200／W_near=19.6200／W_start=19.6200／Δ=+0.0000／Δ_self=+0.0000
[Δ_i·R3·right·階段2] （無界面）
[Δ_i·R3·left·階段1] （無界面）
[Δ_i·R3·right·階段1] 628-30(3)+→628-42(2): W_far=14.1400／W_near=15.7800／W_start=14.1400／Δ=+0.0000／Δ_self=+5.4280／🔄方向改變　628-42(2)→628-27(2): W_far=16.1000／W_near=16.1000／W_start=16.1000／Δ=+0.0000／Δ_self=+0.0000　628-27(2)→628-29(1)+: W_far=16.6900／W_near=16.6900／W_start=16.6900／Δ=+0.0000／Δ_self=+0.0000　628-29(1)+→628-31(3): W_far=19.6200／W_near=19.6200／W_start=19.6200／Δ=+0.0000／Δ_self=+0.0000
🟢 [配餘] 街廓 R1：幾何餘 5.3835㎡ 入抵費地（`K-9-5-7` 配餘·s∈[17.2402,17.5649]）——原為「非宗亦非池帶」之無主空間
🟢 [配餘] 街廓 R1：幾何餘 0.0046㎡ 入抵費地（`K-9-5-7` 配餘·s∈[-0.3248,-0.0358]）——原為「非宗亦非池帶」之無主空間
[T2-DIAG] 街廓 R1｜宗數 5｜池帶 3 片｜池帶 s 寬 [35.2871  0.3247  0.2890]｜池帶面積 [1169.7082  5.3835  0.0046]｜Σ池 1175.0963｜覆蓋殘差 0.0000｜Σ 殘差 -0.0000｜宗-宗疊 0.0000（上界 0.6630）｜內部縫 0 帶／0.0000㎡｜退化帶 0 個｜s 域 [-0.3248,87.7155]
[Δ_i·R1·left·總量] （無界面）
[Δ_i·R1·right·總量] 628(5)→628-34(3): W_far=7.0200／W_near=7.2300／W_start=7.0200／Δ=+0.0000／Δ_self=+1.1340／🔄方向改變　628-34(3)→628-37(1): W_far=9.6100／W_near=9.6100／W_start=9.6100／Δ=+0.0000／Δ_self=+0.0000　628-37(1)→628-35(2): W_far=16.1200／W_near=16.1200／W_start=16.1200／Δ=+0.0000／Δ_self=+0.0000
[Δ_i·R1·left·階段2] （無界面）
[Δ_i·R1·right·階段2] （無界面）
[Δ_i·R1·left·階段1] （無界面）
[Δ_i·R1·right·階段1] 628(5)→628-34(3): W_far=7.0200／W_near=7.2300／W_start=7.0200／Δ=+0.0000／Δ_self=+1.1340／🔄方向改變　628-34(3)→628-37(1): W_far=9.6100／W_near=9.6100／W_start=9.6100／Δ=+0.0000／Δ_self=+0.0000　628-37(1)→628-35(2): W_far=16.1200／W_near=16.1200／W_start=16.1200／Δ=+0.0000／Δ_self=+0.0000
[T2-DIAG] 街廓 R2｜宗數 14｜池帶 2 片｜池帶 s 寬 [8.4283  32.9691]｜池帶面積 [308.1700  1466.2584]｜Σ池 1774.4284｜覆蓋殘差 0.0000｜Σ 殘差 -0.0000｜宗-宗疊 0.0000（上界 2.8906）｜內部縫 0 帶／0.0000㎡｜退化帶 4 個（s 寬 5.98e-12, 4.27e-10, 4.09e-11, 4.23e-11）｜s 域 [0.2677,100.0274]
[Δ_i·R2·left·總量] 628-42(1)→628-41(1): W_far=7.0900／W_near=7.0900／W_start=7.0900／Δ=+0.0000／Δ_self=+0.0000　628-41(1)→628-27(1): W_far=11.1600／W_near=11.1600／W_start=11.1600／Δ=+0.0000／Δ_self=+0.0000　628-27(1)→628-40(1)+: W_far=11.8200／W_near=11.8200／W_start=11.8200／Δ=+0.0000／Δ_self=+0.0000　628-40(1)+→628-30(2): W_far=18.4800／W_near=18.4800／W_start=18.4800／Δ=+0.0000／Δ_self=+0.0000　628-30(2)→628-39(1): W_far=20.4900／W_near=20.4900／W_start=20.4900／Δ=+0.0000／Δ_self=+0.0000　628-39(1)→628-31(2): W_far=25.7600／W_near=25.7600／W_start=25.7600／Δ=+0.0000／Δ_self=+0.0000
[Δ_i·R2·left·階段2] （無界面）
[Δ_i·R2·left·階段1] 628-42(1)→628-41(1): W_far=7.0900／W_near=7.0900／W_start=7.0900／Δ=+0.0000／Δ_self=+0.0000　628-41(1)→628-27(1): W_far=11.1600／W_near=11.1600／W_start=11.1600／Δ=+0.0000／Δ_self=+0.0000　628-27(1)→628-40(1)+: W_far=11.8200／W_near=11.8200／W_start=11.8200／Δ=+0.0000／Δ_self=+0.0000　628-40(1)+→628-30(2): W_far=18.4800／W_near=18.4800／W_start=18.4800／Δ=+0.0000／Δ_self=+0.0000　628-30(2)→628-39(1): W_far=20.4900／W_near=20.4900／W_start=20.4900／Δ=+0.0000／Δ_self=+0.0000　628-39(1)→628-31(2): W_far=25.7600／W_near=25.7600／W_start=25.7600／Δ=+0.0000／Δ_self=+0.0000
[Δ_i·R2·right·階段1] （無界面）
🟢 [配餘] 街廓 R4：幾何餘 26.1102㎡ 入抵費地（`K-9-5-7` 配餘·s∈[7.8186,9.3951]）——原為「非宗亦非池帶」之無主空間
🟢 [配餘] 街廓 R4：幾何餘 26.0843㎡ 入抵費地（`K-9-5-7` 配餘·s∈[68.9201,70.4959]）——原為「非宗亦非池帶」之無主空間
[T2-DIAG] 街廓 R4｜宗數 1｜池帶 4 片｜池帶 s 寬 [7.6427  28.2204  1.5766  1.5758]｜池帶面積 [226.0100  906.3247  26.1102  26.0843]｜Σ池 1184.5292｜覆蓋殘差 0.0000｜Σ 殘差 +0.0000｜宗-宗疊 0.0000（上界 0.0000）｜內部縫 0 帶／0.0000㎡｜退化帶 0 個｜s 域 [0.1759,98.7163]
[Δ_i·R4·left·總量] （無界面）
[Δ_i·R4·right·總量] （無界面）
[Δ_i·R4·left·階段2] （無界面）
[Δ_i·R4·right·階段2] （無界面）
🔴 首宗下限未達（補丁六 §二）：街廓 R4 right 側 首宗 KL W=0.00 < 退縮(3.50)＋畸零寬(3.50)=7.00——loud 記錄·禁靜默/禁 clamp（重烤後應 ≥ 下限）
[T2-DIAG] 街廓 R6｜宗數 8｜池帶 2 片｜池帶 s 寬 [3.6068  34.0520]｜池帶面積 [85.7064  1543.0063]｜Σ池 1628.7127｜覆蓋殘差 0.0000｜Σ 殘差 -0.0000｜宗-宗疊 0.0000（上界 1.5929）｜內部縫 0 帶／0.0000㎡｜退化帶 2 個（s 寬 1.18e-11, 1.01e-11）｜s 域 [-3.6068,85.8549]
[Δ_i·R6·right·總量] 628-18(1)→628-53(1): W_far=7.2000／W_near=7.2000／W_start=7.2000／Δ=+0.0000／Δ_self=+0.0000　628-53(1)→628-38(1): W_far=7.2000／W_near=7.2000／W_start=7.2000／Δ=+0.0000／Δ_self=+0.0000　628-38(1)→628-7(1): W_far=9.8900／W_near=9.8900／W_start=9.8900／Δ=+0.0000／Δ_self=+0.0000　628-7(1)→628-20(1): W_far=16.7700／W_near=16.7700／W_start=16.7700／Δ=+0.0000／Δ_self=+0.0000
[K-9-5-8] 街廓 R6 right 側：SIDE ∥ ALLOC **退化**（|cross|=0.0000000474／夾角=0.000003°　≤ 容差 1e-06）⇒ `K-9-5-4 ②` 套用後方向等值、無楔形；方向判準所得 []／街角第 1 宗 ['628-18(1)']——**合法組態·⛔ 非異常**（KL 裁 2026-08-08）
[Δ_i·R6·right·階段2] （無界面）
[Δ_i·R6·left·階段1] （無界面）
[Δ_i·R6·right·階段1] 628-18(1)→628-53(1): W_far=7.2000／W_near=7.2000／W_start=7.2000／Δ=+0.0000／Δ_self=+0.0000　628-53(1)→628-38(1): W_far=7.2000／W_near=7.2000／W_start=7.2000／Δ=+0.0000／Δ_self=+0.0000　628-38(1)→628-7(1): W_far=9.8900／W_near=9.8900／W_start=9.8900／Δ=+0.0000／Δ_self=+0.0000　628-7(1)→628-20(1): W_far=16.7700／W_near=16.7700／W_start=16.7700／Δ=+0.0000／Δ_self=+0.0000
[K-9-5-8] 街廓 R6 right 側：SIDE ∥ ALLOC **退化**（|cross|=0.0000000474／夾角=0.000003°　≤ 容差 1e-06）⇒ `K-9-5-4 ②` 套用後方向等值、無楔形；方向判準所得 []／街角第 1 宗 ['628-18(1)']——**合法組態·⛔ 非異常**（KL 裁 2026-08-08）
🟢 [配餘] 街廓 R5：幾何餘 146.1806㎡ 入抵費地（`K-9-5-7` 配餘·s∈[8.0592,14.7180]）——原為「非宗亦非池帶」之無主空間
[T2-DIAG] 街廓 R5｜宗數 7｜池帶 2 片｜池帶 s 寬 [35.7531  6.6588]｜池帶面積 [1620.7892  146.1806]｜Σ池 1766.9699｜覆蓋殘差 0.0000｜Σ 殘差 -0.0000｜宗-宗疊 0.0000（上界 1.3713）｜內部縫 0 帶／0.0000㎡｜退化帶 0 個｜s 域 [0.2685,92.7995]
[Δ_i·R5·left·總量] 628-45(1)+→628-18(2): W_far=8.0600／W_near=9.6900／W_start=8.0600／Δ=+0.0000／Δ_self=+8.2000／🔄方向改變　628-18(2)→628-7(2): W_far=16.0200／W_near=16.0200／W_start=16.0200／Δ=+0.0000／Δ_self=+0.0000　628-7(2)→628-31(1): W_far=21.6900／W_near=21.6900／W_start=21.6900／Δ=+0.0000／Δ_self=+0.0000　628-31(1)→628-32(1): W_far=21.9300／W_near=21.9300／W_start=21.9300／Δ=+0.0000／Δ_self=+0.0000
[Δ_i·R5·left·階段2] （無界面）
[Δ_i·R5·left·階段1] 628-45(1)+→628-18(2): W_far=8.0600／W_near=9.6900／W_start=8.0600／Δ=+0.0000／Δ_self=+8.2000／🔄方向改變　628-18(2)→628-7(2): W_far=16.0200／W_near=16.0200／W_start=16.0200／Δ=+0.0000／Δ_self=+0.0000　628-7(2)→628-31(1): W_far=21.6900／W_near=21.6900／W_start=21.6900／Δ=+0.0000／Δ_self=+0.0000　628-31(1)→628-32(1): W_far=21.9300／W_near=21.9300／W_start=21.9300／Δ=+0.0000／Δ_self=+0.0000
[Δ_i·R5·right·階段1] （無界面）
[T2-DIAG] 街廓 R3｜宗數 10｜池帶 1 片｜池帶 s 寬 [40.5337]｜池帶面積 [1795.1328]｜Σ池 1795.1328｜覆蓋殘差 0.0001｜Σ 殘差 -0.0001｜宗-宗疊 0.0000（上界 1.9953）｜內部縫 0 帶／0.0000㎡｜退化帶 3 個（s 寬 5.57e-06, 1.70e-10, 4.24e-11）｜s 域 [-0.0000,96.8032]
[Δ_i·R3·right·總量] 628-30(3)+→628-42(2): W_far=14.1400／W_near=15.7800／W_start=14.1400／Δ=+0.0000／Δ_self=+5.4280／🔄方向改變　628-42(2)→628-27(2): W_far=16.1000／W_near=16.1000／W_start=16.1000／Δ=+0.0000／Δ_self=+0.0000　628-27(2)→628-29(1)+: W_far=16.6900／W_near=16.6900／W_start=16.6900／Δ=+0.0000／Δ_self=+0.0000　628-29(1)+→628-31(3): W_far=19.6200／W_near=19.6200／W_start=19.6200／Δ=+0.0000／Δ_self=+0.0000
[Δ_i·R3·right·階段2] （無界面）
[Δ_i·R3·left·階段1] （無界面）
[Δ_i·R3·right·階段1] 628-30(3)+→628-42(2): W_far=14.1400／W_near=15.7800／W_start=14.1400／Δ=+0.0000／Δ_self=+5.4280／🔄方向改變　628-42(2)→628-27(2): W_far=16.1000／W_near=16.1000／W_start=16.1000／Δ=+0.0000／Δ_self=+0.0000　628-27(2)→628-29(1)+: W_far=16.6900／W_near=16.6900／W_start=16.6900／Δ=+0.0000／Δ_self=+0.0000　628-29(1)+→628-31(3): W_far=19.6200／W_near=19.6200／W_start=19.6200／Δ=+0.0000／Δ_self=+0.0000
🟢 [配餘] 街廓 R1：幾何餘 0.0046㎡ 入抵費地（`K-9-5-7` 配餘·s∈[-0.3248,-0.0358]）——原為「非宗亦非池帶」之無主空間
[T2-DIAG] 街廓 R1｜宗數 5｜池帶 2 片｜池帶 s 寬 [35.4647  0.2890]｜池帶面積 [1175.4937  0.0046]｜Σ池 1175.4983｜覆蓋殘差 0.0000｜Σ 殘差 -0.0000｜宗-宗疊 0.0000（上界 0.6630）｜內部縫 0 帶／0.0000㎡｜退化帶 0 個｜s 域 [-0.3248,87.7155]
[Δ_i·R1·left·總量] 628-37(1)→628-35(2): W_far=6.4600／W_near=6.6200／W_start=6.4600／Δ=+0.0000／Δ_self=+0.9120／🔄方向改變
[Δ_i·R1·right·總量] 628(5)→628-34(3): W_far=7.0200／W_near=7.2300／W_start=7.0200／Δ=+0.0000／Δ_self=+1.1340／🔄方向改變　628-34(3)→628-36(1): W_far=9.6100／W_near=9.6100／W_start=9.6100／Δ=+0.0000／Δ_self=+0.0000
[Δ_i·R1·left·階段2] （無界面）
[Δ_i·R1·right·階段2] （無界面）
[Δ_i·R1·left·階段1] 628-37(1)→628-35(2): W_far=6.4600／W_near=6.6200／W_start=6.4600／Δ=+0.0000／Δ_self=+0.9120／🔄方向改變
[Δ_i·R1·right·階段1] 628(5)→628-34(3): W_far=7.0200／W_near=7.2300／W_start=7.0200／Δ=+0.0000／Δ_self=+1.1340／🔄方向改變　628-34(3)→628-36(1): W_far=9.6100／W_near=9.6100／W_start=9.6100／Δ=+0.0000／Δ_self=+0.0000
🟢 [配餘] 街廓 R2：幾何餘 152.3551㎡ 入抵費地（`K-9-5-7` 配餘·s∈[4.0554,10.8395]）——原為「非宗亦非池帶」之無主空間
[T2-DIAG] 街廓 R2｜宗數 12｜池帶 2 片｜池帶 s 寬 [37.8168  6.7842]｜池帶面積 [1682.7445  152.3551]｜Σ池 1835.0996｜覆蓋殘差 0.0000｜Σ 殘差 -0.0000｜宗-宗疊 0.0000（上界 2.4459）｜內部縫 0 帶／0.0000㎡｜退化帶 2 個（s 寬 2.67e-07, 4.23e-11）｜s 域 [0.2677,100.0274]
[Δ_i·R2·left·總量] 628-41(1)→628-40(1)+: W_far=4.0600／W_near=5.7400／W_start=4.0600／Δ=+0.0000／Δ_self=+10.2680／🔄方向改變　628-40(1)+→628-30(2): W_far=13.7800／W_near=13.7800／W_start=13.7800／Δ=+0.0000／Δ_self=+0.0000　628-30(2)→628-39(1): W_far=15.7200／W_near=15.7200／W_start=15.7200／Δ=+0.0000／Δ_self=+0.0000　628-39(1)→628-31(2): W_far=20.9300／W_near=20.9300／W_start=20.9300／Δ=+0.0000／Δ_self=+0.0000
[Δ_i·R2·left·階段2] （無界面）
[Δ_i·R2·left·階段1] 628-41(1)→628-40(1)+: W_far=4.0600／W_near=5.7400／W_start=4.0600／Δ=+0.0000／Δ_self=+10.2680／🔄方向改變　628-40(1)+→628-30(2): W_far=13.7800／W_near=13.7800／W_start=13.7800／Δ=+0.0000／Δ_self=+0.0000　628-30(2)→628-39(1): W_far=15.7200／W_near=15.7200／W_start=15.7200／Δ=+0.0000／Δ_self=+0.0000　628-39(1)→628-31(2): W_far=20.9300／W_near=20.9300／W_start=20.9300／Δ=+0.0000／Δ_self=+0.0000
[Δ_i·R2·right·階段1] （無界面）
🟢 [配餘] 街廓 R4：幾何餘 26.1116㎡ 入抵費地（`K-9-5-7` 配餘·s∈[1.5767,49.5299]）——原為「非宗亦非池帶」之無主空間
🟢 [配餘] 街廓 R4：幾何餘 26.0858㎡ 入抵費地（`K-9-5-7` 配餘·s∈[49.5299,97.2360]）——原為「非宗亦非池帶」之無主空間
[T2-DIAG] 街廓 R4｜宗數 1｜池帶 4 片｜池帶 s 寬 [4.3238  31.7158  47.9532  47.7061]｜池帶面積 [116.0800  1022.0462  26.1116  26.0858]｜Σ池 1190.3236｜覆蓋殘差 0.0000｜Σ 殘差 +0.0000｜宗-宗疊 0.0000（上界 0.0000）｜內部縫 0 帶／0.0000㎡｜退化帶 0 個｜s 域 [0.1759,98.7163]
[Δ_i·R4·left·總量] （無界面）
[Δ_i·R4·right·總量] （無界面）
[Δ_i·R4·left·階段2] （無界面）
[Δ_i·R4·right·階段2] （無界面）
🔴 首宗下限未達（補丁六 §二）：街廓 R4 right 側 首宗 KL W=0.00 < 退縮(0.00)＋畸零寬(3.50)=3.50——loud 記錄·禁靜默/禁 clamp（重烤後應 ≥ 下限）
[T2-DIAG] 街廓 R6｜宗數 8｜池帶 2 片｜池帶 s 寬 [3.6068  34.0520]｜池帶面積 [85.7064  1543.0063]｜Σ池 1628.7127｜覆蓋殘差 0.0000｜Σ 殘差 -0.0000｜宗-宗疊 0.0000（上界 1.5929）｜內部縫 0 帶／0.0000㎡｜退化帶 2 個（s 寬 1.18e-11, 1.01e-11）｜s 域 [-3.6068,85.8549]
[Δ_i·R6·right·總量] 628-18(1)→628-53(1): W_far=7.2000／W_near=7.2000／W_start=7.2000／Δ=+0.0000／Δ_self=+0.0000　628-53(1)→628-38(1): W_far=7.2000／W_near=7.2000／W_start=7.2000／Δ=+0.0000／Δ_self=+0.0000　628-38(1)→628-7(1): W_far=9.8900／W_near=9.8900／W_start=9.8900／Δ=+0.0000／Δ_self=+0.0000　628-7(1)→628-20(1): W_far=16.7700／W_near=16.7700／W_start=16.7700／Δ=+0.0000／Δ_self=+0.0000
[K-9-5-8] 街廓 R6 right 側：SIDE ∥ ALLOC **退化**（|cross|=0.0000000474／夾角=0.000003°　≤ 容差 1e-06）⇒ `K-9-5-4 ②` 套用後方向等值、無楔形；方向判準所得 []／街角第 1 宗 ['628-18(1)']——**合法組態·⛔ 非異常**（KL 裁 2026-08-08）
[Δ_i·R6·right·階段2] （無界面）
[Δ_i·R6·left·階段1] （無界面）
[Δ_i·R6·right·階段1] 628-18(1)→628-53(1): W_far=7.2000／W_near=7.2000／W_start=7.2000／Δ=+0.0000／Δ_self=+0.0000　628-53(1)→628-38(1): W_far=7.2000／W_near=7.2000／W_start=7.2000／Δ=+0.0000／Δ_self=+0.0000　628-38(1)→628-7(1): W_far=9.8900／W_near=9.8900／W_start=9.8900／Δ=+0.0000／Δ_self=+0.0000　628-7(1)→628-20(1): W_far=16.7700／W_near=16.7700／W_start=16.7700／Δ=+0.0000／Δ_self=+0.0000
[K-9-5-8] 街廓 R6 right 側：SIDE ∥ ALLOC **退化**（|cross|=0.0000000474／夾角=0.000003°　≤ 容差 1e-06）⇒ `K-9-5-4 ②` 套用後方向等值、無楔形；方向判準所得 []／街角第 1 宗 ['628-18(1)']——**合法組態·⛔ 非異常**（KL 裁 2026-08-08）
🟢 [配餘] 街廓 R5：幾何餘 145.1703㎡ 入抵費地（`K-9-5-7` 配餘·s∈[4.8498,11.4856]）——原為「非宗亦非池帶」之無主空間
[T2-DIAG] 街廓 R5｜宗數 7｜池帶 2 片｜池帶 s 寬 [35.7758  6.6358]｜池帶面積 [1621.8010  145.1703]｜Σ池 1766.9713｜覆蓋殘差 0.0000｜Σ 殘差 -0.0000｜宗-宗疊 0.0000（上界 1.3713）｜內部縫 0 帶／0.0000㎡｜退化帶 1 個（s 寬 6.31e-12）｜s 域 [0.2685,92.7995]
[Δ_i·R5·left·總量] 628-18(2)→628-7(2): W_far=4.8500／W_near=6.4900／W_start=4.8500／Δ=+0.0000／Δ_self=+9.7230／🔄方向改變　628-7(2)→628-45(1)+: W_far=13.4700／W_near=13.4700／W_start=13.4700／Δ=+0.0000／Δ_self=+0.0000　628-45(1)+→628-31(1): W_far=21.6700／W_near=21.6700／W_start=21.6700／Δ=+0.0000／Δ_self=+0.0000　628-31(1)→628-32(1): W_far=21.9100／W_near=21.9100／W_start=21.9100／Δ=+0.0000／Δ_self=+0.0000
[Δ_i·R5·left·階段2] （無界面）
[Δ_i·R5·left·階段1] 628-18(2)→628-7(2): W_far=4.8500／W_near=6.4900／W_start=4.8500／Δ=+0.0000／Δ_self=+9.7230／🔄方向改變　628-7(2)→628-45(1)+: W_far=13.4700／W_near=13.4700／W_start=13.4700／Δ=+0.0000／Δ_self=+0.0000　628-45(1)+→628-31(1): W_far=21.6700／W_near=21.6700／W_start=21.6700／Δ=+0.0000／Δ_self=+0.0000　628-31(1)→628-32(1): W_far=21.9100／W_near=21.9100／W_start=21.9100／Δ=+0.0000／Δ_self=+0.0000
[Δ_i·R5·right·階段1] （無界面）
[T2-DIAG] 街廓 R3｜宗數 10｜池帶 1 片｜池帶 s 寬 [40.5337]｜池帶面積 [1795.1328]｜Σ池 1795.1328｜覆蓋殘差 0.0001｜Σ 殘差 -0.0001｜宗-宗疊 0.0000（上界 1.9953）｜內部縫 0 帶／0.0000㎡｜退化帶 3 個（s 寬 5.57e-06, 1.70e-10, 4.24e-11）｜s 域 [-0.0000,96.8032]
[Δ_i·R3·right·總量] 628-30(3)+→628-42(2): W_far=14.1400／W_near=15.7800／W_start=14.1400／Δ=+0.0000／Δ_self=+5.4280／🔄方向改變　628-42(2)→628-27(2): W_far=16.1000／W_near=16.1000／W_start=16.1000／Δ=+0.0000／Δ_self=+0.0000　628-27(2)→628-29(1)+: W_far=16.6900／W_near=16.6900／W_start=16.6900／Δ=+0.0000／Δ_self=+0.0000　628-29(1)+→628-31(3): W_far=19.6200／W_near=19.6200／W_start=19.6200／Δ=+0.0000／Δ_self=+0.0000
[Δ_i·R3·right·階段2] （無界面）
[Δ_i·R3·left·階段1] （無界面）
[Δ_i·R3·right·階段1] 628-30(3)+→628-42(2): W_far=14.1400／W_near=15.7800／W_start=14.1400／Δ=+0.0000／Δ_self=+5.4280／🔄方向改變　628-42(2)→628-27(2): W_far=16.1000／W_near=16.1000／W_start=16.1000／Δ=+0.0000／Δ_self=+0.0000　628-27(2)→628-29(1)+: W_far=16.6900／W_near=16.6900／W_start=16.6900／Δ=+0.0000／Δ_self=+0.0000　628-29(1)+→628-31(3): W_far=19.6200／W_near=19.6200／W_start=19.6200／Δ=+0.0000／Δ_self=+0.0000
🟢 [配餘] 街廓 R1：幾何餘 5.3835㎡ 入抵費地（`K-9-5-7` 配餘·s∈[17.2402,17.5649]）——原為「非宗亦非池帶」之無主空間
🟢 [配餘] 街廓 R1：幾何餘 0.0046㎡ 入抵費地（`K-9-5-7` 配餘·s∈[-0.3248,-0.0358]）——原為「非宗亦非池帶」之無主空間
[T2-DIAG] 街廓 R1｜宗數 5｜池帶 3 片｜池帶 s 寬 [35.2871  0.3247  0.2890]｜池帶面積 [1169.7082  5.3835  0.0046]｜Σ池 1175.0963｜覆蓋殘差 0.0000｜Σ 殘差 -0.0000｜宗-宗疊 0.0000（上界 0.6630）｜內部縫 0 帶／0.0000㎡｜退化帶 0 個｜s 域 [-0.3248,87.7155]
[Δ_i·R1·left·總量] （無界面）
[Δ_i·R1·right·總量] 628(5)→628-34(3): W_far=7.0200／W_near=7.2300／W_start=7.0200／Δ=+0.0000／Δ_self=+1.1340／🔄方向改變　628-34(3)→628-37(1): W_far=9.6100／W_near=9.6100／W_start=9.6100／Δ=+0.0000／Δ_self=+0.0000　628-37(1)→628-35(2): W_far=16.1200／W_near=16.1200／W_start=16.1200／Δ=+0.0000／Δ_self=+0.0000
[Δ_i·R1·left·階段2] （無界面）
[Δ_i·R1·right·階段2] （無界面）
[Δ_i·R1·left·階段1] （無界面）
[Δ_i·R1·right·階段1] 628(5)→628-34(3): W_far=7.0200／W_near=7.2300／W_start=7.0200／Δ=+0.0000／Δ_self=+1.1340／🔄方向改變　628-34(3)→628-37(1): W_far=9.6100／W_near=9.6100／W_start=9.6100／Δ=+0.0000／Δ_self=+0.0000　628-37(1)→628-35(2): W_far=16.1200／W_near=16.1200／W_start=16.1200／Δ=+0.0000／Δ_self=+0.0000
[T2-DIAG] 街廓 R2｜宗數 14｜池帶 2 片｜池帶 s 寬 [8.4283  32.9691]｜池帶面積 [308.1700  1466.2584]｜Σ池 1774.4284｜覆蓋殘差 0.0000｜Σ 殘差 -0.0000｜宗-宗疊 0.0000（上界 2.8906）｜內部縫 0 帶／0.0000㎡｜退化帶 4 個（s 寬 5.98e-12, 4.27e-10, 4.09e-11, 4.23e-11）｜s 域 [0.2677,100.0274]
[Δ_i·R2·left·總量] 628-42(1)→628-41(1): W_far=7.0900／W_near=7.0900／W_start=7.0900／Δ=+0.0000／Δ_self=+0.0000　628-41(1)→628-27(1): W_far=11.1600／W_near=11.1600／W_start=11.1600／Δ=+0.0000／Δ_self=+0.0000　628-27(1)→628-40(1)+: W_far=11.8200／W_near=11.8200／W_start=11.8200／Δ=+0.0000／Δ_self=+0.0000　628-40(1)+→628-30(2): W_far=18.4800／W_near=18.4800／W_start=18.4800／Δ=+0.0000／Δ_self=+0.0000　628-30(2)→628-39(1): W_far=20.4900／W_near=20.4900／W_start=20.4900／Δ=+0.0000／Δ_self=+0.0000　628-39(1)→628-31(2): W_far=25.7600／W_near=25.7600／W_start=25.7600／Δ=+0.0000／Δ_self=+0.0000
[Δ_i·R2·left·階段2] （無界面）
[Δ_i·R2·left·階段1] 628-42(1)→628-41(1): W_far=7.0900／W_near=7.0900／W_start=7.0900／Δ=+0.0000／Δ_self=+0.0000　628-41(1)→628-27(1): W_far=11.1600／W_near=11.1600／W_start=11.1600／Δ=+0.0000／Δ_self=+0.0000　628-27(1)→628-40(1)+: W_far=11.8200／W_near=11.8200／W_start=11.8200／Δ=+0.0000／Δ_self=+0.0000　628-40(1)+→628-30(2): W_far=18.4800／W_near=18.4800／W_start=18.4800／Δ=+0.0000／Δ_self=+0.0000　628-30(2)→628-39(1): W_far=20.4900／W_near=20.4900／W_start=20.4900／Δ=+0.0000／Δ_self=+0.0000　628-39(1)→628-31(2): W_far=25.7600／W_near=25.7600／W_start=25.7600／Δ=+0.0000／Δ_self=+0.0000
[Δ_i·R2·right·階段1] （無界面）
🟢 [配餘] 街廓 R4：幾何餘 26.1102㎡ 入抵費地（`K-9-5-7` 配餘·s∈[7.8186,9.3951]）——原為「非宗亦非池帶」之無主空間
🟢 [配餘] 街廓 R4：幾何餘 26.0843㎡ 入抵費地（`K-9-5-7` 配餘·s∈[68.9201,70.4959]）——原為「非宗亦非池帶」之無主空間
[T2-DIAG] 街廓 R4｜宗數 1｜池帶 4 片｜池帶 s 寬 [7.6427  28.2204  1.5766  1.5758]｜池帶面積 [226.0100  906.3247  26.1102  26.0843]｜Σ池 1184.5292｜覆蓋殘差 0.0000｜Σ 殘差 +0.0000｜宗-宗疊 0.0000（上界 0.0000）｜內部縫 0 帶／0.0000㎡｜退化帶 0 個｜s 域 [0.1759,98.7163]
[Δ_i·R4·left·總量] （無界面）
[Δ_i·R4·right·總量] （無界面）
[Δ_i·R4·left·階段2] （無界面）
[Δ_i·R4·right·階段2] （無界面）
🔴 首宗下限未達（補丁六 §二）：街廓 R4 right 側 首宗 KL W=0.00 < 退縮(3.50)＋畸零寬(3.50)=7.00——loud 記錄·禁靜默/禁 clamp（重烤後應 ≥ 下限）
[T2-DIAG] 街廓 R6｜宗數 8｜池帶 2 片｜池帶 s 寬 [3.6068  34.0520]｜池帶面積 [85.7064  1543.0063]｜Σ池 1628.7127｜覆蓋殘差 0.0000｜Σ 殘差 -0.0000｜宗-宗疊 0.0000（上界 1.5929）｜內部縫 0 帶／0.0000㎡｜退化帶 2 個（s 寬 1.18e-11, 1.01e-11）｜s 域 [-3.6068,85.8549]
[Δ_i·R6·right·總量] 628-18(1)→628-53(1): W_far=7.2000／W_near=7.2000／W_start=7.2000／Δ=+0.0000／Δ_self=+0.0000　628-53(1)→628-38(1): W_far=7.2000／W_near=7.2000／W_start=7.2000／Δ=+0.0000／Δ_self=+0.0000　628-38(1)→628-7(1): W_far=9.8900／W_near=9.8900／W_start=9.8900／Δ=+0.0000／Δ_self=+0.0000　628-7(1)→628-20(1): W_far=16.7700／W_near=16.7700／W_start=16.7700／Δ=+0.0000／Δ_self=+0.0000
[K-9-5-8] 街廓 R6 right 側：SIDE ∥ ALLOC **退化**（|cross|=0.0000000474／夾角=0.000003°　≤ 容差 1e-06）⇒ `K-9-5-4 ②` 套用後方向等值、無楔形；方向判準所得 []／街角第 1 宗 ['628-18(1)']——**合法組態·⛔ 非異常**（KL 裁 2026-08-08）
[Δ_i·R6·right·階段2] （無界面）
[Δ_i·R6·left·階段1] （無界面）
[Δ_i·R6·right·階段1] 628-18(1)→628-53(1): W_far=7.2000／W_near=7.2000／W_start=7.2000／Δ=+0.0000／Δ_self=+0.0000　628-53(1)→628-38(1): W_far=7.2000／W_near=7.2000／W_start=7.2000／Δ=+0.0000／Δ_self=+0.0000　628-38(1)→628-7(1): W_far=9.8900／W_near=9.8900／W_start=9.8900／Δ=+0.0000／Δ_self=+0.0000　628-7(1)→628-20(1): W_far=16.7700／W_near=16.7700／W_start=16.7700／Δ=+0.0000／Δ_self=+0.0000
[K-9-5-8] 街廓 R6 right 側：SIDE ∥ ALLOC **退化**（|cross|=0.0000000474／夾角=0.000003°　≤ 容差 1e-06）⇒ `K-9-5-4 ②` 套用後方向等值、無楔形；方向判準所得 []／街角第 1 宗 ['628-18(1)']——**合法組態·⛔ 非異常**（KL 裁 2026-08-08）
🟢 [配餘] 街廓 R5：幾何餘 146.1806㎡ 入抵費地（`K-9-5-7` 配餘·s∈[8.0592,14.7180]）——原為「非宗亦非池帶」之無主空間
[T2-DIAG] 街廓 R5｜宗數 7｜池帶 2 片｜池帶 s 寬 [35.7531  6.6588]｜池帶面積 [1620.7892  146.1806]｜Σ池 1766.9699｜覆蓋殘差 0.0000｜Σ 殘差 -0.0000｜宗-宗疊 0.0000（上界 1.3713）｜內部縫 0 帶／0.0000㎡｜退化帶 0 個｜s 域 [0.2685,92.7995]
[Δ_i·R5·left·總量] 628-45(1)+→628-18(2): W_far=8.0600／W_near=9.6900／W_start=8.0600／Δ=+0.0000／Δ_self=+8.2000／🔄方向改變　628-18(2)→628-7(2): W_far=16.0200／W_near=16.0200／W_start=16.0200／Δ=+0.0000／Δ_self=+0.0000　628-7(2)→628-31(1): W_far=21.6900／W_near=21.6900／W_start=21.6900／Δ=+0.0000／Δ_self=+0.0000　628-31(1)→628-32(1): W_far=21.9300／W_near=21.9300／W_start=21.9300／Δ=+0.0000／Δ_self=+0.0000
[Δ_i·R5·left·階段2] （無界面）
[Δ_i·R5·left·階段1] 628-45(1)+→628-18(2): W_far=8.0600／W_near=9.6900／W_start=8.0600／Δ=+0.0000／Δ_self=+8.2000／🔄方向改變　628-18(2)→628-7(2): W_far=16.0200／W_near=16.0200／W_start=16.0200／Δ=+0.0000／Δ_self=+0.0000　628-7(2)→628-31(1): W_far=21.6900／W_near=21.6900／W_start=21.6900／Δ=+0.0000／Δ_self=+0.0000　628-31(1)→628-32(1): W_far=21.9300／W_near=21.9300／W_start=21.9300／Δ=+0.0000／Δ_self=+0.0000
[Δ_i·R5·right·階段1] （無界面）
[T2-DIAG] 街廓 R3｜宗數 10｜池帶 1 片｜池帶 s 寬 [40.5337]｜池帶面積 [1795.1328]｜Σ池 1795.1328｜覆蓋殘差 0.0001｜Σ 殘差 -0.0001｜宗-宗疊 0.0000（上界 1.9953）｜內部縫 0 帶／0.0000㎡｜退化帶 3 個（s 寬 5.57e-06, 1.70e-10, 4.24e-11）｜s 域 [-0.0000,96.8032]
[Δ_i·R3·right·總量] 628-30(3)+→628-42(2): W_far=14.1400／W_near=15.7800／W_start=14.1400／Δ=+0.0000／Δ_self=+5.4280／🔄方向改變　628-42(2)→628-27(2): W_far=16.1000／W_near=16.1000／W_start=16.1000／Δ=+0.0000／Δ_self=+0.0000　628-27(2)→628-29(1)+: W_far=16.6900／W_near=16.6900／W_start=16.6900／Δ=+0.0000／Δ_self=+0.0000　628-29(1)+→628-31(3): W_far=19.6200／W_near=19.6200／W_start=19.6200／Δ=+0.0000／Δ_self=+0.0000
[Δ_i·R3·right·階段2] （無界面）
[Δ_i·R3·left·階段1] （無界面）
[Δ_i·R3·right·階段1] 628-30(3)+→628-42(2): W_far=14.1400／W_near=15.7800／W_start=14.1400／Δ=+0.0000／Δ_self=+5.4280／🔄方向改變　628-42(2)→628-27(2): W_far=16.1000／W_near=16.1000／W_start=16.1000／Δ=+0.0000／Δ_self=+0.0000　628-27(2)→628-29(1)+: W_far=16.6900／W_near=16.6900／W_start=16.6900／Δ=+0.0000／Δ_self=+0.0000　628-29(1)+→628-31(3): W_far=19.6200／W_near=19.6200／W_start=19.6200／Δ=+0.0000／Δ_self=+0.0000
… W-F F.0（級0/0' 合併＋梯3 釋池；trunk B 終態）
🟢 [配餘] 街廓 R1：幾何餘 0.0046㎡ 入抵費地（`K-9-5-7` 配餘·s∈[-0.3248,-0.0358]）——原為「非宗亦非池帶」之無主空間
[T2-DIAG] 街廓 R1｜宗數 5｜池帶 2 片｜池帶 s 寬 [35.4647  0.2890]｜池帶面積 [1175.4937  0.0046]｜Σ池 1175.4983｜覆蓋殘差 0.0000｜Σ 殘差 -0.0000｜宗-宗疊 0.0000（上界 0.6630）｜內部縫 0 帶／0.0000㎡｜退化帶 0 個｜s 域 [-0.3248,87.7155]
[Δ_i·R1·left·總量] 628-37(1)→628-35(2): W_far=6.4600／W_near=6.6200／W_start=6.4600／Δ=+0.0000／Δ_self=+0.9120／🔄方向改變
[Δ_i·R1·right·總量] 628(5)→628-34(3): W_far=7.0200／W_near=7.2300／W_start=7.0200／Δ=+0.0000／Δ_self=+1.1340／🔄方向改變　628-34(3)→628-36(1): W_far=9.6100／W_near=9.6100／W_start=9.6100／Δ=+0.0000／Δ_self=+0.0000
[Δ_i·R1·left·階段2] （無界面）
[Δ_i·R1·right·階段2] （無界面）
[Δ_i·R1·left·階段1] 628-37(1)→628-35(2): W_far=6.4600／W_near=6.6200／W_start=6.4600／Δ=+0.0000／Δ_self=+0.9120／🔄方向改變
[Δ_i·R1·right·階段1] 628(5)→628-34(3): W_far=7.0200／W_near=7.2300／W_start=7.0200／Δ=+0.0000／Δ_self=+1.1340／🔄方向改變　628-34(3)→628-36(1): W_far=9.6100／W_near=9.6100／W_start=9.6100／Δ=+0.0000／Δ_self=+0.0000
🟢 [配餘] 街廓 R2：幾何餘 152.3551㎡ 入抵費地（`K-9-5-7` 配餘·s∈[4.0554,10.8395]）——原為「非宗亦非池帶」之無主空間
[T2-DIAG] 街廓 R2｜宗數 12｜池帶 2 片｜池帶 s 寬 [37.8168  6.7842]｜池帶面積 [1682.7445  152.3551]｜Σ池 1835.0996｜覆蓋殘差 0.0000｜Σ 殘差 -0.0000｜宗-宗疊 0.0000（上界 2.4459）｜內部縫 0 帶／0.0000㎡｜退化帶 2 個（s 寬 2.67e-07, 4.23e-11）｜s 域 [0.2677,100.0274]
[Δ_i·R2·left·總量] 628-41(1)→628-40(1)+: W_far=4.0600／W_near=5.7400／W_start=4.0600／Δ=+0.0000／Δ_self=+10.2680／🔄方向改變　628-40(1)+→628-30(2): W_far=13.7800／W_near=13.7800／W_start=13.7800／Δ=+0.0000／Δ_self=+0.0000　628-30(2)→628-39(1): W_far=15.7200／W_near=15.7200／W_start=15.7200／Δ=+0.0000／Δ_self=+0.0000　628-39(1)→628-31(2): W_far=20.9300／W_near=20.9300／W_start=20.9300／Δ=+0.0000／Δ_self=+0.0000
[Δ_i·R2·left·階段2] （無界面）
[Δ_i·R2·left·階段1] 628-41(1)→628-40(1)+: W_far=4.0600／W_near=5.7400／W_start=4.0600／Δ=+0.0000／Δ_self=+10.2680／🔄方向改變　628-40(1)+→628-30(2): W_far=13.7800／W_near=13.7800／W_start=13.7800／Δ=+0.0000／Δ_self=+0.0000　628-30(2)→628-39(1): W_far=15.7200／W_near=15.7200／W_start=15.7200／Δ=+0.0000／Δ_self=+0.0000　628-39(1)→628-31(2): W_far=20.9300／W_near=20.9300／W_start=20.9300／Δ=+0.0000／Δ_self=+0.0000
[Δ_i·R2·right·階段1] （無界面）
🟢 [配餘] 街廓 R4：幾何餘 26.1116㎡ 入抵費地（`K-9-5-7` 配餘·s∈[1.5767,49.5299]）——原為「非宗亦非池帶」之無主空間
🟢 [配餘] 街廓 R4：幾何餘 26.0858㎡ 入抵費地（`K-9-5-7` 配餘·s∈[49.5299,97.2360]）——原為「非宗亦非池帶」之無主空間
[T2-DIAG] 街廓 R4｜宗數 1｜池帶 4 片｜池帶 s 寬 [4.3238  31.7158  47.9532  47.7061]｜池帶面積 [116.0800  1022.0462  26.1116  26.0858]｜Σ池 1190.3236｜覆蓋殘差 0.0000｜Σ 殘差 +0.0000｜宗-宗疊 0.0000（上界 0.0000）｜內部縫 0 帶／0.0000㎡｜退化帶 0 個｜s 域 [0.1759,98.7163]
[Δ_i·R4·left·總量] （無界面）
[Δ_i·R4·right·總量] （無界面）
[Δ_i·R4·left·階段2] （無界面）
[Δ_i·R4·right·階段2] （無界面）
🔴 首宗下限未達（補丁六 §二）：街廓 R4 right 側 首宗 KL W=0.00 < 退縮(0.00)＋畸零寬(3.50)=3.50——loud 記錄·禁靜默/禁 clamp（重烤後應 ≥ 下限）
[T2-DIAG] 街廓 R6｜宗數 7｜池帶 2 片｜池帶 s 寬 [3.6068  34.0578]｜池帶面積 [85.7064  1543.2632]｜Σ池 1628.9695｜覆蓋殘差 0.0000｜Σ 殘差 -0.0000｜宗-宗疊 0.0000（上界 1.3653）｜內部縫 0 帶／0.0000㎡｜退化帶 1 個（s 寬 1.18e-11）｜s 域 [-3.6068,85.8549]
[Δ_i·R6·right·總量] 628-18(1)→628-38(1): W_far=7.2000／W_near=7.2000／W_start=7.2000／Δ=+0.0000／Δ_self=+0.0000　628-38(1)→628-7(1): W_far=9.8900／W_near=9.8900／W_start=9.8900／Δ=+0.0000／Δ_self=+0.0000　628-7(1)→628-20(1): W_far=16.7600／W_near=16.7600／W_start=16.7600／Δ=+0.0000／Δ_self=+0.0000
[K-9-5-8] 街廓 R6 right 側：SIDE ∥ ALLOC **退化**（|cross|=0.0000000474／夾角=0.000003°　≤ 容差 1e-06）⇒ `K-9-5-4 ②` 套用後方向等值、無楔形；方向判準所得 []／街角第 1 宗 ['628-18(1)']——**合法組態·⛔ 非異常**（KL 裁 2026-08-08）
[Δ_i·R6·right·階段2] （無界面）
[Δ_i·R6·left·階段1] （無界面）
[Δ_i·R6·right·階段1] 628-18(1)→628-38(1): W_far=7.2000／W_near=7.2000／W_start=7.2000／Δ=+0.0000／Δ_self=+0.0000　628-38(1)→628-7(1): W_far=9.8900／W_near=9.8900／W_start=9.8900／Δ=+0.0000／Δ_self=+0.0000　628-7(1)→628-20(1): W_far=16.7600／W_near=16.7600／W_start=16.7600／Δ=+0.0000／Δ_self=+0.0000
[K-9-5-8] 街廓 R6 right 側：SIDE ∥ ALLOC **退化**（|cross|=0.0000000474／夾角=0.000003°　≤ 容差 1e-06）⇒ `K-9-5-4 ②` 套用後方向等值、無楔形；方向判準所得 []／街角第 1 宗 ['628-18(1)']——**合法組態·⛔ 非異常**（KL 裁 2026-08-08）
🟢 [配餘] 街廓 R5：幾何餘 145.1703㎡ 入抵費地（`K-9-5-7` 配餘·s∈[4.8498,11.4856]）——原為「非宗亦非池帶」之無主空間
[T2-DIAG] 街廓 R5｜宗數 7｜池帶 2 片｜池帶 s 寬 [35.7758  6.6358]｜池帶面積 [1621.8010  145.1703]｜Σ池 1766.9713｜覆蓋殘差 0.0000｜Σ 殘差 -0.0000｜宗-宗疊 0.0000（上界 1.3713）｜內部縫 0 帶／0.0000㎡｜退化帶 1 個（s 寬 6.31e-12）｜s 域 [0.2685,92.7995]
[Δ_i·R5·left·總量] 628-18(2)→628-7(2): W_far=4.8500／W_near=6.4900／W_start=4.8500／Δ=+0.0000／Δ_self=+9.7230／🔄方向改變　628-7(2)→628-45(1)+: W_far=13.4700／W_near=13.4700／W_start=13.4700／Δ=+0.0000／Δ_self=+0.0000　628-45(1)+→628-31(1): W_far=21.6700／W_near=21.6700／W_start=21.6700／Δ=+0.0000／Δ_self=+0.0000　628-31(1)→628-32(1): W_far=21.9100／W_near=21.9100／W_start=21.9100／Δ=+0.0000／Δ_self=+0.0000
[Δ_i·R5·left·階段2] （無界面）
[Δ_i·R5·left·階段1] 628-18(2)→628-7(2): W_far=4.8500／W_near=6.4900／W_start=4.8500／Δ=+0.0000／Δ_self=+9.7230／🔄方向改變　628-7(2)→628-45(1)+: W_far=13.4700／W_near=13.4700／W_start=13.4700／Δ=+0.0000／Δ_self=+0.0000　628-45(1)+→628-31(1): W_far=21.6700／W_near=21.6700／W_start=21.6700／Δ=+0.0000／Δ_self=+0.0000　628-31(1)→628-32(1): W_far=21.9100／W_near=21.9100／W_start=21.9100／Δ=+0.0000／Δ_self=+0.0000
[Δ_i·R5·right·階段1] （無界面）
[T2-DIAG] 街廓 R3｜宗數 9｜池帶 1 片｜池帶 s 寬 [41.1450]｜池帶面積 [1822.3573]｜Σ池 1822.3573｜覆蓋殘差 0.0001｜Σ 殘差 -0.0001｜宗-宗疊 0.0000（上界 1.7736）｜內部縫 0 帶／0.0000㎡｜退化帶 3 個（s 寬 5.57e-06, 1.70e-10, 4.24e-11）｜s 域 [-0.0000,96.8032]
[Δ_i·R3·right·總量] 628-30(3)+→628-42(2): W_far=14.1400／W_near=15.7800／W_start=14.1400／Δ=+0.0000／Δ_self=+5.4280／🔄方向改變　628-42(2)→628-29(1)+: W_far=16.1000／W_near=16.1000／W_start=16.1000／Δ=+0.0000／Δ_self=+0.0000　628-29(1)+→628-31(3): W_far=19.0100／W_near=19.0100／W_start=19.0100／Δ=+0.0000／Δ_self=+0.0000
[Δ_i·R3·right·階段2] （無界面）
[Δ_i·R3·left·階段1] （無界面）
[Δ_i·R3·right·階段1] 628-30(3)+→628-42(2): W_far=14.1400／W_near=15.7800／W_start=14.1400／Δ=+0.0000／Δ_self=+5.4280／🔄方向改變　628-42(2)→628-29(1)+: W_far=16.1000／W_near=16.1000／W_start=16.1000／Δ=+0.0000／Δ_self=+0.0000　628-29(1)+→628-31(3): W_far=19.0100／W_near=19.0100／W_start=19.0100／Δ=+0.0000／Δ_self=+0.0000
… W-F F.1（R1 楔形等 G 吞納＋前移；R3/R6 標記待 F.4）
… W-F F.2（跨街廓搬 a′ 模式一；五群 G009/G001/G021/G026/G027）
… W-F F.3（公設地調配：RD 五則①切半5/③集中30＋PF6；轉7-4 24筆）
… W-F F.4（7-4 三級調配＋7-5 批次最佳化＋終態整形＋33 群總決算；trunk E）
… W-G G.1 接線層 ctx-builder 同源（app _build_wf_ctx vs native _ctx；0m）
… W-G G.2 世代幾何曝出契約＋只寫不讀（0m）
============================================================
  🔴 FAIL  參數0m
        [參數0m] ('R1',) 欄「街廓分配深度(m)」: baseline='32.97' got=33.15
        [參數0m] ('R1',) 欄「【左】街角最小面積(㎡)」: baseline='109.79' got=114.94
        [參數0m] ('R1',) 欄「【右】街角最小面積(㎡)」: baseline='110.56' got=110.68
        [參數0m] ('R2',) 欄「街廓分配深度(m)」: baseline='43.9' got=44.47
        [參數0m] ('R2',) 欄「【左】街角最小面積(㎡)」: baseline='151.44' got=152.99
        [參數0m] ('R3',) 欄「街廓分配深度(m)」: baseline='43.64' got=44.34
        [參數0m] ('R3',) 欄「【右】街角最小面積(㎡)」: baseline='152.82' got=153.8
        [參數0m] ('R4',) 欄「街廓分配深度(m)」: baseline='32.59' got=33.11
        [參數0m] ('R4',) 欄「【右】截角(㎡)」: baseline='6.25' got=6.28
        [參數0m] ('R4',) 欄「【左】街角最小面積(㎡)」: baseline='109.2' got=116.08
        [參數0m] ('R4',) 欄「【右】街角最小面積(㎡)」: baseline='109.7' got=111.02
        [參數0m] ('R5',) 欄「街廓分配深度(m)」: baseline='45.04' got=45.71
        …（**另 2 列未顯示**·本閘違規總計 14 列）
  🔴 FAIL  參數3.5m
        [參數3.5m] ('R1',) 欄「街廓分配深度(m)」: baseline='32.97' got=33.15
        [參數3.5m] ('R1',) 欄「【左】街角最小面積(㎡)」: baseline='226.18' got=226.01
        [參數3.5m] ('R1',) 欄「【右】街角最小面積(㎡)」: baseline='226.88' got=227.13
        [參數3.5m] ('R2',) 欄「街廓分配深度(m)」: baseline='43.9' got=44.47
        [參數3.5m] ('R2',) 欄「【左】街角最小面積(㎡)」: baseline='309.05' got=308.17
        [參數3.5m] ('R3',) 欄「街廓分配深度(m)」: baseline='43.64' got=44.34
        [參數3.5m] ('R3',) 欄「【右】街角最小面積(㎡)」: baseline='308.93' got=307.79
        [參數3.5m] ('R4',) 欄「街廓分配深度(m)」: baseline='32.59' got=33.11
        [參數3.5m] ('R4',) 欄「【右】截角(㎡)」: baseline='6.25' got=6.28
        [參數3.5m] ('R4',) 欄「【左】街角最小面積(㎡)」: baseline='225.25' got=226.01
        [參數3.5m] ('R4',) 欄「【右】街角最小面積(㎡)」: baseline='225.67' got=225.42
        [參數3.5m] ('R5',) 欄「街廓分配深度(m)」: baseline='45.04' got=45.71
        …（**另 2 列未顯示**·本閘違規總計 14 列）
  ✅ PASS  -a診斷0m
  ✅ PASS  -a診斷3.5m
  ✅ PASS  ownership Gxxx 靶組（三環定理鏈）
  ✅ PASS  W-D.3 ghost 零面積不變量（8 筆全零）
  ✅ PASS  F.0-pre 15.73㎡ 歸因（公設 15.73 ＋ 可建築 13.34 = 29.07 ＝ ghost 真面積 29.09）
  🔴 FAIL  v3·診斷0m（全欄逐格·無豁免）
        [v3·診斷0m] 缺列 ('R4', '左', '628(1)')
        [v3·診斷0m] 缺列 ('R4', '右', '628-1(1)')
        [v3·診斷0m] 缺列 ('R5', '左', '628-45(1)')
        [v3·診斷0m] 缺列 ('R3', '右', '628-45(2)')
        [v3·診斷0m] 缺列 ('R3', '右', '628-28(1)')
        [v3·診斷0m] 多列 ('R4', '右', '628(1)+')
        [v3·診斷0m] 多列 ('R5', '左', '628-45(1)+')
        [v3·診斷0m] 多列 ('R3', '右', '628-30(3)+')
        [v3·診斷0m] ('R6', '右', '628-18(1)') 欄「原位次(投影序)」: baseline='9' got=6
        [v3·診斷0m] ('R6', '右', '628-38(1)') 欄「正街角分(0.4)」: baseline='—' got=0.4
        [v3·診斷0m] ('R6', '右', '628-38(1)') 欄「側街分(0.2)」: baseline='—' got=0.1973
        [v3·診斷0m] ('R6', '右', '628-38(1)') 欄「跨占分(0.4)」: baseline='—' got=0.3529
        …（**另 80 列未顯示**·本閘違規總計 92 列）
  🔴 FAIL  率接線無串聯0m（vs v1 原錨，豁免 G估 後逐格全等）
        [無串聯0m] 缺列 ('R4', '左', '628(1)')
        [無串聯0m] 缺列 ('R4', '右', '628-1(1)')
        [無串聯0m] 缺列 ('R5', '左', '628-45(1)')
        [無串聯0m] 缺列 ('R3', '右', '628-45(2)')
        [無串聯0m] 缺列 ('R3', '右', '628-28(1)')
        [無串聯0m] 多列 ('R4', '右', '628(1)+')
        [無串聯0m] 多列 ('R5', '左', '628-45(1)+')
        [無串聯0m] 多列 ('R3', '右', '628-30(3)+')
        [無串聯0m] ('R6', '右', '628-18(1)') 欄「原位次(投影序)」: baseline='9' got=6
        [無串聯0m] ('R6', '右', '628-38(1)') 欄「正街角分(0.4)」: baseline='—' got=0.4
        [無串聯0m] ('R6', '右', '628-38(1)') 欄「側街分(0.2)」: baseline='—' got=0.1973
        [無串聯0m] ('R6', '右', '628-38(1)') 欄「跨占分(0.4)」: baseline='—' got=0.3529
        …（**另 80 列未顯示**·本閘違規總計 92 列）
  🔴 FAIL  率接線 G估 欄變動0m 8 格（期 0·Y 波後 baseline 同源）
        實得 8 格＝值異動 0＋新候選 3＋消失候選 5
        新候選 ('R3', '右', '628-30(3)+')
        新候選 ('R4', '右', '628(1)+')
        新候選 ('R5', '左', '628-45(1)+')
        消失候選 ('R3', '右', '628-28(1)')
        消失候選 ('R3', '右', '628-45(2)')
        消失候選 ('R4', '右', '628-1(1)')
        消失候選 ('R4', '左', '628(1)')
        消失候選 ('R5', '左', '628-45(1)')
  🔴 FAIL  指配0m
        [指配0m] ('R4',) 欄「候選數」: baseline='2' got=1
        [指配0m] ('R4',) 欄「【左】最小面積(㎡)」: baseline='109.2' got='116.08'
        [指配0m] ('R4',) 欄「【右】最小面積(㎡)」: baseline='109.7' got='111.02'
        [指配0m] ('R4',) 欄「【左】達資格候選」: baseline='1' got=0
        [指配0m] ('R4',) 欄「【左】第1宗指配」: baseline='G009（628）[628(1)]' got='⚠️ 強制抵費地'
        [指配0m] ('R4',) 欄「【左】優先權指數」: baseline='0.9918' got='—'
        [指配0m] ('R4',) 欄「【右】第1宗指配」: baseline='G009（628-1）[628-1(1)]' got='G009（628）[628(1)+]'
        [指配0m] ('R6',) 欄「候選數」: baseline='11' got=8
        [指配0m] ('R5',) 欄「候選數」: baseline='12' got=8
        [指配0m] ('R5',) 欄「【左】最小面積(㎡)」: baseline='146.93' got='146.5'
        [指配0m] ('R5',) 欄「【左】達資格候選」: baseline='1' got=2
        [指配0m] ('R5',) 欄「【左】優先權指數」: baseline='0.5247' got=0.5412
        …（**另 10 列未顯示**·本閘違規總計 22 列）
  🔴 FAIL  抵費地0m(應空)
        [抵費地0m] 預期空、得 1 列：[{'街廓': 'R4', '端': '左', '抵費地面積＝range(㎡)': '116.08', '指配': '強制抵費地'}]
  ✅ PASS  結構不變量永久閘0m（守恆/⊥/位次=投影序/J(k*)≥J(naive)/理論=實跑/telescoping）
  🔴 FAIL  v3·G值0m
        [v3·G值0m] 缺列 ('R2', '628-42(1)')
        [v3·G值0m] 缺列 ('R2', '628-27(1)')
        [v3·G值0m] 缺列 ('R2', '628-40(1)')
        [v3·G值0m] 缺列 ('R2', '628-43(1)')
        [v3·G值0m] 缺列 ('R2', 'R2-抵費地')
        [v3·G值0m] 缺列 ('R4', '628(1)')
        [v3·G值0m] 缺列 ('R4', '628-1(1)')
        [v3·G值0m] 缺列 ('R4', 'R4-抵費地')
        [v3·G值0m] 缺列 ('R6', '628(2)')
        [v3·G值0m] 缺列 ('R6', '628-1(2)')
        [v3·G值0m] 缺列 ('R6', '628-23(1)')
        [v3·G值0m] 缺列 ('R6', '628-22(1)')
        …（**另 223 列未顯示**·本閘違規總計 235 列）
  🔴 FAIL  v3·滑池槽0m
        [v3·滑池槽0m] ('R1',) 欄「J(naive)」: baseline='55.3577' got=56.5983
        [v3·滑池槽0m] ('R1',) 欄「J(k*)」: baseline='65.5805' got=66.5167
        [v3·滑池槽0m] ('R1',) 欄「ΣRw_L理論@k*(%)」: baseline='97.18' got=100.0
        [v3·滑池槽0m] ('R1',) 欄「ΣRw_L實跑(%)」: baseline='97.18' got=100.02
        [v3·滑池槽0m] ('R1',) 欄「ΣG(㎡)」: baseline='1718.92' got=1718.06
        [v3·滑池槽0m] ('R1',) 欄「Σ配地幾何(㎡)」: baseline='1718.91' got=1718.06
        [v3·滑池槽0m] ('R1',) 欄「池總=幾何剩餘(㎡)」: baseline='1174.63' got=1175.5
        [v3·滑池槽0m] ('R1',) 欄「中央池(㎡)」: baseline='1174.63' got=1175.5
        [v3·滑池槽0m] ('R1',) 欄「守恆殘差(㎡)」: baseline='-0.0' got=0.01
        [v3·滑池槽0m] ('R1',) 欄「幾何片明細(㎡)」: baseline='[1169.31, 5.33]' got='[1175.49, 0.0]'
        [v3·滑池槽0m] ('R2',) 欄「n」: baseline='15' got=14
        [v3·滑池槽0m] ('R2',) 欄「k_naive」: baseline='8' got=7
        …（**另 53 列未顯示**·本閘違規總計 65 列）
  🔴 FAIL  v3·J表0m
        [v3·J表0m] 缺列 ('R2', '15')
        [v3·J表0m] 缺列 ('R3', '10')
        [v3·J表0m] 缺列 ('R3', '11')
        [v3·J表0m] 缺列 ('R3', '12')
        [v3·J表0m] 缺列 ('R3', '13')
        [v3·J表0m] 缺列 ('R4', '1')
        [v3·J表0m] 缺列 ('R5', '9')
        [v3·J表0m] 缺列 ('R5', '10')
        [v3·J表0m] 缺列 ('R5', '11')
        [v3·J表0m] 缺列 ('R5', '12')
        [v3·J表0m] 缺列 ('R6', '8')
        [v3·J表0m] 缺列 ('R6', '9')
        …（**另 84 列未顯示**·本閘違規總計 96 列）
  🔴 FAIL  k* 六塊經驗錨0m {'R1': 2, 'R2': 8, 'R3': 7, 'R4': 1, 'R5': 7, 'R6': 6}
        實得 {'R1': 2, 'R2': 7, 'R4': 1, 'R6': 3, 'R5': 6, 'R3': 5}
  🔴 FAIL  v3·診斷3.5m（全欄逐格·無豁免）
        [v3·診斷3.5m] 缺列 ('R4', '左', '628(1)')
        [v3·診斷3.5m] 缺列 ('R4', '右', '628-1(1)')
        [v3·診斷3.5m] 缺列 ('R5', '左', '628-45(1)')
        [v3·診斷3.5m] 缺列 ('R2', '左', '628-40(1)')
        [v3·診斷3.5m] 缺列 ('R3', '右', '628-45(2)')
        [v3·診斷3.5m] 缺列 ('R3', '右', '628-28(1)')
        [v3·診斷3.5m] 缺列 ('R3', '右', '628-29(1)')
        [v3·診斷3.5m] 多列 ('R4', '右', '628(1)+')
        [v3·診斷3.5m] 多列 ('R5', '左', '628-45(1)+')
        [v3·診斷3.5m] 多列 ('R2', '左', '628-40(1)+')
        [v3·診斷3.5m] 多列 ('R3', '右', '628-30(3)+')
        [v3·診斷3.5m] 多列 ('R3', '右', '628-29(1)+')
        …（**另 88 列未顯示**·本閘違規總計 100 列）
  🔴 FAIL  率接線無串聯3.5m（vs v1 原錨，豁免 G估 後逐格全等）
        [無串聯3.5m] 缺列 ('R4', '左', '628(1)')
        [無串聯3.5m] 缺列 ('R4', '右', '628-1(1)')
        [無串聯3.5m] 缺列 ('R5', '左', '628-45(1)')
        [無串聯3.5m] 缺列 ('R2', '左', '628-40(1)')
        [無串聯3.5m] 缺列 ('R3', '右', '628-45(2)')
        [無串聯3.5m] 缺列 ('R3', '右', '628-28(1)')
        [無串聯3.5m] 缺列 ('R3', '右', '628-29(1)')
        [無串聯3.5m] 多列 ('R4', '右', '628(1)+')
        [無串聯3.5m] 多列 ('R5', '左', '628-45(1)+')
        [無串聯3.5m] 多列 ('R2', '左', '628-40(1)+')
        [無串聯3.5m] 多列 ('R3', '右', '628-30(3)+')
        [無串聯3.5m] 多列 ('R3', '右', '628-29(1)+')
        …（**另 88 列未顯示**·本閘違規總計 100 列）
  🔴 FAIL  率接線 G估 欄變動3.5m 12 格（期 0·Y 波後 baseline 同源）
        實得 12 格＝值異動 0＋新候選 5＋消失候選 7
        新候選 ('R2', '左', '628-40(1)+')
        新候選 ('R3', '右', '628-29(1)+')
        新候選 ('R3', '右', '628-30(3)+')
        新候選 ('R4', '右', '628(1)+')
        新候選 ('R5', '左', '628-45(1)+')
        消失候選 ('R2', '左', '628-40(1)')
        消失候選 ('R3', '右', '628-28(1)')
        消失候選 ('R3', '右', '628-29(1)')
        消失候選 ('R3', '右', '628-45(2)')
        消失候選 ('R4', '右', '628-1(1)')
        消失候選 ('R4', '左', '628(1)')
        …（**另 1 列未顯示**·本閘違規總計 13 列）
  🔴 FAIL  指配3.5m
        [指配3.5m] ('R4',) 欄「候選數」: baseline='2' got=1
        [指配3.5m] ('R4',) 欄「【左】最小面積(㎡)」: baseline='225.25' got='226.01'
        [指配3.5m] ('R4',) 欄「【右】最小面積(㎡)」: baseline='225.67' got='225.42'
        [指配3.5m] ('R4',) 欄「【左】達資格候選」: baseline='1' got=0
        [指配3.5m] ('R4',) 欄「【左】第1宗指配」: baseline='G009（628）[628(1)]' got='⚠️ 強制抵費地'
        [指配3.5m] ('R4',) 欄「【左】優先權指數」: baseline='0.9915' got='—'
        [指配3.5m] ('R4',) 欄「【右】第1宗指配」: baseline='G009（628-1）[628-1(1)]' got='G009（628）[628(1)+]'
        [指配3.5m] ('R6',) 欄「候選數」: baseline='11' got=8
        [指配3.5m] ('R5',) 欄「候選數」: baseline='12' got=8
        [指配3.5m] ('R5',) 欄「【左】最小面積(㎡)」: baseline='300.52' got='299.73'
        [指配3.5m] ('R5',) 欄「【左】達資格候選」: baseline='0' got=1
        [指配3.5m] ('R5',) 欄「【左】第1宗指配」: baseline='⚠️ 強制抵費地' got='G007（628-45）[628-45(1)+]'
        …（**另 10 列未顯示**·本閘違規總計 22 列）
  🔴 FAIL  抵費地3.5m
        [抵費地3.5m] 缺列 ('R5', '左')
        [抵費地3.5m] 缺列 ('R3', '右')
        [抵費地3.5m] 多列 ('R4', '左')
        [抵費地3.5m] ('R2', '左') 欄「抵費地面積＝range(㎡)」: baseline='309.05' got='308.17'
  ✅ PASS  結構不變量永久閘3.5m（守恆/⊥/位次=投影序/J(k*)≥J(naive)/理論=實跑/telescoping）
  🔴 FAIL  v3·G值3.5m
        [v3·G值3.5m] 缺列 ('R2', '628-40(1)')
        [v3·G值3.5m] 缺列 ('R2', '628-43(1)')
        [v3·G值3.5m] 缺列 ('R4', '628(1)')
        [v3·G值3.5m] 缺列 ('R4', '628-1(1)')
        [v3·G值3.5m] 缺列 ('R4', 'R4-抵費地')
        [v3·G值3.5m] 缺列 ('R6', '628(2)')
        [v3·G值3.5m] 缺列 ('R6', '628-1(2)')
        [v3·G值3.5m] 缺列 ('R6', '628-23(1)')
        [v3·G值3.5m] 缺列 ('R6', '628-22(1)')
        [v3·G值3.5m] 缺列 ('R6', '628-21(1)')
        [v3·G值3.5m] 缺列 ('R5', '628-53(2)')
        [v3·G值3.5m] 缺列 ('R5', '628-45(1)')
        …（**另 222 列未顯示**·本閘違規總計 234 列）
  🔴 FAIL  v3·滑池槽3.5m
        [v3·滑池槽3.5m] ('R1',) 欄「J(naive)」: baseline='55.3577' got=56.5983
        [v3·滑池槽3.5m] ('R1',) 欄「J(k*)」: baseline='65.3055' got=66.0845
        [v3·滑池槽3.5m] ('R1',) 欄「ΣRw_L理論@k*(%)」: baseline='96.36' got=98.7
        [v3·滑池槽3.5m] ('R1',) 欄「ΣRw_L實跑(%)」: baseline='96.38' got=98.75
        [v3·滑池槽3.5m] ('R1',) 欄「ΣRw_R實跑(%)」: baseline='100.0' got=100.02
        [v3·滑池槽3.5m] ('R1',) 欄「ΣG(㎡)」: baseline='1719.16' got=1718.44
        [v3·滑池槽3.5m] ('R1',) 欄「Σ配地幾何(㎡)」: baseline='1719.17' got=1718.45
        [v3·滑池槽3.5m] ('R1',) 欄「池總=幾何剩餘(㎡)」: baseline='1174.39' got=1175.1
        [v3·滑池槽3.5m] ('R1',) 欄「中央池(㎡)」: baseline='1174.39' got=1175.1
        [v3·滑池槽3.5m] ('R1',) 欄「守恆殘差(㎡)」: baseline='-0.0' got=-0.02
        [v3·滑池槽3.5m] ('R1',) 欄「幾何片明細(㎡)」: baseline='[1169.07, 5.33]' got='[1169.71, 5.38, 0.0]'
        [v3·滑池槽3.5m] ('R1',) 欄「片數」: baseline='2' got=3
        …（**另 68 列未顯示**·本閘違規總計 80 列）
  🔴 FAIL  v3·J表3.5m
        [v3·J表3.5m] 缺列 ('R2', '15')
        [v3·J表3.5m] 缺列 ('R3', '10')
        [v3·J表3.5m] 缺列 ('R3', '11')
        [v3·J表3.5m] 缺列 ('R3', '12')
        [v3·J表3.5m] 缺列 ('R3', '13')
        [v3·J表3.5m] 缺列 ('R4', '1')
        [v3·J表3.5m] 缺列 ('R5', '9')
        [v3·J表3.5m] 缺列 ('R5', '10')
        [v3·J表3.5m] 缺列 ('R5', '11')
        [v3·J表3.5m] 缺列 ('R5', '12')
        [v3·J表3.5m] 缺列 ('R6', '8')
        [v3·J表3.5m] 缺列 ('R6', '9')
        …（**另 127 列未顯示**·本閘違規總計 139 列）
  🔴 FAIL  k* 六塊經驗錨3.5m {'R1': 1, 'R2': 8, 'R3': 7, 'R4': 1, 'R5': 7, 'R6': 6}
        實得 {'R1': 1, 'R2': 7, 'R4': 1, 'R6': 3, 'R5': 6, 'R3': 5}
  ✅ PASS  v3 財務錨 B == 0.171043（獨立輸入現算 → 0.171043）
  ✅ PASS  v3 財務錨 C == 0.091319（加總形分母 1,643,176,255.06）
  ✅ PASS  v3 中繼錨 工程費/重劃費/費用總額 == 122324608/22717427/150053099
  ✅ PASS  v3 C 兩形等價（加總形 vs app calc_C_value 均價形）|Δ|=2.92e-10 <1e-8
  ✅ PASS  v3 A 逐宗全查（88 列＝後街廓單價/重劃前區段單價）
  ✅ PASS  v3 reverse-test① 單位工程費 3500→3550 ⟹ C 隨動 (0.091319→0.092382)
  ✅ PASS  v3 reverse-test② 前均價 ×1.1 ⟹ B 隨動且 C 不動 (B 0.171043→0.188147；C 0.091319)
  ✅ PASS  v3 重劃總負擔率錨 == 0.40712387（現算 0.40712387）
  ✅ PASS  v3 率分項錨 公設負擔比 34.754211% ＋ 費用負擔比 5.958176%
  ✅ PASS  v3 率用 DXF 公設實值 12146.5579（非截圖 rounded 12146.56）
  ✅ PASS  v3 reverse-test③ 單位工程費 3500→3550 ⟹ 重劃總負擔率隨動 (0.40712387→0.40781775)
  🔴 FAIL  W-D.3 碎片幾何/三分類（v3）
        [碎片幾何] 缺列 ('0m', 'R2-抵費地')
        [碎片幾何] 缺列 ('0m', 'R4-抵費地')
        [碎片幾何] 缺列 ('0m', 'R5-抵費地')
        [碎片幾何] 缺列 ('3.5m', 'R4-抵費地')
        [碎片幾何] 缺列 ('3.5m', 'R3-抵費地-1')
        [碎片幾何] 缺列 ('3.5m', 'R3-抵費地-2')
        [碎片幾何] 多列 ('0m', 'R2-抵費地-1')
        [碎片幾何] 多列 ('0m', 'R2-抵費地-2')
        [碎片幾何] 多列 ('0m', 'R4-抵費地-1')
        [碎片幾何] 多列 ('0m', 'R4-抵費地-2')
        [碎片幾何] 多列 ('0m', 'R4-抵費地-3')
        [碎片幾何] 多列 ('0m', 'R4-抵費地-4')
        …（**另 72 列未顯示**·本閘違規總計 84 列）
  🔴 FAIL  W-D.3 碎片逐邊CAD（v3）
        [碎片逐邊] 缺列 ('0m', 'R2-抵費地')
        [碎片逐邊] 缺列 ('0m', 'R4-抵費地')
        [碎片逐邊] 缺列 ('0m', 'R5-抵費地')
        [碎片逐邊] 缺列 ('3.5m', 'R4-抵費地')
        [碎片逐邊] 缺列 ('3.5m', 'R3-抵費地-1')
        [碎片逐邊] 缺列 ('3.5m', 'R3-抵費地-2')
        [碎片逐邊] 多列 ('0m', 'R2-抵費地-1')
        [碎片逐邊] 多列 ('0m', 'R2-抵費地-2')
        [碎片逐邊] 多列 ('0m', 'R4-抵費地-1')
        [碎片逐邊] 多列 ('0m', 'R4-抵費地-2')
        [碎片逐邊] 多列 ('0m', 'R4-抵費地-3')
        [碎片逐邊] 多列 ('0m', 'R4-抵費地-4')
        …（**另 40 列未顯示**·本閘違規總計 52 列）
  🔴 FAIL  W-D.4 四梯清單0m（v3 半實算）
        [W-D.4清單0m] ('0m', 'G001') 欄「ΣG_戶(㎡)」: baseline='768.37' got=768.36
        [W-D.4清單0m] ('0m', 'G002') 欄「ΣG_戶(㎡)」: baseline='230.58' got=234.01
        [W-D.4清單0m] ('0m', 'G003') 欄「路徑標註」: baseline='公設軌·達標門檻＝區標準 114.07(手冊(三))；½線測試延至 F.4 以 G(a′) 施作' got='公設軌·達標門檻＝區標準 115.88(手冊(三))；½線測試延至 F.4 以 G(a′) 施作'
        [W-D.4清單0m] ('0m', 'G004') 欄「增配a′(㎡)」: baseline='42.47' got=44.28
        [W-D.4清單0m] ('0m', 'G004') 欄「差額地價(元)§52-1」: baseline='3238167' got=3376172
        [W-D.4清單0m] ('0m', 'G005') 欄「ΣG_戶(㎡)」: baseline='510.56' got=513.27
        [W-D.4清單0m] ('0m', 'G006') 欄「宗數」: baseline='4' got=2
        [W-D.4清單0m] ('0m', 'G006') 欄「宗清單」: baseline='628-49(1);628-49(2);628-47(1);628-48(1)' got='628-49(1);628-47(1)+'
        [W-D.4清單0m] ('0m', 'G006') 欄「含旗標宗數」: baseline='4' got=1
        [W-D.4清單0m] ('0m', 'G007') 欄「宗數」: baseline='7' got=4
        [W-D.4清單0m] ('0m', 'G007') 欄「宗清單」: baseline='628-20(1);628-20(2);628-45(1);628-45(2);628-30(2);628-30(1);628-30(3)' got='628-20(1);628-45(1)+;628-30(2);628-30(3)+'
        [W-D.4清單0m] ('0m', 'G007') 欄「ΣG_戶(㎡)」: baseline='1423.02' got=1419.41
        …（**另 59 列未顯示**·本閘違規總計 71 列）
  🔴 FAIL  W-D.4 碎片遞補0m
        [W-D.4遞補0m] 多列 ('0m', 'R4-抵費地-3')
        [W-D.4遞補0m] ('0m', 'R1-抵費地-2') 欄「面積(㎡)」: baseline='5.33' got=0.0
        [W-D.4遞補0m] ('0m', 'R6-抵費地-2') 欄「跳過失格筆」: baseline='628(2);628-1(2);628-23(1)' got='628(2)+'
  🔴 FAIL  W-D.4 跨占分配線0m
        [W-D.4跨占0m] 缺列 ('0m', '628(2)')
        [W-D.4跨占0m] 缺列 ('0m', '628-42(1)')
        [W-D.4跨占0m] 缺列 ('0m', '628-42(2)')
        [W-D.4跨占0m] 缺列 ('0m', '628-27(1)')
        [W-D.4跨占0m] 缺列 ('0m', '628-27(2)')
        [W-D.4跨占0m] 缺列 ('0m', '628-30(1)')
        [W-D.4跨占0m] 缺列 ('0m', '628-49(1)')
        [W-D.4跨占0m] 缺列 ('0m', '628-49(2)')
        [W-D.4跨占0m] 缺列 ('0m', '628-1(2)')
        [W-D.4跨占0m] 缺列 ('0m', '628-23(1)')
        [W-D.4跨占0m] 缺列 ('0m', '628-22(1)')
        [W-D.4跨占0m] 缺列 ('0m', '628-53(1)')
        …（**另 23 列未顯示**·本閘違規總計 35 列）
  🔴 FAIL  W-D.4 四梯清單3.5m（v3 半實算）
        [W-D.4清單3.5m] ('3.5m', 'G001') 欄「ΣG_戶(㎡)」: baseline='768.37' got=768.36
        [W-D.4清單3.5m] ('3.5m', 'G003') 欄「路徑標註」: baseline='公設軌·達標門檻＝區標準 114.07(手冊(三))；½線測試延至 F.4 以 G(a′) 施作' got='公設軌·達標門檻＝區標準 115.88(手冊(三))；½線測試延至 F.4 以 G(a′) 施作'
        [W-D.4清單3.5m] ('3.5m', 'G004') 欄「增配a′(㎡)」: baseline='42.47' got=44.28
        [W-D.4清單3.5m] ('3.5m', 'G004') 欄「差額地價(元)§52-1」: baseline='3238167' got=3376172
        [W-D.4清單3.5m] ('3.5m', 'G005') 欄「ΣG_戶(㎡)」: baseline='520.97' got=514.5
        [W-D.4清單3.5m] ('3.5m', 'G006') 欄「宗數」: baseline='4' got=2
        [W-D.4清單3.5m] ('3.5m', 'G006') 欄「宗清單」: baseline='628-49(1);628-49(2);628-47(1);628-48(1)' got='628-49(1);628-47(1)+'
        [W-D.4清單3.5m] ('3.5m', 'G006') 欄「含旗標宗數」: baseline='4' got=1
        [W-D.4清單3.5m] ('3.5m', 'G007') 欄「宗數」: baseline='7' got=4
        [W-D.4清單3.5m] ('3.5m', 'G007') 欄「宗清單」: baseline='628-20(1);628-20(2);628-45(1);628-45(2);628-30(2);628-30(1);628-30(3)' got='628-20(1);628-45(1)+;628-30(2);628-30(3)+'
        [W-D.4清單3.5m] ('3.5m', 'G007') 欄「ΣG_戶(㎡)」: baseline='1458.33' got=1403.63
        [W-D.4清單3.5m] ('3.5m', 'G007') 欄「含旗標宗數」: baseline='3' got=1
        …（**另 49 列未顯示**·本閘違規總計 61 列）
  🔴 FAIL  W-D.4 碎片遞補3.5m
        [W-D.4遞補3.5m] 多列 ('3.5m', 'R1-抵費地-3')
        [W-D.4遞補3.5m] 多列 ('3.5m', 'R4-抵費地-3')
        [W-D.4遞補3.5m] 多列 ('3.5m', 'R4-抵費地-4')
        [W-D.4遞補3.5m] ('3.5m', 'R1-抵費地-2') 欄「面積(㎡)」: baseline='5.33' got=5.38
        [W-D.4遞補3.5m] ('3.5m', 'R1-抵費地-2') 欄「沿街s」: baseline='0.02' got=0.22
        [W-D.4遞補3.5m] ('3.5m', 'R6-抵費地-2') 欄「跳過失格筆」: baseline='628(2);628-1(2);628-23(1)' got='628(2)+'
  🔴 FAIL  W-D.4 跨占分配線3.5m
        [W-D.4跨占3.5m] 缺列 ('3.5m', '628(2)')
        [W-D.4跨占3.5m] 缺列 ('3.5m', '628-30(1)')
        [W-D.4跨占3.5m] 缺列 ('3.5m', '628-49(1)')
        [W-D.4跨占3.5m] 缺列 ('3.5m', '628-49(2)')
        [W-D.4跨占3.5m] 缺列 ('3.5m', '628-1(2)')
        [W-D.4跨占3.5m] 缺列 ('3.5m', '628-23(1)')
        [W-D.4跨占3.5m] 缺列 ('3.5m', '628-22(1)')
        [W-D.4跨占3.5m] 缺列 ('3.5m', '628-53(1)')
        [W-D.4跨占3.5m] 缺列 ('3.5m', '628-53(2)')
        [W-D.4跨占3.5m] 缺列 ('3.5m', '628-45(1)')
        [W-D.4跨占3.5m] 多列 ('3.5m', '628(2)+')
        [W-D.4跨占3.5m] ('3.5m', '628(3)') 欄「該側MinA(㎡)」: baseline='157.64' got=159.99
        …（**另 23 列未顯示**·本閘違規總計 35 列）
  🔴 FAIL  W-D.4 MinA_區==114.07(正典rounded)·½顯示==57.04(Decimal非round)
        MinA_區=115.88 ½顯示=57.94
  🔴 FAIL  W-D.4 31旗標全消費(群組語意·v3 隨價變)
        旗標18→消費18（期31）
  🔴 FAIL  F.0-pre 雙軌錨 軌別{'建地軌': 25, '公設軌': 8}·梯次{'—': 8, '0': 13, '1': 7, '2': 3, '3': 2}
        實得 軌別{'建地軌': 25, '公設軌': 8} 梯次{'0': 11, '1': 9, '—': 8, '2': 3, '3': 2}
  ✅ PASS  F.0-pre 公設軌 8 群（撤出梯3、待 F.3/F.4）
  ✅ PASS  F.0-pre 公設軌補償欄全空（G(a′) 未算前禁取值·停機條款）
  ✅ PASS  F.3 母數錨 公設地 59 筆／28 群持有（廢「30 筆/4,428㎡」）
  🔴 FAIL  F.0 釋池對象＝梯3 二群 [('G025', 0.26), ('G030', 26.54)]（Σ=26.80㎡）
        實得 [('G025', 0.26), ('G030', 26.54)]
  ✅ PASS  W-D.4 MinA_區 reverse-test(改深度→隨動·非寫死)
  🔴 FAIL  W-D.4 遞補錨 R6 85.66→628-4(1)（跳過 628(2);628-1(2);628-23(1)）
        實得 [{'情境': '0m', '碎片': 'R6-抵費地-2', '面積(㎡)': 85.71, '沿街s': 0.01, '側': 'left', '遞補標的宗': '628-4(1)', '跳過失格筆': '628(2)+', '定序註': '先解失格業主(域裁C)'}]
  ✅ PASS  W-D.4 持分和逐宗檢核(WARNING-A)
  ✅ PASS  W-D.4 第4梯 fixture(查封自成一群·移除後 byte-identical)
  🔴 FAIL  W-F F.0
        [F.0] 🔴 GSA 錨檢破（0m）——**一次列出全部**（F-7-3：禁首個即 raise 致打地鼠）：
  【未被評估】錨鍵 ['G006', 'G007', 'G009', 'G010', 'G014', 'G017'] **未被任何一次比對評估**（其決策現況：G006→[該情境無任何決策列]｜G007→[該情境無任何決策列]｜G009→[該情境無任何決策列]｜G010→[該情境無任何決策列]｜G014→[該情境無任何決策列]｜G017→[該情境無任何決策列]）⇒ **沒人檢查≠相符**。成因請依上列決策自行研判（如：被併宗遭上游消費移出→標的宗回復單獨→改判『全達標·無須併』或該塊宗數<2）；確認係合法連動（如 **K-6 §二 段三**之跨街廓同歸戶集中——K-6 起一律歸七級調配 F.0／F.2；⚠️ 舊指標『M-5 街角救援』已於 K-6 §四作廢並封存至 `verify/archive/`，**勿再據以研判**）則於 P-H 重錨（刪鍵或改值），否則係上游漏配之 bug。已評估鍵＝[]
        評估】錨鍵 ['G006', 'G007', 'G009', 'G010', 'G014', 'G017'] **未被任何一次比對評估**（其決策現況：G006→[該情境無任何決策列]｜G007→[該情境無任何決策列]｜G009→[該情境無任何決策列]｜G010→[該情境無任何決策列]｜G014→[該情境無任何決策列]｜G017→[該情境無任何決策列]）⇒ **沒人檢查≠相符**。成因請依上列決策自行研判（如：被併宗遭上游消費移出→標的宗回復單獨→改判『全達標·無須併』或該塊宗數<2）；確認係合法連動（如 **K-6 §二 段三**之跨街廓同歸戶集中——K-6 起一律歸七級調配 F.0／F.2；⚠️ 舊指標『M-5 街角救援』已於 K-6 §四作廢並封存至 `verify/archive/`，**勿再據以研判**）則於 P-H 重錨（刪鍵或改值），否則係上游漏配之 bug。已評估鍵＝[]

  🔴 FAIL  W-F F.1
        [F.1] F.0 未成功，F.1 跳過（W5 守衛）
        Traceback (most recent call last):
  File "C:\Users\admin\Desktop\land-readjustment-trial\.claude\worktrees\wg9-268-review-window-42a7ad\verify\run_verification.py", line 1071, in main
    raise RuntimeError("F.0 未成功，F.1 跳過（W5 守衛）")
RuntimeError: F.0 未成功，F.1 跳過（W5 守衛）

  🔴 FAIL  W-F F.2
        [F.2] F.0 未成功，F.2 跳過（存在性守衛）
        Traceback (most recent call last):
  File "C:\Users\admin\Desktop\land-readjustment-trial\.claude\worktrees\wg9-268-review-window-42a7ad\verify\run_verification.py", line 1122, in main
    raise RuntimeError("F.0 未成功，F.2 跳過（存在性守衛）")
RuntimeError: F.0 未成功，F.2 跳過（存在性守衛）

  🔴 FAIL  W-F F.3
        [F.3] F.2 未成功，F.3 跳過（存在性守衛）
        Traceback (most recent call last):
  File "C:\Users\admin\Desktop\land-readjustment-trial\.claude\worktrees\wg9-268-review-window-42a7ad\verify\run_verification.py", line 1188, in main
    raise RuntimeError("F.2 未成功，F.3 跳過（存在性守衛）")
RuntimeError: F.2 未成功，F.3 跳過（存在性守衛）

  🔴 FAIL  W-F F.4
        [F.4] F.3 未成功，F.4 跳過（存在性守衛）
        Traceback (most recent call last):
  File "C:\Users\admin\Desktop\land-readjustment-trial\.claude\worktrees\wg9-268-review-window-42a7ad\verify\run_verification.py", line 1255, in main
    raise RuntimeError("F.3 未成功，F.4 跳過（存在性守衛）")
RuntimeError: F.3 未成功，F.4 跳過（存在性守衛）

  🔴 FAIL  W-G G.1 接線層 ctx-builder 同源（cb_by/cad+centerlines/gA/winners/β財務/blocks欄名/指紋/率鋪底）
        引擎消費但 _WF_NS_NAMES 漏列（app 路徑必 KeyError）：['_wg9268p_anchor_advance']
  🔴 FAIL  W-G G.2 世代幾何曝出契約
        [G.2] 上游世代未產出：['F.0', 'F.1', 'F.2', 'F.3', 'F.4']（0m）——G.2 係**純呈現層契約檢**，其資料前提為 v3/f0/f2/f3/E 各代皆已成功；上列世代失敗（見其自身 FAIL 列）⇒ G.2 **無從檢查**、非 G.2 自身破。修上游後本列自動恢復。
        Traceback (most recent call last):
  File "C:\Users\admin\Desktop\land-readjustment-trial\.claude\worktrees\wg9-268-review-window-42a7ad\verify\run_verification.py", line 1453, in main
    raise RuntimeError(
    ...<2 lines>...
        f"⇒ G.2 **無從檢查**、非 G.2 自身破。修上游後本列自動恢復。")
RuntimeError: 上游世代未產出：['F.0', 'F.1', 'F.2', 'F.3', 'F.4']（0m）——G.2 係**純呈現層契約檢**，其資料前提為 v3/f0/f2/f3/E 各代皆已成功；上列世代失敗（見其自身 FAIL 列）⇒ G.2 **無從檢查**、非 G.2 自身破。修上游後本列自動恢復。

============================================================
嫌犯序：快照漏參 > dtype 1.5（法人統編 '.0'）> driver orchestration 漂移 > 引擎（勿動 app）
RESULT: FAIL
