====================================================================================================================
【`W-G.9-308` `§六`　逐宗基線之重量】`run_verification` 全量**一次**
====================================================================================================================
… ownership（tab1 歸戶指紋複刻，讀 匿名版 xlsx）
    重劃區地籍 53 筆｜U_LAND 64453 筆｜失敗 0｜歸戶群組 33 組
    ✅ 靶 628-18 → G005（預期 G005）
    ✅ 靶 628-45 → G007（預期 G007）
    ✅ 靶 628 → G009（預期 G009）
    ✅ 靶 628-37 → G019（預期 G019）
    ✅ 靶 628-41 → G023（預期 G023）
    ✅ 靶 628-36 → G029（預期 G029）
… parcels：temp 113 筆｜可建築 build 48 筆｜面積交叉換位 2 對
… Step G headless（0m；v3 真值財務＋結構不變量永久閘）
🟢 [配餘] 街廓 R1：幾何餘 0.0046㎡ 入抵費地（`K-9-5-7` 配餘·s∈[-0.3248,-0.0358]）——原為「非宗亦非池帶」之無主空間
[T2-DIAG] 街廓 R1｜宗數 5｜池帶 2 片｜池帶 s 寬 [35.4647  0.2890]｜池帶面積 [1175.4937  0.0046]｜Σ池 1175.4983｜覆蓋殘差 0.0000｜Σ 殘差 -0.0000｜宗-宗疊 0.0000（上界 0.6630）｜內部縫 0 帶／0.0000㎡｜退化帶 0 個｜s 域 [-0.3248,87.7155]
[Δ_i·R1·left·總量] 628-37(1)→628-35(2): W_far=6.4600／W_near=6.6200／W_start=6.4600／Δ=+0.0000／Δ_self=+0.9120／🔄方向改變
[Δ_i·R1·right·總量] 628(5)→628-34(3): W_far=7.0200／W_near=7.2300／W_start=7.0200／Δ=+0.0000／Δ_self=+1.1340／🔄方向改變　628-34(3)→628-36(1): W_far=9.6100／W_near=9.6100／W_start=9.6100／Δ=+0.0000／Δ_self=+0.0000
[Δ_i·R1·left·階段2] （無界面）
[Δ_i·R1·right·階段2] （無界面）
[Δ_i·R1·left·階段1] 628-37(1)→628-35(2): W_far=6.4600／W_near=6.6200／W_start=6.4600／Δ=+0.0000／Δ_self=+0.9120／🔄方向改變
[Δ_i·R1·right·階段1] 628(5)→628-34(3): W_far=7.0200／W_near=7.2300／W_start=7.0200／Δ=+0.0000／Δ_self=+1.1340／🔄方向改變　628-34(3)→628-36(1): W_far=9.6100／W_near=9.6100／W_start=9.6100／Δ=+0.0000／Δ_self=+0.0000
🟢 [配餘] 街廓 R2：幾何餘 152.3551㎡ 入抵費地（`K-9-5-7` 配餘·s∈[4.0554,10.8395]）——原為「非宗亦非池帶」之無主空間
[T2-DIAG] 街廓 R2｜宗數 12｜池帶 2 片｜池帶 s 寬 [37.8168  6.7842]｜池帶面積 [1682.7445  152.3551]｜Σ池 1835.0996｜覆蓋殘差 0.0000｜Σ 殘差 -0.0000｜宗-宗疊 0.0000（上界 2.4459）｜內部縫 0 帶／0.0000㎡｜退化帶 2 個（s 寬 2.67e-07, 4.23e-11）｜s 域 [0.2677,100.0274]
[Δ_i·R2·left·總量] 628-41(1)→628-40(1)+: W_far=4.0600／W_near=5.7400／W_start=4.0600／Δ=+0.0000／Δ_self=+10.2680／🔄方向改變　628-40(1)+→628-30(2): W_far=13.7800／W_near=13.7800／W_start=13.7800／Δ=+0.0000／Δ_self=+0.0000　628-30(2)→628-39(1): W_far=15.7200／W_near=15.7200／W_start=15.7200／Δ=+0.0000／Δ_self=+0.0000　628-39(1)→628-31(2): W_far=20.9300／W_near=20.9300／W_start=20.9300／Δ=+0.0000／Δ_self=+0.0000
[Δ_i·R2·left·階段2] （無界面）
[Δ_i·R2·left·階段1] 628-41(1)→628-40(1)+: W_far=4.0600／W_near=5.7400／W_start=4.0600／Δ=+0.0000／Δ_self=+10.2680／🔄方向改變　628-40(1)+→628-30(2): W_far=13.7800／W_near=13.7800／W_start=13.7800／Δ=+0.0000／Δ_self=+0.0000　628-30(2)→628-39(1): W_far=15.7200／W_near=15.7200／W_start=15.7200／Δ=+0.0000／Δ_self=+0.0000　628-39(1)→628-31(2): W_far=20.9300／W_near=20.9300／W_start=20.9300／Δ=+0.0000／Δ_self=+0.0000
[Δ_i·R2·right·階段1] （無界面）
🟢 [配餘] 街廓 R4：幾何餘 26.1116㎡ 入抵費地（`K-9-5-7` 配餘·s∈[1.5767,49.5299]）——原為「非宗亦非池帶」之無主空間
🟢 [配餘] 街廓 R4：幾何餘 26.0858㎡ 入抵費地（`K-9-5-7` 配餘·s∈[49.5299,97.2360]）——原為「非宗亦非池帶」之無主空間
[T2-DIAG] 街廓 R4｜宗數 1｜池帶 4 片｜池帶 s 寬 [4.3238  31.7158  47.9532  47.7061]｜池帶面積 [116.0800  1022.0462  26.1116  26.0858]｜Σ池 1190.3236｜覆蓋殘差 0.0000｜Σ 殘差 +0.0000｜宗-宗疊 0.0000（上界 0.0000）｜內部縫 0 帶／0.0000㎡｜退化帶 0 個｜s 域 [0.1759,98.7163]
[Δ_i·R4·left·總量] （無界面）
[Δ_i·R4·right·總量] （無界面）
[Δ_i·R4·left·階段2] （無界面）
[Δ_i·R4·right·階段2] （無界面）
🔴 首宗下限未達（補丁六 §二）：街廓 R4 right 側 首宗 KL W=0.00 < 退縮(0.00)＋畸零寬(3.50)=3.50——loud 記錄·禁靜默/禁 clamp（重烤後應 ≥ 下限）
[T2-DIAG] 街廓 R6｜宗數 8｜池帶 2 片｜池帶 s 寬 [3.6068  34.0520]｜池帶面積 [85.7064  1543.0063]｜Σ池 1628.7127｜覆蓋殘差 0.0000｜Σ 殘差 -0.0000｜宗-宗疊 0.0000（上界 1.5929）｜內部縫 0 帶／0.0000㎡｜退化帶 2 個（s 寬 1.18e-11, 1.01e-11）｜s 域 [-3.6068,85.8549]
[Δ_i·R6·right·總量] 628-18(1)→628-53(1): W_far=7.2000／W_near=7.2000／W_start=7.2000／Δ=+0.0000／Δ_self=+0.0000　628-53(1)→628-38(1): W_far=7.2000／W_near=7.2000／W_start=7.2000／Δ=+0.0000／Δ_self=+0.0000　628-38(1)→628-7(1): W_far=9.8900／W_near=9.8900／W_start=9.8900／Δ=+0.0000／Δ_self=+0.0000　628-7(1)→628-20(1): W_far=16.7700／W_near=16.7700／W_start=16.7700／Δ=+0.0000／Δ_self=+0.0000
[K-9-5-8] 街廓 R6 right 側：SIDE ∥ ALLOC **退化**（|cross|=0.0000000474／夾角=0.000003°　≤ 容差 1e-06）⇒ `K-9-5-4 ②` 套用後方向等值、無楔形；方向判準所得 []／街角第 1 宗 ['628-18(1)']——**合法組態·⛔ 非異常**（KL 裁 2026-08-08）
[Δ_i·R6·right·階段2] （無界面）
[Δ_i·R6·left·階段1] （無界面）
[Δ_i·R6·right·階段1] 628-18(1)→628-53(1): W_far=7.2000／W_near=7.2000／W_start=7.2000／Δ=+0.0000／Δ_self=+0.0000　628-53(1)→628-38(1): W_far=7.2000／W_near=7.2000／W_start=7.2000／Δ=+0.0000／Δ_self=+0.0000　628-38(1)→628-7(1): W_far=9.8900／W_near=9.8900／W_start=9.8900／Δ=+0.0000／Δ_self=+0.0000　628-7(1)→628-20(1): W_far=16.7700／W_near=16.7700／W_start=16.7700／Δ=+0.0000／Δ_self=+0.0000
[K-9-5-8] 街廓 R6 right 側：SIDE ∥ ALLOC **退化**（|cross|=0.0000000474／夾角=0.000003°　≤ 容差 1e-06）⇒ `K-9-5-4 ②` 套用後方向等值、無楔形；方向判準所得 []／街角第 1 宗 ['628-18(1)']——**合法組態·⛔ 非異常**（KL 裁 2026-08-08）
🟢 [配餘] 街廓 R5：幾何餘 145.1703㎡ 入抵費地（`K-9-5-7` 配餘·s∈[4.8498,11.4856]）——原為「非宗亦非池帶」之無主空間
[T2-DIAG] 街廓 R5｜宗數 7｜池帶 2 片｜池帶 s 寬 [35.7758  6.6358]｜池帶面積 [1621.8010  145.1703]｜Σ池 1766.9713｜覆蓋殘差 0.0000｜Σ 殘差 -0.0000｜宗-宗疊 0.0000（上界 1.3713）｜內部縫 0 帶／0.0000㎡｜退化帶 1 個（s 寬 6.31e-12）｜s 域 [0.2685,92.7995]
[Δ_i·R5·left·總量] 628-18(2)→628-7(2): W_far=4.8500／W_near=6.4900／W_start=4.8500／Δ=+0.0000／Δ_self=+9.7230／🔄方向改變　628-7(2)→628-45(1)+: W_far=13.4700／W_near=13.4700／W_start=13.4700／Δ=+0.0000／Δ_self=+0.0000　628-45(1)+→628-31(1): W_far=21.6700／W_near=21.6700／W_start=21.6700／Δ=+0.0000／Δ_self=+0.0000　628-31(1)→628-32(1): W_far=21.9100／W_near=21.9100／W_start=21.9100／Δ=+0.0000／Δ_self=+0.0000
[Δ_i·R5·left·階段2] （無界面）
[Δ_i·R5·left·階段1] 628-18(2)→628-7(2): W_far=4.8500／W_near=6.4900／W_start=4.8500／Δ=+0.0000／Δ_self=+9.7230／🔄方向改變　628-7(2)→628-45(1)+: W_far=13.4700／W_near=13.4700／W_start=13.4700／Δ=+0.0000／Δ_self=+0.0000　628-45(1)+→628-31(1): W_far=21.6700／W_near=21.6700／W_start=21.6700／Δ=+0.0000／Δ_self=+0.0000　628-31(1)→628-32(1): W_far=21.9100／W_near=21.9100／W_start=21.9100／Δ=+0.0000／Δ_self=+0.0000
[Δ_i·R5·right·階段1] （無界面）
[T2-DIAG] 街廓 R3｜宗數 10｜池帶 1 片｜池帶 s 寬 [40.5337]｜池帶面積 [1795.1328]｜Σ池 1795.1328｜覆蓋殘差 0.0001｜Σ 殘差 -0.0001｜宗-宗疊 0.0000（上界 1.9953）｜內部縫 0 帶／0.0000㎡｜退化帶 3 個（s 寬 5.57e-06, 1.70e-10, 4.24e-11）｜s 域 [-0.0000,96.8032]
[Δ_i·R3·right·總量] 628-30(3)+→628-42(2): W_far=14.1400／W_near=15.7800／W_start=14.1400／Δ=+0.0000／Δ_self=+5.4280／🔄方向改變　628-42(2)→628-27(2): W_far=16.1000／W_near=16.1000／W_start=16.1000／Δ=+0.0000／Δ_self=+0.0000　628-27(2)→628-29(1)+: W_far=16.6900／W_near=16.6900／W_start=16.6900／Δ=+0.0000／Δ_self=+0.0000　628-29(1)+→628-31(3): W_far=19.6200／W_near=19.6200／W_start=19.6200／Δ=+0.0000／Δ_self=+0.0000
[Δ_i·R3·right·階段2] （無界面）
[Δ_i·R3·left·階段1] （無界面）
[Δ_i·R3·right·階段1] 628-30(3)+→628-42(2): W_far=14.1400／W_near=15.7800／W_start=14.1400／Δ=+0.0000／Δ_self=+5.4280／🔄方向改變　628-42(2)→628-27(2): W_far=16.1000／W_near=16.1000／W_start=16.1000／Δ=+0.0000／Δ_self=+0.0000　628-27(2)→628-29(1)+: W_far=16.6900／W_near=16.6900／W_start=16.6900／Δ=+0.0000／Δ_self=+0.0000　628-29(1)+→628-31(3): W_far=19.6200／W_near=19.6200／W_start=19.6200／Δ=+0.0000／Δ_self=+0.0000
… Step G headless（3.5m；v3 真值財務＋結構不變量永久閘）
🟢 [配餘] 街廓 R1：幾何餘 5.3835㎡ 入抵費地（`K-9-5-7` 配餘·s∈[17.2402,17.5649]）——原為「非宗亦非池帶」之無主空間
🟢 [配餘] 街廓 R1：幾何餘 0.0046㎡ 入抵費地（`K-9-5-7` 配餘·s∈[-0.3248,-0.0358]）——原為「非宗亦非池帶」之無主空間
[T2-DIAG] 街廓 R1｜宗數 5｜池帶 3 片｜池帶 s 寬 [35.2871  0.3247  0.2890]｜池帶面積 [1169.7082  5.3835  0.0046]｜Σ池 1175.0963｜覆蓋殘差 0.0000｜Σ 殘差 -0.0000｜宗-宗疊 0.0000（上界 0.6630）｜內部縫 0 帶／0.0000㎡｜退化帶 0 個｜s 域 [-0.3248,87.7155]
[Δ_i·R1·left·總量] （無界面）
[Δ_i·R1·right·總量] 628(5)→628-34(3): W_far=7.0200／W_near=7.2300／W_start=7.0200／Δ=+0.0000／Δ_self=+1.1340／🔄方向改變　628-34(3)→628-37(1): W_far=9.6100／W_near=9.6100／W_start=9.6100／Δ=+0.0000／Δ_self=+0.0000　628-37(1)→628-35(2): W_far=16.1200／W_near=16.1200／W_start=16.1200／Δ=+0.0000／Δ_self=+0.0000
[Δ_i·R1·left·階段2] （無界面）
[Δ_i·R1·right·階段2] （無界面）
[Δ_i·R1·left·階段1] （無界面）
[Δ_i·R1·right·階段1] 628(5)→628-34(3): W_far=7.0200／W_near=7.2300／W_start=7.0200／Δ=+0.0000／Δ_self=+1.1340／🔄方向改變　628-34(3)→628-37(1): W_far=9.6100／W_near=9.6100／W_start=9.6100／Δ=+0.0000／Δ_self=+0.0000　628-37(1)→628-35(2): W_far=16.1200／W_near=16.1200／W_start=16.1200／Δ=+0.0000／Δ_self=+0.0000
[T2-DIAG] 街廓 R2｜宗數 14｜池帶 2 片｜池帶 s 寬 [8.4283  32.9691]｜池帶面積 [308.1700  1466.2584]｜Σ池 1774.4284｜覆蓋殘差 0.0000｜Σ 殘差 -0.0000｜宗-宗疊 0.0000（上界 2.8906）｜內部縫 0 帶／0.0000㎡｜退化帶 4 個（s 寬 5.98e-12, 4.27e-10, 4.09e-11, 4.23e-11）｜s 域 [0.2677,100.0274]
[Δ_i·R2·left·總量] 628-42(1)→628-41(1): W_far=7.0900／W_near=7.0900／W_start=7.0900／Δ=+0.0000／Δ_self=+0.0000　628-41(1)→628-27(1): W_far=11.1600／W_near=11.1600／W_start=11.1600／Δ=+0.0000／Δ_self=+0.0000　628-27(1)→628-40(1)+: W_far=11.8200／W_near=11.8200／W_start=11.8200／Δ=+0.0000／Δ_self=+0.0000　628-40(1)+→628-30(2): W_far=18.4800／W_near=18.4800／W_start=18.4800／Δ=+0.0000／Δ_self=+0.0000　628-30(2)→628-39(1): W_far=20.4900／W_near=20.4900／W_start=20.4900／Δ=+0.0000／Δ_self=+0.0000　628-39(1)→628-31(2): W_far=25.7600／W_near=25.7600／W_start=25.7600／Δ=+0.0000／Δ_self=+0.0000
[Δ_i·R2·left·階段2] （無界面）
[Δ_i·R2·left·階段1] 628-42(1)→628-41(1): W_far=7.0900／W_near=7.0900／W_start=7.0900／Δ=+0.0000／Δ_self=+0.0000　628-41(1)→628-27(1): W_far=11.1600／W_near=11.1600／W_start=11.1600／Δ=+0.0000／Δ_self=+0.0000　628-27(1)→628-40(1)+: W_far=11.8200／W_near=11.8200／W_start=11.8200／Δ=+0.0000／Δ_self=+0.0000　628-40(1)+→628-30(2): W_far=18.4800／W_near=18.4800／W_start=18.4800／Δ=+0.0000／Δ_self=+0.0000　628-30(2)→628-39(1): W_far=20.4900／W_near=20.4900／W_start=20.4900／Δ=+0.0000／Δ_self=+0.0000　628-39(1)→628-31(2): W_far=25.7600／W_near=25.7600／W_start=25.7600／Δ=+0.0000／Δ_self=+0.0000
[Δ_i·R2·right·階段1] （無界面）
🟢 [配餘] 街廓 R4：幾何餘 26.1102㎡ 入抵費地（`K-9-5-7` 配餘·s∈[7.8186,9.3951]）——原為「非宗亦非池帶」之無主空間
🟢 [配餘] 街廓 R4：幾何餘 26.0843㎡ 入抵費地（`K-9-5-7` 配餘·s∈[68.9201,70.4959]）——原為「非宗亦非池帶」之無主空間
[T2-DIAG] 街廓 R4｜宗數 1｜池帶 4 片｜池帶 s 寬 [7.6427  28.2204  1.5766  1.5758]｜池帶面積 [226.0100  906.3247  26.1102  26.0843]｜Σ池 1184.5292｜覆蓋殘差 0.0000｜Σ 殘差 +0.0000｜宗-宗疊 0.0000（上界 0.0000）｜內部縫 0 帶／0.0000㎡｜退化帶 0 個｜s 域 [0.1759,98.7163]
[Δ_i·R4·left·總量] （無界面）
[Δ_i·R4·right·總量] （無界面）
[Δ_i·R4·left·階段2] （無界面）
[Δ_i·R4·right·階段2] （無界面）
🔴 首宗下限未達（補丁六 §二）：街廓 R4 right 側 首宗 KL W=0.00 < 退縮(3.50)＋畸零寬(3.50)=7.00——loud 記錄·禁靜默/禁 clamp（重烤後應 ≥ 下限）
[T2-DIAG] 街廓 R6｜宗數 8｜池帶 2 片｜池帶 s 寬 [3.6068  34.0520]｜池帶面積 [85.7064  1543.0063]｜Σ池 1628.7127｜覆蓋殘差 0.0000｜Σ 殘差 -0.0000｜宗-宗疊 0.0000（上界 1.5929）｜內部縫 0 帶／0.0000㎡｜退化帶 2 個（s 寬 1.18e-11, 1.01e-11）｜s 域 [-3.6068,85.8549]
[Δ_i·R6·right·總量] 628-18(1)→628-53(1): W_far=7.2000／W_near=7.2000／W_start=7.2000／Δ=+0.0000／Δ_self=+0.0000　628-53(1)→628-38(1): W_far=7.2000／W_near=7.2000／W_start=7.2000／Δ=+0.0000／Δ_self=+0.0000　628-38(1)→628-7(1): W_far=9.8900／W_near=9.8900／W_start=9.8900／Δ=+0.0000／Δ_self=+0.0000　628-7(1)→628-20(1): W_far=16.7700／W_near=16.7700／W_start=16.7700／Δ=+0.0000／Δ_self=+0.0000
[K-9-5-8] 街廓 R6 right 側：SIDE ∥ ALLOC **退化**（|cross|=0.0000000474／夾角=0.000003°　≤ 容差 1e-06）⇒ `K-9-5-4 ②` 套用後方向等值、無楔形；方向判準所得 []／街角第 1 宗 ['628-18(1)']——**合法組態·⛔ 非異常**（KL 裁 2026-08-08）
[Δ_i·R6·right·階段2] （無界面）
[Δ_i·R6·left·階段1] （無界面）
[Δ_i·R6·right·階段1] 628-18(1)→628-53(1): W_far=7.2000／W_near=7.2000／W_start=7.2000／Δ=+0.0000／Δ_self=+0.0000　628-53(1)→628-38(1): W_far=7.2000／W_near=7.2000／W_start=7.2000／Δ=+0.0000／Δ_self=+0.0000　628-38(1)→628-7(1): W_far=9.8900／W_near=9.8900／W_start=9.8900／Δ=+0.0000／Δ_self=+0.0000　628-7(1)→628-20(1): W_far=16.7700／W_near=16.7700／W_start=16.7700／Δ=+0.0000／Δ_self=+0.0000
[K-9-5-8] 街廓 R6 right 側：SIDE ∥ ALLOC **退化**（|cross|=0.0000000474／夾角=0.000003°　≤ 容差 1e-06）⇒ `K-9-5-4 ②` 套用後方向等值、無楔形；方向判準所得 []／街角第 1 宗 ['628-18(1)']——**合法組態·⛔ 非異常**（KL 裁 2026-08-08）
🟢 [配餘] 街廓 R5：幾何餘 146.1806㎡ 入抵費地（`K-9-5-7` 配餘·s∈[8.0592,14.7180]）——原為「非宗亦非池帶」之無主空間
[T2-DIAG] 街廓 R5｜宗數 7｜池帶 2 片｜池帶 s 寬 [35.7531  6.6588]｜池帶面積 [1620.7892  146.1806]｜Σ池 1766.9699｜覆蓋殘差 0.0000｜Σ 殘差 -0.0000｜宗-宗疊 0.0000（上界 1.3713）｜內部縫 0 帶／0.0000㎡｜退化帶 0 個｜s 域 [0.2685,92.7995]
[Δ_i·R5·left·總量] 628-45(1)+→628-18(2): W_far=8.0600／W_near=9.6900／W_start=8.0600／Δ=+0.0000／Δ_self=+8.2000／🔄方向改變　628-18(2)→628-7(2): W_far=16.0200／W_near=16.0200／W_start=16.0200／Δ=+0.0000／Δ_self=+0.0000　628-7(2)→628-31(1): W_far=21.6900／W_near=21.6900／W_start=21.6900／Δ=+0.0000／Δ_self=+0.0000　628-31(1)→628-32(1): W_far=21.9300／W_near=21.9300／W_start=21.9300／Δ=+0.0000／Δ_self=+0.0000
[Δ_i·R5·left·階段2] （無界面）
[Δ_i·R5·left·階段1] 628-45(1)+→628-18(2): W_far=8.0600／W_near=9.6900／W_start=8.0600／Δ=+0.0000／Δ_self=+8.2000／🔄方向改變　628-18(2)→628-7(2): W_far=16.0200／W_near=16.0200／W_start=16.0200／Δ=+0.0000／Δ_self=+0.0000　628-7(2)→628-31(1): W_far=21.6900／W_near=21.6900／W_start=21.6900／Δ=+0.0000／Δ_self=+0.0000　628-31(1)→628-32(1): W_far=21.9300／W_near=21.9300／W_start=21.9300／Δ=+0.0000／Δ_self=+0.0000
[Δ_i·R5·right·階段1] （無界面）
[T2-DIAG] 街廓 R3｜宗數 10｜池帶 1 片｜池帶 s 寬 [40.5337]｜池帶面積 [1795.1328]｜Σ池 1795.1328｜覆蓋殘差 0.0001｜Σ 殘差 -0.0001｜宗-宗疊 0.0000（上界 1.9953）｜內部縫 0 帶／0.0000㎡｜退化帶 3 個（s 寬 5.57e-06, 1.70e-10, 4.24e-11）｜s 域 [-0.0000,96.8032]
[Δ_i·R3·right·總量] 628-30(3)+→628-42(2): W_far=14.1400／W_near=15.7800／W_start=14.1400／Δ=+0.0000／Δ_self=+5.4280／🔄方向改變　628-42(2)→628-27(2): W_far=16.1000／W_near=16.1000／W_start=16.1000／Δ=+0.0000／Δ_self=+0.0000　628-27(2)→628-29(1)+: W_far=16.6900／W_near=16.6900／W_start=16.6900／Δ=+0.0000／Δ_self=+0.0000　628-29(1)+→628-31(3): W_far=19.6200／W_near=19.6200／W_start=19.6200／Δ=+0.0000／Δ_self=+0.0000
[Δ_i·R3·right·階段2] （無界面）
[Δ_i·R3·left·階段1] （無界面）
[Δ_i·R3·right·階段1] 628-30(3)+→628-42(2): W_far=14.1400／W_near=15.7800／W_start=14.1400／Δ=+0.0000／Δ_self=+5.4280／🔄方向改變　628-42(2)→628-27(2): W_far=16.1000／W_near=16.1000／W_start=16.1000／Δ=+0.0000／Δ_self=+0.0000　628-27(2)→628-29(1)+: W_far=16.6900／W_near=16.6900／W_start=16.6900／Δ=+0.0000／Δ_self=+0.0000　628-29(1)+→628-31(3): W_far=19.6200／W_near=19.6200／W_start=19.6200／Δ=+0.0000／Δ_self=+0.0000
… v3 財務接線閘（B/C 錨・中繼錨・C 兩形等價・A 逐宗全查・雙 reverse-test）
🟢 [配餘] 街廓 R1：幾何餘 0.0046㎡ 入抵費地（`K-9-5-7` 配餘·s∈[-0.3248,-0.0358]）——原為「非宗亦非池帶」之無主空間
[T2-DIAG] 街廓 R1｜宗數 5｜池帶 2 片｜池帶 s 寬 [35.5271  0.2890]｜池帶面積 [1177.5624  0.0046]｜Σ池 1177.5670｜覆蓋殘差 0.0000｜Σ 殘差 -0.0000｜宗-宗疊 0.0000（上界 0.6630）｜內部縫 0 帶／0.0000㎡｜退化帶 1 個（s 寬 1.30e-10）｜s 域 [-0.3248,87.7155]
[Δ_i·R1·left·總量] 628-37(1)→628-35(2): W_far=6.4600／W_near=6.6100／W_start=6.4600／Δ=+0.0000／Δ_self=+0.8550／🔄方向改變
[Δ_i·R1·right·總量] 628(5)→628-34(3): W_far=7.0100／W_near=7.2200／W_start=7.0100／Δ=+0.0000／Δ_self=+1.1340／🔄方向改變　628-34(3)→628-36(1): W_far=9.6000／W_near=9.6000／W_start=9.6000／Δ=+0.0000／Δ_self=+0.0000
[Δ_i·R1·left·階段2] （無界面）
[Δ_i·R1·right·階段2] （無界面）
[Δ_i·R1·left·階段1] 628-37(1)→628-35(2): W_far=6.4600／W_near=6.6100／W_start=6.4600／Δ=+0.0000／Δ_self=+0.8550／🔄方向改變
[Δ_i·R1·right·階段1] 628(5)→628-34(3): W_far=7.0100／W_near=7.2200／W_start=7.0100／Δ=+0.0000／Δ_self=+1.1340／🔄方向改變　628-34(3)→628-36(1): W_far=9.6000／W_near=9.6000／W_start=9.6000／Δ=+0.0000／Δ_self=+0.0000
🟢 [配餘] 街廓 R2：幾何餘 152.3554㎡ 入抵費地（`K-9-5-7` 配餘·s∈[4.0512,10.8354]）——原為「非宗亦非池帶」之無主空間
[T2-DIAG] 街廓 R2｜宗數 12｜池帶 2 片｜池帶 s 寬 [37.8846  6.7842]｜池帶面積 [1685.7639  152.3554]｜Σ池 1838.1193｜覆蓋殘差 0.0000｜Σ 殘差 -0.0000｜宗-宗疊 0.0000（上界 2.4459）｜內部縫 0 帶／0.0000㎡｜退化帶 4 個（s 寬 2.67e-07, 4.24e-11, 3.67e-10, 4.23e-11）｜s 域 [0.2677,100.0274]
[Δ_i·R2·left·總量] 628-41(1)→628-40(1)+: W_far=4.0500／W_near=5.7300／W_start=4.0500／Δ=+0.0000／Δ_self=+10.2700／🔄方向改變　628-40(1)+→628-30(2): W_far=13.7600／W_near=13.7600／W_start=13.7600／Δ=+0.0000／Δ_self=+0.0000　628-30(2)→628-39(1): W_far=15.7100／W_near=15.7100／W_start=15.7100／Δ=+0.0000／Δ_self=+0.0000　628-39(1)→628-31(2): W_far=20.9100／W_near=20.9100／W_start=20.9100／Δ=+0.0000／Δ_self=+0.0000
[Δ_i·R2·left·階段2] （無界面）
[Δ_i·R2·left·階段1] 628-41(1)→628-40(1)+: W_far=4.0500／W_near=5.7300／W_start=4.0500／Δ=+0.0000／Δ_self=+10.2700／🔄方向改變　628-40(1)+→628-30(2): W_far=13.7600／W_near=13.7600／W_start=13.7600／Δ=+0.0000／Δ_self=+0.0000　628-30(2)→628-39(1): W_far=15.7100／W_near=15.7100／W_start=15.7100／Δ=+0.0000／Δ_self=+0.0000　628-39(1)→628-31(2): W_far=20.9100／W_near=20.9100／W_start=20.9100／Δ=+0.0000／Δ_self=+0.0000
[Δ_i·R2·right·階段1] （無界面）
🟢 [配餘] 街廓 R4：幾何餘 26.1116㎡ 入抵費地（`K-9-5-7` 配餘·s∈[4.4998,6.0764]）——原為「非宗亦非池帶」之無主空間
🟢 [配餘] 街廓 R4：幾何餘 26.0858㎡ 入抵費地（`K-9-5-7` 配餘·s∈[65.3505,66.9263]）——原為「非宗亦非池帶」之無主空間
[T2-DIAG] 街廓 R4｜宗數 1｜池帶 4 片｜池帶 s 寬 [4.3238  31.7900  1.5766  1.5758]｜池帶面積 [116.0800  1024.5020  26.1116  26.0858]｜Σ池 1192.7794｜覆蓋殘差 0.0000｜Σ 殘差 -0.0000｜宗-宗疊 0.0000（上界 0.0000）｜內部縫 0 帶／0.0000㎡｜退化帶 0 個｜s 域 [0.1759,98.7163]
[Δ_i·R4·left·總量] （無界面）
[Δ_i·R4·right·總量] （無界面）
[Δ_i·R4·left·階段2] （無界面）
[Δ_i·R4·right·階段2] （無界面）
🔴 首宗下限未達（補丁六 §二）：街廓 R4 right 側 首宗 KL W=0.00 < 退縮(0.00)＋畸零寬(3.50)=3.50——loud 記錄·禁靜默/禁 clamp（重烤後應 ≥ 下限）
[T2-DIAG] 街廓 R6｜宗數 8｜池帶 2 片｜池帶 s 寬 [3.6068  34.1124]｜池帶面積 [85.7064  1545.7473]｜Σ池 1631.4537｜覆蓋殘差 0.0000｜Σ 殘差 -0.0000｜宗-宗疊 0.0000（上界 1.5929）｜內部縫 0 帶／0.0000㎡｜退化帶 2 個（s 寬 7.85e-11, 1.96e-10）｜s 域 [-3.6068,85.8549]
[Δ_i·R6·right·總量] 628-18(1)→628-53(1): W_far=7.1900／W_near=7.1900／W_start=7.1900／Δ=+0.0000／Δ_self=+0.0000　628-53(1)→628-38(1): W_far=7.2000／W_near=7.2000／W_start=7.2000／Δ=+0.0000／Δ_self=+0.0000　628-38(1)→628-7(1): W_far=9.8800／W_near=9.8800／W_start=9.8800／Δ=+0.0000／Δ_self=+0.0000　628-7(1)→628-20(1): W_far=16.7500／W_near=16.7500／W_start=16.7500／Δ=+0.0000／Δ_self=+0.0000
[K-9-5-8] 街廓 R6 right 側：SIDE ∥ ALLOC **退化**（|cross|=0.0000000474／夾角=0.000003°　≤ 容差 1e-06）⇒ `K-9-5-4 ②` 套用後方向等值、無楔形；方向判準所得 []／街角第 1 宗 ['628-18(1)']——**合法組態·⛔ 非異常**（KL 裁 2026-08-08）
[Δ_i·R6·right·階段2] （無界面）
[Δ_i·R6·left·階段1] （無界面）
[Δ_i·R6·right·階段1] 628-18(1)→628-53(1): W_far=7.1900／W_near=7.1900／W_start=7.1900／Δ=+0.0000／Δ_self=+0.0000　628-53(1)→628-38(1): W_far=7.2000／W_near=7.2000／W_start=7.2000／Δ=+0.0000／Δ_self=+0.0000　628-38(1)→628-7(1): W_far=9.8800／W_near=9.8800／W_start=9.8800／Δ=+0.0000／Δ_self=+0.0000　628-7(1)→628-20(1): W_far=16.7500／W_near=16.7500／W_start=16.7500／Δ=+0.0000／Δ_self=+0.0000
[K-9-5-8] 街廓 R6 right 側：SIDE ∥ ALLOC **退化**（|cross|=0.0000000474／夾角=0.000003°　≤ 容差 1e-06）⇒ `K-9-5-4 ②` 套用後方向等值、無楔形；方向判準所得 []／街角第 1 宗 ['628-18(1)']——**合法組態·⛔ 非異常**（KL 裁 2026-08-08）
🟢 [配餘] 街廓 R5：幾何餘 145.1686㎡ 入抵費地（`K-9-5-7` 配餘·s∈[4.8445,11.4802]）——原為「非宗亦非池帶」之無主空間
[T2-DIAG] 街廓 R5｜宗數 7｜池帶 2 片｜池帶 s 寬 [35.8371  6.6357]｜池帶面積 [1624.5958  145.1686]｜Σ池 1769.7644｜覆蓋殘差 0.0000｜Σ 殘差 -0.0000｜宗-宗疊 0.0000（上界 1.3713）｜內部縫 0 帶／0.0000㎡｜退化帶 2 個（s 寬 1.27e-10, 8.49e-11）｜s 域 [0.2685,92.7995]
[Δ_i·R5·left·總量] 628-18(2)→628-7(2): W_far=4.8400／W_near=6.4800／W_start=4.8400／Δ=+0.0000／Δ_self=+9.7280／🔄方向改變　628-7(2)→628-45(1)+: W_far=13.4600／W_near=13.4600／W_start=13.4600／Δ=+0.0000／Δ_self=+0.0000　628-45(1)+→628-31(1): W_far=21.6500／W_near=21.6500／W_start=21.6500／Δ=+0.0000／Δ_self=+0.0000　628-31(1)→628-32(1): W_far=21.8900／W_near=21.8900／W_start=21.8900／Δ=+0.0000／Δ_self=+0.0000
[Δ_i·R5·left·階段2] （無界面）
[Δ_i·R5·left·階段1] 628-18(2)→628-7(2): W_far=4.8400／W_near=6.4800／W_start=4.8400／Δ=+0.0000／Δ_self=+9.7280／🔄方向改變　628-7(2)→628-45(1)+: W_far=13.4600／W_near=13.4600／W_start=13.4600／Δ=+0.0000／Δ_self=+0.0000　628-45(1)+→628-31(1): W_far=21.6500／W_near=21.6500／W_start=21.6500／Δ=+0.0000／Δ_self=+0.0000　628-31(1)→628-32(1): W_far=21.8900／W_near=21.8900／W_start=21.8900／Δ=+0.0000／Δ_self=+0.0000
[Δ_i·R5·right·階段1] （無界面）
[T2-DIAG] 街廓 R3｜宗數 10｜池帶 1 片｜池帶 s 寬 [40.5976]｜池帶面積 [1797.9646]｜Σ池 1797.9646｜覆蓋殘差 0.0001｜Σ 殘差 -0.0001｜宗-宗疊 0.0000（上界 1.9953）｜內部縫 0 帶／0.0000㎡｜退化帶 4 個（s 寬 5.57e-06, 1.70e-10, 1.93e-11, 1.70e-10）｜s 域 [-0.0000,96.8032]
[Δ_i·R3·right·總量] 628-30(3)+→628-42(2): W_far=14.1300／W_near=15.7600／W_start=14.1300／Δ=+0.0000／Δ_self=+5.4010／🔄方向改變　628-42(2)→628-27(2): W_far=16.0800／W_near=16.0800／W_start=16.0800／Δ=+0.0000／Δ_self=+0.0000　628-27(2)→628-29(1)+: W_far=16.6700／W_near=16.6700／W_start=16.6700／Δ=+0.0000／Δ_self=+0.0000　628-29(1)+→628-31(3): W_far=19.6000／W_near=19.6000／W_start=19.6000／Δ=+0.0000／Δ_self=+0.0000
[Δ_i·R3·right·階段2] （無界面）
[Δ_i·R3·left·階段1] （無界面）
[Δ_i·R3·right·階段1] 628-30(3)+→628-42(2): W_far=14.1300／W_near=15.7600／W_start=14.1300／Δ=+0.0000／Δ_self=+5.4010／🔄方向改變　628-42(2)→628-27(2): W_far=16.0800／W_near=16.0800／W_start=16.0800／Δ=+0.0000／Δ_self=+0.0000　628-27(2)→628-29(1)+: W_far=16.6700／W_near=16.6700／W_start=16.6700／Δ=+0.0000／Δ_self=+0.0000　628-29(1)+→628-31(3): W_far=19.6000／W_near=19.6000／W_start=19.6000／Δ=+0.0000／Δ_self=+0.0000
🟢 [配餘] 街廓 R1：幾何餘 0.0046㎡ 入抵費地（`K-9-5-7` 配餘·s∈[-0.3248,-0.0358]）——原為「非宗亦非池帶」之無主空間
[T2-DIAG] 街廓 R1｜宗數 5｜池帶 2 片｜池帶 s 寬 [37.9748  0.2890]｜池帶面積 [1258.6938  0.0046]｜Σ池 1258.6984｜覆蓋殘差 0.0000｜Σ 殘差 -0.0000｜宗-宗疊 0.0000（上界 0.6630）｜內部縫 0 帶／0.0000㎡｜退化帶 0 個｜s 域 [-0.3248,87.7155]
[Δ_i·R1·left·總量] 628-37(1)→628-35(2): W_far=6.1900／W_near=6.3500／W_start=6.1900／Δ=+0.0000／Δ_self=+0.9120／🔄方向改變
[Δ_i·R1·right·總量] 628(5)→628-34(3): W_far=6.7200／W_near=6.9300／W_start=6.7200／Δ=+0.0000／Δ_self=+1.1970／🔄方向改變　628-34(3)→628-36(1): W_far=9.1800／W_near=9.1800／W_start=9.1800／Δ=+0.0000／Δ_self=+0.0000
[Δ_i·R1·left·階段2] （無界面）
[Δ_i·R1·right·階段2] （無界面）
[Δ_i·R1·left·階段1] 628-37(1)→628-35(2): W_far=6.1900／W_near=6.3500／W_start=6.1900／Δ=+0.0000／Δ_self=+0.9120／🔄方向改變
[Δ_i·R1·right·階段1] 628(5)→628-34(3): W_far=6.7200／W_near=6.9300／W_start=6.7200／Δ=+0.0000／Δ_self=+1.1970／🔄方向改變　628-34(3)→628-36(1): W_far=9.1800／W_near=9.1800／W_start=9.1800／Δ=+0.0000／Δ_self=+0.0000
🟢 [配餘] 街廓 R2：幾何餘 152.3673㎡ 入抵費地（`K-9-5-7` 配餘·s∈[3.8707,10.6551]）——原為「非宗亦非池帶」之無主空間
[T2-DIAG] 街廓 R2｜宗數 12｜池帶 2 片｜池帶 s 寬 [40.4737  6.7844]｜池帶面積 [1800.9426  152.3673]｜Σ池 1953.3099｜覆蓋殘差 0.0000｜Σ 殘差 -0.0000｜宗-宗疊 0.0000（上界 2.4459）｜內部縫 0 帶／0.0000㎡｜退化帶 3 個（s 寬 2.68e-07, 9.66e-11, 4.23e-11）｜s 域 [0.2677,100.0274]
[Δ_i·R2·left·總量] 628-41(1)→628-40(1)+: W_far=3.8700／W_near=5.5500／W_start=3.8700／Δ=+0.0000／Δ_self=+10.3450／🔄方向改變　628-40(1)+→628-30(2): W_far=13.2800／W_near=13.2800／W_start=13.2800／Δ=+0.0000／Δ_self=+0.0000　628-30(2)→628-39(1): W_far=15.1400／W_near=15.1400／W_start=15.1400／Δ=+0.0000／Δ_self=+0.0000　628-39(1)→628-31(2): W_far=20.0900／W_near=20.0900／W_start=20.0900／Δ=+0.0000／Δ_self=+0.0000
[Δ_i·R2·left·階段2] （無界面）
[Δ_i·R2·left·階段1] 628-41(1)→628-40(1)+: W_far=3.8700／W_near=5.5500／W_start=3.8700／Δ=+0.0000／Δ_self=+10.3450／🔄方向改變　628-40(1)+→628-30(2): W_far=13.2800／W_near=13.2800／W_start=13.2800／Δ=+0.0000／Δ_self=+0.0000　628-30(2)→628-39(1): W_far=15.1400／W_near=15.1400／W_start=15.1400／Δ=+0.0000／Δ_self=+0.0000　628-39(1)→628-31(2): W_far=20.0900／W_near=20.0900／W_start=20.0900／Δ=+0.0000／Δ_self=+0.0000
[Δ_i·R2·right·階段1] （無界面）
🟢 [配餘] 街廓 R4：幾何餘 26.1116㎡ 入抵費地（`K-9-5-7` 配餘·s∈[1.5767,49.5299]）——原為「非宗亦非池帶」之無主空間
🟢 [配餘] 街廓 R4：幾何餘 26.0868㎡ 入抵費地（`K-9-5-7` 配餘·s∈[41.9054,64.4029]）——原為「非宗亦非池帶」之無主空間
[T2-DIAG] 街廓 R4｜宗數 1｜池帶 4 片｜池帶 s 寬 [4.3238  34.3134  47.9532  22.4975]｜池帶面積 [116.0800  1108.0468  26.1116  26.0868]｜Σ池 1276.3253｜覆蓋殘差 0.0000｜Σ 殘差 -0.0000｜宗-宗疊 0.0000（上界 0.0000）｜內部縫 0 帶／0.0000㎡｜退化帶 0 個｜s 域 [0.1759,98.7163]
[Δ_i·R4·left·總量] （無界面）
[Δ_i·R4·right·總量] （無界面）
[Δ_i·R4·left·階段2] （無界面）
[Δ_i·R4·right·階段2] （無界面）
🔴 首宗下限未達（補丁六 §二）：街廓 R4 right 側 首宗 KL W=0.00 < 退縮(0.00)＋畸零寬(3.50)=3.50——loud 記錄·禁靜默/禁 clamp（重烤後應 ≥ 下限）
[T2-DIAG] 街廓 R6｜宗數 8｜池帶 2 片｜池帶 s 寬 [3.6068  36.4340]｜池帶面積 [85.7064  1651.0280]｜Σ池 1736.7344｜覆蓋殘差 0.0000｜Σ 殘差 -0.0000｜宗-宗疊 0.0000（上界 1.5929）｜內部縫 0 帶／0.0000㎡｜退化帶 1 個（s 寬 3.94e-10）｜s 域 [-3.6068,85.8549]
[Δ_i·R6·right·總量] 628-18(1)→628-53(1): W_far=6.8700／W_near=6.8700／W_start=6.8700／Δ=+0.0000／Δ_self=+0.0000　628-53(1)→628-38(1): W_far=6.8700／W_near=6.8700／W_start=6.8700／Δ=+0.0000／Δ_self=+0.0000　628-38(1)→628-7(1): W_far=9.4400／W_near=9.4400／W_start=9.4400／Δ=+0.0000／Δ_self=+0.0000　628-7(1)→628-20(1): W_far=15.9900／W_near=15.9900／W_start=15.9900／Δ=+0.0000／Δ_self=+0.0000
[K-9-5-8] 街廓 R6 right 側：SIDE ∥ ALLOC **退化**（|cross|=0.0000000474／夾角=0.000003°　≤ 容差 1e-06）⇒ `K-9-5-4 ②` 套用後方向等值、無楔形；方向判準所得 []／街角第 1 宗 ['628-18(1)']——**合法組態·⛔ 非異常**（KL 裁 2026-08-08）
[Δ_i·R6·right·階段2] （無界面）
[Δ_i·R6·left·階段1] （無界面）
[Δ_i·R6·right·階段1] 628-18(1)→628-53(1): W_far=6.8700／W_near=6.8700／W_start=6.8700／Δ=+0.0000／Δ_self=+0.0000　628-53(1)→628-38(1): W_far=6.8700／W_near=6.8700／W_start=6.8700／Δ=+0.0000／Δ_self=+0.0000　628-38(1)→628-7(1): W_far=9.4400／W_near=9.4400／W_start=9.4400／Δ=+0.0000／Δ_self=+0.0000　628-7(1)→628-20(1): W_far=15.9900／W_near=15.9900／W_start=15.9900／Δ=+0.0000／Δ_self=+0.0000
[K-9-5-8] 街廓 R6 right 側：SIDE ∥ ALLOC **退化**（|cross|=0.0000000474／夾角=0.000003°　≤ 容差 1e-06）⇒ `K-9-5-4 ②` 套用後方向等值、無楔形；方向判準所得 []／街角第 1 宗 ['628-18(1)']——**合法組態·⛔ 非異常**（KL 裁 2026-08-08）
🟢 [配餘] 街廓 R5：幾何餘 145.0950㎡ 入抵費地（`K-9-5-7` 配餘·s∈[4.6102,11.2442]）——原為「非宗亦非池帶」之無主空間
[T2-DIAG] 街廓 R5｜宗數 7｜池帶 2 片｜池帶 s 寬 [38.3859  6.6340]｜池帶面積 [1740.7408  145.0950]｜Σ池 1885.8358｜覆蓋殘差 0.0000｜Σ 殘差 -0.0000｜宗-宗疊 0.0000（上界 1.3713）｜內部縫 0 帶／0.0000㎡｜退化帶 1 個（s 寬 4.24e-11）｜s 域 [0.2685,92.7995]
[Δ_i·R5·left·總量] 628-18(2)→628-7(2): W_far=4.6100／W_near=6.2500／W_start=4.6100／Δ=+0.0000／Δ_self=+9.8430／🔄方向改變　628-7(2)→628-45(1)+: W_far=12.9500／W_near=12.9500／W_start=12.9500／Δ=+0.0000／Δ_self=+0.0000　628-45(1)+→628-31(1): W_far=20.7300／W_near=20.7300／W_start=20.7300／Δ=+0.0000／Δ_self=+0.0000　628-31(1)→628-32(1): W_far=20.9500／W_near=20.9500／W_start=20.9500／Δ=+0.0000／Δ_self=+0.0000
[Δ_i·R5·left·階段2] （無界面）
[Δ_i·R5·left·階段1] 628-18(2)→628-7(2): W_far=4.6100／W_near=6.2500／W_start=4.6100／Δ=+0.0000／Δ_self=+9.8430／🔄方向改變　628-7(2)→628-45(1)+: W_far=12.9500／W_near=12.9500／W_start=12.9500／Δ=+0.0000／Δ_self=+0.0000　628-45(1)+→628-31(1): W_far=20.7300／W_near=20.7300／W_start=20.7300／Δ=+0.0000／Δ_self=+0.0000　628-31(1)→628-32(1): W_far=20.9500／W_near=20.9500／W_start=20.9500／Δ=+0.0000／Δ_self=+0.0000
[Δ_i·R5·right·階段1] （無界面）
[T2-DIAG] 街廓 R3｜宗數 10｜池帶 1 片｜池帶 s 寬 [43.2761]｜池帶面積 [1916.6265]｜Σ池 1916.6265｜覆蓋殘差 0.0001｜Σ 殘差 -0.0001｜宗-宗疊 0.0000（上界 1.9953）｜內部縫 0 帶／0.0000㎡｜退化帶 1 個（s 寬 5.57e-06）｜s 域 [-0.0000,96.8032]
[Δ_i·R3·right·總量] 628-30(3)+→628-42(2): W_far=13.4200／W_near=15.0600／W_start=13.4200／Δ=+0.0000／Δ_self=+5.8900／🔄方向改變　628-42(2)→628-27(2): W_far=15.2800／W_near=15.2800／W_start=15.2800／Δ=+0.0000／Δ_self=+0.0000　628-27(2)→628-29(1)+: W_far=15.8400／W_near=15.8400／W_start=15.8400／Δ=+0.0000／Δ_self=+0.0000　628-29(1)+→628-31(3): W_far=18.6000／W_near=18.6000／W_start=18.6000／Δ=+0.0000／Δ_self=+0.0000
[Δ_i·R3·right·階段2] （無界面）
[Δ_i·R3·left·階段1] （無界面）
[Δ_i·R3·right·階段1] 628-30(3)+→628-42(2): W_far=13.4200／W_near=15.0600／W_start=13.4200／Δ=+0.0000／Δ_self=+5.8900／🔄方向改變　628-42(2)→628-27(2): W_far=15.2800／W_near=15.2800／W_start=15.2800／Δ=+0.0000／Δ_self=+0.0000　628-27(2)→628-29(1)+: W_far=15.8400／W_near=15.8400／W_start=15.8400／Δ=+0.0000／Δ_self=+0.0000　628-29(1)+→628-31(3): W_far=18.6000／W_near=18.6000／W_start=18.6000／Δ=+0.0000／Δ_self=+0.0000
… W-D.3 碎片幾何/分類/逐邊 CAD 對拍
🟢 [配餘] 街廓 R1：幾何餘 0.0046㎡ 入抵費地（`K-9-5-7` 配餘·s∈[-0.3248,-0.0358]）——原為「非宗亦非池帶」之無主空間
[T2-DIAG] 街廓 R1｜宗數 5｜池帶 2 片｜池帶 s 寬 [35.4647  0.2890]｜池帶面積 [1175.4937  0.0046]｜Σ池 1175.4983｜覆蓋殘差 0.0000｜Σ 殘差 -0.0000｜宗-宗疊 0.0000（上界 0.6630）｜內部縫 0 帶／0.0000㎡｜退化帶 0 個｜s 域 [-0.3248,87.7155]
[Δ_i·R1·left·總量] 628-37(1)→628-35(2): W_far=6.4600／W_near=6.6200／W_start=6.4600／Δ=+0.0000／Δ_self=+0.9120／🔄方向改變
[Δ_i·R1·right·總量] 628(5)→628-34(3): W_far=7.0200／W_near=7.2300／W_start=7.0200／Δ=+0.0000／Δ_self=+1.1340／🔄方向改變　628-34(3)→628-36(1): W_far=9.6100／W_near=9.6100／W_start=9.6100／Δ=+0.0000／Δ_self=+0.0000
[Δ_i·R1·left·階段2] （無界面）
[Δ_i·R1·right·階段2] （無界面）
[Δ_i·R1·left·階段1] 628-37(1)→628-35(2): W_far=6.4600／W_near=6.6200／W_start=6.4600／Δ=+0.0000／Δ_self=+0.9120／🔄方向改變
[Δ_i·R1·right·階段1] 628(5)→628-34(3): W_far=7.0200／W_near=7.2300／W_start=7.0200／Δ=+0.0000／Δ_self=+1.1340／🔄方向改變　628-34(3)→628-36(1): W_far=9.6100／W_near=9.6100／W_start=9.6100／Δ=+0.0000／Δ_self=+0.0000
🟢 [配餘] 街廓 R2：幾何餘 152.3551㎡ 入抵費地（`K-9-5-7` 配餘·s∈[4.0554,10.8395]）——原為「非宗亦非池帶」之無主空間
[T2-DIAG] 街廓 R2｜宗數 12｜池帶 2 片｜池帶 s 寬 [37.8168  6.7842]｜池帶面積 [1682.7445  152.3551]｜Σ池 1835.0996｜覆蓋殘差 0.0000｜Σ 殘差 -0.0000｜宗-宗疊 0.0000（上界 2.4459）｜內部縫 0 帶／0.0000㎡｜退化帶 2 個（s 寬 2.67e-07, 4.23e-11）｜s 域 [0.2677,100.0274]
[Δ_i·R2·left·總量] 628-41(1)→628-40(1)+: W_far=4.0600／W_near=5.7400／W_start=4.0600／Δ=+0.0000／Δ_self=+10.2680／🔄方向改變　628-40(1)+→628-30(2): W_far=13.7800／W_near=13.7800／W_start=13.7800／Δ=+0.0000／Δ_self=+0.0000　628-30(2)→628-39(1): W_far=15.7200／W_near=15.7200／W_start=15.7200／Δ=+0.0000／Δ_self=+0.0000　628-39(1)→628-31(2): W_far=20.9300／W_near=20.9300／W_start=20.9300／Δ=+0.0000／Δ_self=+0.0000
[Δ_i·R2·left·階段2] （無界面）
[Δ_i·R2·left·階段1] 628-41(1)→628-40(1)+: W_far=4.0600／W_near=5.7400／W_start=4.0600／Δ=+0.0000／Δ_self=+10.2680／🔄方向改變　628-40(1)+→628-30(2): W_far=13.7800／W_near=13.7800／W_start=13.7800／Δ=+0.0000／Δ_self=+0.0000　628-30(2)→628-39(1): W_far=15.7200／W_near=15.7200／W_start=15.7200／Δ=+0.0000／Δ_self=+0.0000　628-39(1)→628-31(2): W_far=20.9300／W_near=20.9300／W_start=20.9300／Δ=+0.0000／Δ_self=+0.0000
[Δ_i·R2·right·階段1] （無界面）
🟢 [配餘] 街廓 R4：幾何餘 26.1116㎡ 入抵費地（`K-9-5-7` 配餘·s∈[1.5767,49.5299]）——原為「非宗亦非池帶」之無主空間
🟢 [配餘] 街廓 R4：幾何餘 26.0858㎡ 入抵費地（`K-9-5-7` 配餘·s∈[49.5299,97.2360]）——原為「非宗亦非池帶」之無主空間
[T2-DIAG] 街廓 R4｜宗數 1｜池帶 4 片｜池帶 s 寬 [4.3238  31.7158  47.9532  47.7061]｜池帶面積 [116.0800  1022.0462  26.1116  26.0858]｜Σ池 1190.3236｜覆蓋殘差 0.0000｜Σ 殘差 +0.0000｜宗-宗疊 0.0000（上界 0.0000）｜內部縫 0 帶／0.0000㎡｜退化帶 0 個｜s 域 [0.1759,98.7163]
[Δ_i·R4·left·總量] （無界面）
[Δ_i·R4·right·總量] （無界面）
[Δ_i·R4·left·階段2] （無界面）
[Δ_i·R4·right·階段2] （無界面）
🔴 首宗下限未達（補丁六 §二）：街廓 R4 right 側 首宗 KL W=0.00 < 退縮(0.00)＋畸零寬(3.50)=3.50——loud 記錄·禁靜默/禁 clamp（重烤後應 ≥ 下限）
[T2-DIAG] 街廓 R6｜宗數 8｜池帶 2 片｜池帶 s 寬 [3.6068  34.0520]｜池帶面積 [85.7064  1543.0063]｜Σ池 1628.7127｜覆蓋殘差 0.0000｜Σ 殘差 -0.0000｜宗-宗疊 0.0000（上界 1.5929）｜內部縫 0 帶／0.0000㎡｜退化帶 2 個（s 寬 1.18e-11, 1.01e-11）｜s 域 [-3.6068,85.8549]
[Δ_i·R6·right·總量] 628-18(1)→628-53(1): W_far=7.2000／W_near=7.2000／W_start=7.2000／Δ=+0.0000／Δ_self=+0.0000　628-53(1)→628-38(1): W_far=7.2000／W_near=7.2000／W_start=7.2000／Δ=+0.0000／Δ_self=+0.0000　628-38(1)→628-7(1): W_far=9.8900／W_near=9.8900／W_start=9.8900／Δ=+0.0000／Δ_self=+0.0000　628-7(1)→628-20(1): W_far=16.7700／W_near=16.7700／W_start=16.7700／Δ=+0.0000／Δ_self=+0.0000
[K-9-5-8] 街廓 R6 right 側：SIDE ∥ ALLOC **退化**（|cross|=0.0000000474／夾角=0.000003°　≤ 容差 1e-06）⇒ `K-9-5-4 ②` 套用後方向等值、無楔形；方向判準所得 []／街角第 1 宗 ['628-18(1)']——**合法組態·⛔ 非異常**（KL 裁 2026-08-08）
[Δ_i·R6·right·階段2] （無界面）
[Δ_i·R6·left·階段1] （無界面）
[Δ_i·R6·right·階段1] 628-18(1)→628-53(1): W_far=7.2000／W_near=7.2000／W_start=7.2000／Δ=+0.0000／Δ_self=+0.0000　628-53(1)→628-38(1): W_far=7.2000／W_near=7.2000／W_start=7.2000／Δ=+0.0000／Δ_self=+0.0000　628-38(1)→628-7(1): W_far=9.8900／W_near=9.8900／W_start=9.8900／Δ=+0.0000／Δ_self=+0.0000　628-7(1)→628-20(1): W_far=16.7700／W_near=16.7700／W_start=16.7700／Δ=+0.0000／Δ_self=+0.0000
[K-9-5-8] 街廓 R6 right 側：SIDE ∥ ALLOC **退化**（|cross|=0.0000000474／夾角=0.000003°　≤ 容差 1e-06）⇒ `K-9-5-4 ②` 套用後方向等值、無楔形；方向判準所得 []／街角第 1 宗 ['628-18(1)']——**合法組態·⛔ 非異常**（KL 裁 2026-08-08）
🟢 [配餘] 街廓 R5：幾何餘 145.1703㎡ 入抵費地（`K-9-5-7` 配餘·s∈[4.8498,11.4856]）——原為「非宗亦非池帶」之無主空間
[T2-DIAG] 街廓 R5｜宗數 7｜池帶 2 片｜池帶 s 寬 [35.7758  6.6358]｜池帶面積 [1621.8010  145.1703]｜Σ池 1766.9713｜覆蓋殘差 0.0000｜Σ 殘差 -0.0000｜宗-宗疊 0.0000（上界 1.3713）｜內部縫 0 帶／0.0000㎡｜退化帶 1 個（s 寬 6.31e-12）｜s 域 [0.2685,92.7995]
[Δ_i·R5·left·總量] 628-18(2)→628-7(2): W_far=4.8500／W_near=6.4900／W_start=4.8500／Δ=+0.0000／Δ_self=+9.7230／🔄方向改變　628-7(2)→628-45(1)+: W_far=13.4700／W_near=13.4700／W_start=13.4700／Δ=+0.0000／Δ_self=+0.0000　628-45(1)+→628-31(1): W_far=21.6700／W_near=21.6700／W_start=21.6700／Δ=+0.0000／Δ_self=+0.0000　628-31(1)→628-32(1): W_far=21.9100／W_near=21.9100／W_start=21.9100／Δ=+0.0000／Δ_self=+0.0000
[Δ_i·R5·left·階段2] （無界面）
[Δ_i·R5·left·階段1] 628-18(2)→628-7(2): W_far=4.8500／W_near=6.4900／W_start=4.8500／Δ=+0.0000／Δ_self=+9.7230／🔄方向改變　628-7(2)→628-45(1)+: W_far=13.4700／W_near=13.4700／W_start=13.4700／Δ=+0.0000／Δ_self=+0.0000　628-45(1)+→628-31(1): W_far=21.6700／W_near=21.6700／W_start=21.6700／Δ=+0.0000／Δ_self=+0.0000　628-31(1)→628-32(1): W_far=21.9100／W_near=21.9100／W_start=21.9100／Δ=+0.0000／Δ_self=+0.0000
[Δ_i·R5·right·階段1] （無界面）
[T2-DIAG] 街廓 R3｜宗數 10｜池帶 1 片｜池帶 s 寬 [40.5337]｜池帶面積 [1795.1328]｜Σ池 1795.1328｜覆蓋殘差 0.0001｜Σ 殘差 -0.0001｜宗-宗疊 0.0000（上界 1.9953）｜內部縫 0 帶／0.0000㎡｜退化帶 3 個（s 寬 5.57e-06, 1.70e-10, 4.24e-11）｜s 域 [-0.0000,96.8032]
[Δ_i·R3·right·總量] 628-30(3)+→628-42(2): W_far=14.1400／W_near=15.7800／W_start=14.1400／Δ=+0.0000／Δ_self=+5.4280／🔄方向改變　628-42(2)→628-27(2): W_far=16.1000／W_near=16.1000／W_start=16.1000／Δ=+0.0000／Δ_self=+0.0000　628-27(2)→628-29(1)+: W_far=16.6900／W_near=16.6900／W_start=16.6900／Δ=+0.0000／Δ_self=+0.0000　628-29(1)+→628-31(3): W_far=19.6200／W_near=19.6200／W_start=19.6200／Δ=+0.0000／Δ_self=+0.0000
[Δ_i·R3·right·階段2] （無界面）
[Δ_i·R3·left·階段1] （無界面）
[Δ_i·R3·right·階段1] 628-30(3)+→628-42(2): W_far=14.1400／W_near=15.7800／W_start=14.1400／Δ=+0.0000／Δ_self=+5.4280／🔄方向改變　628-42(2)→628-27(2): W_far=16.1000／W_near=16.1000／W_start=16.1000／Δ=+0.0000／Δ_self=+0.0000　628-27(2)→628-29(1)+: W_far=16.6900／W_near=16.6900／W_start=16.6900／Δ=+0.0000／Δ_self=+0.0000　628-29(1)+→628-31(3): W_far=19.6200／W_near=19.6200／W_start=19.6200／Δ=+0.0000／Δ_self=+0.0000
🟢 [配餘] 街廓 R1：幾何餘 5.3835㎡ 入抵費地（`K-9-5-7` 配餘·s∈[17.2402,17.5649]）——原為「非宗亦非池帶」之無主空間
🟢 [配餘] 街廓 R1：幾何餘 0.0046㎡ 入抵費地（`K-9-5-7` 配餘·s∈[-0.3248,-0.0358]）——原為「非宗亦非池帶」之無主空間
[T2-DIAG] 街廓 R1｜宗數 5｜池帶 3 片｜池帶 s 寬 [35.2871  0.3247  0.2890]｜池帶面積 [1169.7082  5.3835  0.0046]｜Σ池 1175.0963｜覆蓋殘差 0.0000｜Σ 殘差 -0.0000｜宗-宗疊 0.0000（上界 0.6630）｜內部縫 0 帶／0.0000㎡｜退化帶 0 個｜s 域 [-0.3248,87.7155]
[Δ_i·R1·left·總量] （無界面）
[Δ_i·R1·right·總量] 628(5)→628-34(3): W_far=7.0200／W_near=7.2300／W_start=7.0200／Δ=+0.0000／Δ_self=+1.1340／🔄方向改變　628-34(3)→628-37(1): W_far=9.6100／W_near=9.6100／W_start=9.6100／Δ=+0.0000／Δ_self=+0.0000　628-37(1)→628-35(2): W_far=16.1200／W_near=16.1200／W_start=16.1200／Δ=+0.0000／Δ_self=+0.0000
[Δ_i·R1·left·階段2] （無界面）
[Δ_i·R1·right·階段2] （無界面）
[Δ_i·R1·left·階段1] （無界面）
[Δ_i·R1·right·階段1] 628(5)→628-34(3): W_far=7.0200／W_near=7.2300／W_start=7.0200／Δ=+0.0000／Δ_self=+1.1340／🔄方向改變　628-34(3)→628-37(1): W_far=9.6100／W_near=9.6100／W_start=9.6100／Δ=+0.0000／Δ_self=+0.0000　628-37(1)→628-35(2): W_far=16.1200／W_near=16.1200／W_start=16.1200／Δ=+0.0000／Δ_self=+0.0000
[T2-DIAG] 街廓 R2｜宗數 14｜池帶 2 片｜池帶 s 寬 [8.4283  32.9691]｜池帶面積 [308.1700  1466.2584]｜Σ池 1774.4284｜覆蓋殘差 0.0000｜Σ 殘差 -0.0000｜宗-宗疊 0.0000（上界 2.8906）｜內部縫 0 帶／0.0000㎡｜退化帶 4 個（s 寬 5.98e-12, 4.27e-10, 4.09e-11, 4.23e-11）｜s 域 [0.2677,100.0274]
[Δ_i·R2·left·總量] 628-42(1)→628-41(1): W_far=7.0900／W_near=7.0900／W_start=7.0900／Δ=+0.0000／Δ_self=+0.0000　628-41(1)→628-27(1): W_far=11.1600／W_near=11.1600／W_start=11.1600／Δ=+0.0000／Δ_self=+0.0000　628-27(1)→628-40(1)+: W_far=11.8200／W_near=11.8200／W_start=11.8200／Δ=+0.0000／Δ_self=+0.0000　628-40(1)+→628-30(2): W_far=18.4800／W_near=18.4800／W_start=18.4800／Δ=+0.0000／Δ_self=+0.0000　628-30(2)→628-39(1): W_far=20.4900／W_near=20.4900／W_start=20.4900／Δ=+0.0000／Δ_self=+0.0000　628-39(1)→628-31(2): W_far=25.7600／W_near=25.7600／W_start=25.7600／Δ=+0.0000／Δ_self=+0.0000
[Δ_i·R2·left·階段2] （無界面）
[Δ_i·R2·left·階段1] 628-42(1)→628-41(1): W_far=7.0900／W_near=7.0900／W_start=7.0900／Δ=+0.0000／Δ_self=+0.0000　628-41(1)→628-27(1): W_far=11.1600／W_near=11.1600／W_start=11.1600／Δ=+0.0000／Δ_self=+0.0000　628-27(1)→628-40(1)+: W_far=11.8200／W_near=11.8200／W_start=11.8200／Δ=+0.0000／Δ_self=+0.0000　628-40(1)+→628-30(2): W_far=18.4800／W_near=18.4800／W_start=18.4800／Δ=+0.0000／Δ_self=+0.0000　628-30(2)→628-39(1): W_far=20.4900／W_near=20.4900／W_start=20.4900／Δ=+0.0000／Δ_self=+0.0000　628-39(1)→628-31(2): W_far=25.7600／W_near=25.7600／W_start=25.7600／Δ=+0.0000／Δ_self=+0.0000
[Δ_i·R2·right·階段1] （無界面）
🟢 [配餘] 街廓 R4：幾何餘 26.1102㎡ 入抵費地（`K-9-5-7` 配餘·s∈[7.8186,9.3951]）——原為「非宗亦非池帶」之無主空間
🟢 [配餘] 街廓 R4：幾何餘 26.0843㎡ 入抵費地（`K-9-5-7` 配餘·s∈[68.9201,70.4959]）——原為「非宗亦非池帶」之無主空間
[T2-DIAG] 街廓 R4｜宗數 1｜池帶 4 片｜池帶 s 寬 [7.6427  28.2204  1.5766  1.5758]｜池帶面積 [226.0100  906.3247  26.1102  26.0843]｜Σ池 1184.5292｜覆蓋殘差 0.0000｜Σ 殘差 +0.0000｜宗-宗疊 0.0000（上界 0.0000）｜內部縫 0 帶／0.0000㎡｜退化帶 0 個｜s 域 [0.1759,98.7163]
[Δ_i·R4·left·總量] （無界面）
[Δ_i·R4·right·總量] （無界面）
[Δ_i·R4·left·階段2] （無界面）
[Δ_i·R4·right·階段2] （無界面）
🔴 首宗下限未達（補丁六 §二）：街廓 R4 right 側 首宗 KL W=0.00 < 退縮(3.50)＋畸零寬(3.50)=7.00——loud 記錄·禁靜默/禁 clamp（重烤後應 ≥ 下限）
[T2-DIAG] 街廓 R6｜宗數 8｜池帶 2 片｜池帶 s 寬 [3.6068  34.0520]｜池帶面積 [85.7064  1543.0063]｜Σ池 1628.7127｜覆蓋殘差 0.0000｜Σ 殘差 -0.0000｜宗-宗疊 0.0000（上界 1.5929）｜內部縫 0 帶／0.0000㎡｜退化帶 2 個（s 寬 1.18e-11, 1.01e-11）｜s 域 [-3.6068,85.8549]
[Δ_i·R6·right·總量] 628-18(1)→628-53(1): W_far=7.2000／W_near=7.2000／W_start=7.2000／Δ=+0.0000／Δ_self=+0.0000　628-53(1)→628-38(1): W_far=7.2000／W_near=7.2000／W_start=7.2000／Δ=+0.0000／Δ_self=+0.0000　628-38(1)→628-7(1): W_far=9.8900／W_near=9.8900／W_start=9.8900／Δ=+0.0000／Δ_self=+0.0000　628-7(1)→628-20(1): W_far=16.7700／W_near=16.7700／W_start=16.7700／Δ=+0.0000／Δ_self=+0.0000
[K-9-5-8] 街廓 R6 right 側：SIDE ∥ ALLOC **退化**（|cross|=0.0000000474／夾角=0.000003°　≤ 容差 1e-06）⇒ `K-9-5-4 ②` 套用後方向等值、無楔形；方向判準所得 []／街角第 1 宗 ['628-18(1)']——**合法組態·⛔ 非異常**（KL 裁 2026-08-08）
[Δ_i·R6·right·階段2] （無界面）
[Δ_i·R6·left·階段1] （無界面）
[Δ_i·R6·right·階段1] 628-18(1)→628-53(1): W_far=7.2000／W_near=7.2000／W_start=7.2000／Δ=+0.0000／Δ_self=+0.0000　628-53(1)→628-38(1): W_far=7.2000／W_near=7.2000／W_start=7.2000／Δ=+0.0000／Δ_self=+0.0000　628-38(1)→628-7(1): W_far=9.8900／W_near=9.8900／W_start=9.8900／Δ=+0.0000／Δ_self=+0.0000　628-7(1)→628-20(1): W_far=16.7700／W_near=16.7700／W_start=16.7700／Δ=+0.0000／Δ_self=+0.0000
[K-9-5-8] 街廓 R6 right 側：SIDE ∥ ALLOC **退化**（|cross|=0.0000000474／夾角=0.000003°　≤ 容差 1e-06）⇒ `K-9-5-4 ②` 套用後方向等值、無楔形；方向判準所得 []／街角第 1 宗 ['628-18(1)']——**合法組態·⛔ 非異常**（KL 裁 2026-08-08）
🟢 [配餘] 街廓 R5：幾何餘 146.1806㎡ 入抵費地（`K-9-5-7` 配餘·s∈[8.0592,14.7180]）——原為「非宗亦非池帶」之無主空間
[T2-DIAG] 街廓 R5｜宗數 7｜池帶 2 片｜池帶 s 寬 [35.7531  6.6588]｜池帶面積 [1620.7892  146.1806]｜Σ池 1766.9699｜覆蓋殘差 0.0000｜Σ 殘差 -0.0000｜宗-宗疊 0.0000（上界 1.3713）｜內部縫 0 帶／0.0000㎡｜退化帶 0 個｜s 域 [0.2685,92.7995]
[Δ_i·R5·left·總量] 628-45(1)+→628-18(2): W_far=8.0600／W_near=9.6900／W_start=8.0600／Δ=+0.0000／Δ_self=+8.2000／🔄方向改變　628-18(2)→628-7(2): W_far=16.0200／W_near=16.0200／W_start=16.0200／Δ=+0.0000／Δ_self=+0.0000　628-7(2)→628-31(1): W_far=21.6900／W_near=21.6900／W_start=21.6900／Δ=+0.0000／Δ_self=+0.0000　628-31(1)→628-32(1): W_far=21.9300／W_near=21.9300／W_start=21.9300／Δ=+0.0000／Δ_self=+0.0000
[Δ_i·R5·left·階段2] （無界面）
[Δ_i·R5·left·階段1] 628-45(1)+→628-18(2): W_far=8.0600／W_near=9.6900／W_start=8.0600／Δ=+0.0000／Δ_self=+8.2000／🔄方向改變　628-18(2)→628-7(2): W_far=16.0200／W_near=16.0200／W_start=16.0200／Δ=+0.0000／Δ_self=+0.0000　628-7(2)→628-31(1): W_far=21.6900／W_near=21.6900／W_start=21.6900／Δ=+0.0000／Δ_self=+0.0000　628-31(1)→628-32(1): W_far=21.9300／W_near=21.9300／W_start=21.9300／Δ=+0.0000／Δ_self=+0.0000
[Δ_i·R5·right·階段1] （無界面）
[T2-DIAG] 街廓 R3｜宗數 10｜池帶 1 片｜池帶 s 寬 [40.5337]｜池帶面積 [1795.1328]｜Σ池 1795.1328｜覆蓋殘差 0.0001｜Σ 殘差 -0.0001｜宗-宗疊 0.0000（上界 1.9953）｜內部縫 0 帶／0.0000㎡｜退化帶 3 個（s 寬 5.57e-06, 1.70e-10, 4.24e-11）｜s 域 [-0.0000,96.8032]
[Δ_i·R3·right·總量] 628-30(3)+→628-42(2): W_far=14.1400／W_near=15.7800／W_start=14.1400／Δ=+0.0000／Δ_self=+5.4280／🔄方向改變　628-42(2)→628-27(2): W_far=16.1000／W_near=16.1000／W_start=16.1000／Δ=+0.0000／Δ_self=+0.0000　628-27(2)→628-29(1)+: W_far=16.6900／W_near=16.6900／W_start=16.6900／Δ=+0.0000／Δ_self=+0.0000　628-29(1)+→628-31(3): W_far=19.6200／W_near=19.6200／W_start=19.6200／Δ=+0.0000／Δ_self=+0.0000
[Δ_i·R3·right·階段2] （無界面）
[Δ_i·R3·left·階段1] （無界面）
[Δ_i·R3·right·階段1] 628-30(3)+→628-42(2): W_far=14.1400／W_near=15.7800／W_start=14.1400／Δ=+0.0000／Δ_self=+5.4280／🔄方向改變　628-42(2)→628-27(2): W_far=16.1000／W_near=16.1000／W_start=16.1000／Δ=+0.0000／Δ_self=+0.0000　628-27(2)→628-29(1)+: W_far=16.6900／W_near=16.6900／W_start=16.6900／Δ=+0.0000／Δ_self=+0.0000　628-29(1)+→628-31(3): W_far=19.6200／W_near=19.6200／W_start=19.6200／Δ=+0.0000／Δ_self=+0.0000
… W-D.4 四梯分級清單（Gxxx 群組·31 旗標消費·遞補錨·fixture·v3 半實算）
🟢 [配餘] 街廓 R1：幾何餘 0.0046㎡ 入抵費地（`K-9-5-7` 配餘·s∈[-0.3248,-0.0358]）——原為「非宗亦非池帶」之無主空間
[T2-DIAG] 街廓 R1｜宗數 5｜池帶 2 片｜池帶 s 寬 [35.4647  0.2890]｜池帶面積 [1175.4937  0.0046]｜Σ池 1175.4983｜覆蓋殘差 0.0000｜Σ 殘差 -0.0000｜宗-宗疊 0.0000（上界 0.6630）｜內部縫 0 帶／0.0000㎡｜退化帶 0 個｜s 域 [-0.3248,87.7155]
[Δ_i·R1·left·總量] 628-37(1)→628-35(2): W_far=6.4600／W_near=6.6200／W_start=6.4600／Δ=+0.0000／Δ_self=+0.9120／🔄方向改變
[Δ_i·R1·right·總量] 628(5)→628-34(3): W_far=7.0200／W_near=7.2300／W_start=7.0200／Δ=+0.0000／Δ_self=+1.1340／🔄方向改變　628-34(3)→628-36(1): W_far=9.6100／W_near=9.6100／W_start=9.6100／Δ=+0.0000／Δ_self=+0.0000
[Δ_i·R1·left·階段2] （無界面）
[Δ_i·R1·right·階段2] （無界面）
[Δ_i·R1·left·階段1] 628-37(1)→628-35(2): W_far=6.4600／W_near=6.6200／W_start=6.4600／Δ=+0.0000／Δ_self=+0.9120／🔄方向改變
[Δ_i·R1·right·階段1] 628(5)→628-34(3): W_far=7.0200／W_near=7.2300／W_start=7.0200／Δ=+0.0000／Δ_self=+1.1340／🔄方向改變　628-34(3)→628-36(1): W_far=9.6100／W_near=9.6100／W_start=9.6100／Δ=+0.0000／Δ_self=+0.0000
🟢 [配餘] 街廓 R2：幾何餘 152.3551㎡ 入抵費地（`K-9-5-7` 配餘·s∈[4.0554,10.8395]）——原為「非宗亦非池帶」之無主空間
[T2-DIAG] 街廓 R2｜宗數 12｜池帶 2 片｜池帶 s 寬 [37.8168  6.7842]｜池帶面積 [1682.7445  152.3551]｜Σ池 1835.0996｜覆蓋殘差 0.0000｜Σ 殘差 -0.0000｜宗-宗疊 0.0000（上界 2.4459）｜內部縫 0 帶／0.0000㎡｜退化帶 2 個（s 寬 2.67e-07, 4.23e-11）｜s 域 [0.2677,100.0274]
[Δ_i·R2·left·總量] 628-41(1)→628-40(1)+: W_far=4.0600／W_near=5.7400／W_start=4.0600／Δ=+0.0000／Δ_self=+10.2680／🔄方向改變　628-40(1)+→628-30(2): W_far=13.7800／W_near=13.7800／W_start=13.7800／Δ=+0.0000／Δ_self=+0.0000　628-30(2)→628-39(1): W_far=15.7200／W_near=15.7200／W_start=15.7200／Δ=+0.0000／Δ_self=+0.0000　628-39(1)→628-31(2): W_far=20.9300／W_near=20.9300／W_start=20.9300／Δ=+0.0000／Δ_self=+0.0000
[Δ_i·R2·left·階段2] （無界面）
[Δ_i·R2·left·階段1] 628-41(1)→628-40(1)+: W_far=4.0600／W_near=5.7400／W_start=4.0600／Δ=+0.0000／Δ_self=+10.2680／🔄方向改變　628-40(1)+→628-30(2): W_far=13.7800／W_near=13.7800／W_start=13.7800／Δ=+0.0000／Δ_self=+0.0000　628-30(2)→628-39(1): W_far=15.7200／W_near=15.7200／W_start=15.7200／Δ=+0.0000／Δ_self=+0.0000　628-39(1)→628-31(2): W_far=20.9300／W_near=20.9300／W_start=20.9300／Δ=+0.0000／Δ_self=+0.0000
[Δ_i·R2·right·階段1] （無界面）
🟢 [配餘] 街廓 R4：幾何餘 26.1116㎡ 入抵費地（`K-9-5-7` 配餘·s∈[1.5767,49.5299]）——原為「非宗亦非池帶」之無主空間
🟢 [配餘] 街廓 R4：幾何餘 26.0858㎡ 入抵費地（`K-9-5-7` 配餘·s∈[49.5299,97.2360]）——原為「非宗亦非池帶」之無主空間
[T2-DIAG] 街廓 R4｜宗數 1｜池帶 4 片｜池帶 s 寬 [4.3238  31.7158  47.9532  47.7061]｜池帶面積 [116.0800  1022.0462  26.1116  26.0858]｜Σ池 1190.3236｜覆蓋殘差 0.0000｜Σ 殘差 +0.0000｜宗-宗疊 0.0000（上界 0.0000）｜內部縫 0 帶／0.0000㎡｜退化帶 0 個｜s 域 [0.1759,98.7163]
[Δ_i·R4·left·總量] （無界面）
[Δ_i·R4·right·總量] （無界面）
[Δ_i·R4·left·階段2] （無界面）
[Δ_i·R4·right·階段2] （無界面）
🔴 首宗下限未達（補丁六 §二）：街廓 R4 right 側 首宗 KL W=0.00 < 退縮(0.00)＋畸零寬(3.50)=3.50——loud 記錄·禁靜默/禁 clamp（重烤後應 ≥ 下限）
[T2-DIAG] 街廓 R6｜宗數 8｜池帶 2 片｜池帶 s 寬 [3.6068  34.0520]｜池帶面積 [85.7064  1543.0063]｜Σ池 1628.7127｜覆蓋殘差 0.0000｜Σ 殘差 -0.0000｜宗-宗疊 0.0000（上界 1.5929）｜內部縫 0 帶／0.0000㎡｜退化帶 2 個（s 寬 1.18e-11, 1.01e-11）｜s 域 [-3.6068,85.8549]
[Δ_i·R6·right·總量] 628-18(1)→628-53(1): W_far=7.2000／W_near=7.2000／W_start=7.2000／Δ=+0.0000／Δ_self=+0.0000　628-53(1)→628-38(1): W_far=7.2000／W_near=7.2000／W_start=7.2000／Δ=+0.0000／Δ_self=+0.0000　628-38(1)→628-7(1): W_far=9.8900／W_near=9.8900／W_start=9.8900／Δ=+0.0000／Δ_self=+0.0000　628-7(1)→628-20(1): W_far=16.7700／W_near=16.7700／W_start=16.7700／Δ=+0.0000／Δ_self=+0.0000
[K-9-5-8] 街廓 R6 right 側：SIDE ∥ ALLOC **退化**（|cross|=0.0000000474／夾角=0.000003°　≤ 容差 1e-06）⇒ `K-9-5-4 ②` 套用後方向等值、無楔形；方向判準所得 []／街角第 1 宗 ['628-18(1)']——**合法組態·⛔ 非異常**（KL 裁 2026-08-08）
[Δ_i·R6·right·階段2] （無界面）
[Δ_i·R6·left·階段1] （無界面）
[Δ_i·R6·right·階段1] 628-18(1)→628-53(1): W_far=7.2000／W_near=7.2000／W_start=7.2000／Δ=+0.0000／Δ_self=+0.0000　628-53(1)→628-38(1): W_far=7.2000／W_near=7.2000／W_start=7.2000／Δ=+0.0000／Δ_self=+0.0000　628-38(1)→628-7(1): W_far=9.8900／W_near=9.8900／W_start=9.8900／Δ=+0.0000／Δ_self=+0.0000　628-7(1)→628-20(1): W_far=16.7700／W_near=16.7700／W_start=16.7700／Δ=+0.0000／Δ_self=+0.0000
[K-9-5-8] 街廓 R6 right 側：SIDE ∥ ALLOC **退化**（|cross|=0.0000000474／夾角=0.000003°　≤ 容差 1e-06）⇒ `K-9-5-4 ②` 套用後方向等值、無楔形；方向判準所得 []／街角第 1 宗 ['628-18(1)']——**合法組態·⛔ 非異常**（KL 裁 2026-08-08）
🟢 [配餘] 街廓 R5：幾何餘 145.1703㎡ 入抵費地（`K-9-5-7` 配餘·s∈[4.8498,11.4856]）——原為「非宗亦非池帶」之無主空間
[T2-DIAG] 街廓 R5｜宗數 7｜池帶 2 片｜池帶 s 寬 [35.7758  6.6358]｜池帶面積 [1621.8010  145.1703]｜Σ池 1766.9713｜覆蓋殘差 0.0000｜Σ 殘差 -0.0000｜宗-宗疊 0.0000（上界 1.3713）｜內部縫 0 帶／0.0000㎡｜退化帶 1 個（s 寬 6.31e-12）｜s 域 [0.2685,92.7995]
[Δ_i·R5·left·總量] 628-18(2)→628-7(2): W_far=4.8500／W_near=6.4900／W_start=4.8500／Δ=+0.0000／Δ_self=+9.7230／🔄方向改變　628-7(2)→628-45(1)+: W_far=13.4700／W_near=13.4700／W_start=13.4700／Δ=+0.0000／Δ_self=+0.0000　628-45(1)+→628-31(1): W_far=21.6700／W_near=21.6700／W_start=21.6700／Δ=+0.0000／Δ_self=+0.0000　628-31(1)→628-32(1): W_far=21.9100／W_near=21.9100／W_start=21.9100／Δ=+0.0000／Δ_self=+0.0000
[Δ_i·R5·left·階段2] （無界面）
[Δ_i·R5·left·階段1] 628-18(2)→628-7(2): W_far=4.8500／W_near=6.4900／W_start=4.8500／Δ=+0.0000／Δ_self=+9.7230／🔄方向改變　628-7(2)→628-45(1)+: W_far=13.4700／W_near=13.4700／W_start=13.4700／Δ=+0.0000／Δ_self=+0.0000　628-45(1)+→628-31(1): W_far=21.6700／W_near=21.6700／W_start=21.6700／Δ=+0.0000／Δ_self=+0.0000　628-31(1)→628-32(1): W_far=21.9100／W_near=21.9100／W_start=21.9100／Δ=+0.0000／Δ_self=+0.0000
[Δ_i·R5·right·階段1] （無界面）
[T2-DIAG] 街廓 R3｜宗數 10｜池帶 1 片｜池帶 s 寬 [40.5337]｜池帶面積 [1795.1328]｜Σ池 1795.1328｜覆蓋殘差 0.0001｜Σ 殘差 -0.0001｜宗-宗疊 0.0000（上界 1.9953）｜內部縫 0 帶／0.0000㎡｜退化帶 3 個（s 寬 5.57e-06, 1.70e-10, 4.24e-11）｜s 域 [-0.0000,96.8032]
[Δ_i·R3·right·總量] 628-30(3)+→628-42(2): W_far=14.1400／W_near=15.7800／W_start=14.1400／Δ=+0.0000／Δ_self=+5.4280／🔄方向改變　628-42(2)→628-27(2): W_far=16.1000／W_near=16.1000／W_start=16.1000／Δ=+0.0000／Δ_self=+0.0000　628-27(2)→628-29(1)+: W_far=16.6900／W_near=16.6900／W_start=16.6900／Δ=+0.0000／Δ_self=+0.0000　628-29(1)+→628-31(3): W_far=19.6200／W_near=19.6200／W_start=19.6200／Δ=+0.0000／Δ_self=+0.0000
[Δ_i·R3·right·階段2] （無界面）
[Δ_i·R3·left·階段1] （無界面）
[Δ_i·R3·right·階段1] 628-30(3)+→628-42(2): W_far=14.1400／W_near=15.7800／W_start=14.1400／Δ=+0.0000／Δ_self=+5.4280／🔄方向改變　628-42(2)→628-27(2): W_far=16.1000／W_near=16.1000／W_start=16.1000／Δ=+0.0000／Δ_self=+0.0000　628-27(2)→628-29(1)+: W_far=16.6900／W_near=16.6900／W_start=16.6900／Δ=+0.0000／Δ_self=+0.0000　628-29(1)+→628-31(3): W_far=19.6200／W_near=19.6200／W_start=19.6200／Δ=+0.0000／Δ_self=+0.0000
🟢 [配餘] 街廓 R1：幾何餘 5.3835㎡ 入抵費地（`K-9-5-7` 配餘·s∈[17.2402,17.5649]）——原為「非宗亦非池帶」之無主空間
🟢 [配餘] 街廓 R1：幾何餘 0.0046㎡ 入抵費地（`K-9-5-7` 配餘·s∈[-0.3248,-0.0358]）——原為「非宗亦非池帶」之無主空間
[T2-DIAG] 街廓 R1｜宗數 5｜池帶 3 片｜池帶 s 寬 [35.2871  0.3247  0.2890]｜池帶面積 [1169.7082  5.3835  0.0046]｜Σ池 1175.0963｜覆蓋殘差 0.0000｜Σ 殘差 -0.0000｜宗-宗疊 0.0000（上界 0.6630）｜內部縫 0 帶／0.0000㎡｜退化帶 0 個｜s 域 [-0.3248,87.7155]
[Δ_i·R1·left·總量] （無界面）
[Δ_i·R1·right·總量] 628(5)→628-34(3): W_far=7.0200／W_near=7.2300／W_start=7.0200／Δ=+0.0000／Δ_self=+1.1340／🔄方向改變　628-34(3)→628-37(1): W_far=9.6100／W_near=9.6100／W_start=9.6100／Δ=+0.0000／Δ_self=+0.0000　628-37(1)→628-35(2): W_far=16.1200／W_near=16.1200／W_start=16.1200／Δ=+0.0000／Δ_self=+0.0000
[Δ_i·R1·left·階段2] （無界面）
[Δ_i·R1·right·階段2] （無界面）
[Δ_i·R1·left·階段1] （無界面）
[Δ_i·R1·right·階段1] 628(5)→628-34(3): W_far=7.0200／W_near=7.2300／W_start=7.0200／Δ=+0.0000／Δ_self=+1.1340／🔄方向改變　628-34(3)→628-37(1): W_far=9.6100／W_near=9.6100／W_start=9.6100／Δ=+0.0000／Δ_self=+0.0000　628-37(1)→628-35(2): W_far=16.1200／W_near=16.1200／W_start=16.1200／Δ=+0.0000／Δ_self=+0.0000
[T2-DIAG] 街廓 R2｜宗數 14｜池帶 2 片｜池帶 s 寬 [8.4283  32.9691]｜池帶面積 [308.1700  1466.2584]｜Σ池 1774.4284｜覆蓋殘差 0.0000｜Σ 殘差 -0.0000｜宗-宗疊 0.0000（上界 2.8906）｜內部縫 0 帶／0.0000㎡｜退化帶 4 個（s 寬 5.98e-12, 4.27e-10, 4.09e-11, 4.23e-11）｜s 域 [0.2677,100.0274]
[Δ_i·R2·left·總量] 628-42(1)→628-41(1): W_far=7.0900／W_near=7.0900／W_start=7.0900／Δ=+0.0000／Δ_self=+0.0000　628-41(1)→628-27(1): W_far=11.1600／W_near=11.1600／W_start=11.1600／Δ=+0.0000／Δ_self=+0.0000　628-27(1)→628-40(1)+: W_far=11.8200／W_near=11.8200／W_start=11.8200／Δ=+0.0000／Δ_self=+0.0000　628-40(1)+→628-30(2): W_far=18.4800／W_near=18.4800／W_start=18.4800／Δ=+0.0000／Δ_self=+0.0000　628-30(2)→628-39(1): W_far=20.4900／W_near=20.4900／W_start=20.4900／Δ=+0.0000／Δ_self=+0.0000　628-39(1)→628-31(2): W_far=25.7600／W_near=25.7600／W_start=25.7600／Δ=+0.0000／Δ_self=+0.0000
[Δ_i·R2·left·階段2] （無界面）
[Δ_i·R2·left·階段1] 628-42(1)→628-41(1): W_far=7.0900／W_near=7.0900／W_start=7.0900／Δ=+0.0000／Δ_self=+0.0000　628-41(1)→628-27(1): W_far=11.1600／W_near=11.1600／W_start=11.1600／Δ=+0.0000／Δ_self=+0.0000　628-27(1)→628-40(1)+: W_far=11.8200／W_near=11.8200／W_start=11.8200／Δ=+0.0000／Δ_self=+0.0000　628-40(1)+→628-30(2): W_far=18.4800／W_near=18.4800／W_start=18.4800／Δ=+0.0000／Δ_self=+0.0000　628-30(2)→628-39(1): W_far=20.4900／W_near=20.4900／W_start=20.4900／Δ=+0.0000／Δ_self=+0.0000　628-39(1)→628-31(2): W_far=25.7600／W_near=25.7600／W_start=25.7600／Δ=+0.0000／Δ_self=+0.0000
[Δ_i·R2·right·階段1] （無界面）
🟢 [配餘] 街廓 R4：幾何餘 26.1102㎡ 入抵費地（`K-9-5-7` 配餘·s∈[7.8186,9.3951]）——原為「非宗亦非池帶」之無主空間
🟢 [配餘] 街廓 R4：幾何餘 26.0843㎡ 入抵費地（`K-9-5-7` 配餘·s∈[68.9201,70.4959]）——原為「非宗亦非池帶」之無主空間
[T2-DIAG] 街廓 R4｜宗數 1｜池帶 4 片｜池帶 s 寬 [7.6427  28.2204  1.5766  1.5758]｜池帶面積 [226.0100  906.3247  26.1102  26.0843]｜Σ池 1184.5292｜覆蓋殘差 0.0000｜Σ 殘差 +0.0000｜宗-宗疊 0.0000（上界 0.0000）｜內部縫 0 帶／0.0000㎡｜退化帶 0 個｜s 域 [0.1759,98.7163]
[Δ_i·R4·left·總量] （無界面）
[Δ_i·R4·right·總量] （無界面）
[Δ_i·R4·left·階段2] （無界面）
[Δ_i·R4·right·階段2] （無界面）
🔴 首宗下限未達（補丁六 §二）：街廓 R4 right 側 首宗 KL W=0.00 < 退縮(3.50)＋畸零寬(3.50)=7.00——loud 記錄·禁靜默/禁 clamp（重烤後應 ≥ 下限）
[T2-DIAG] 街廓 R6｜宗數 8｜池帶 2 片｜池帶 s 寬 [3.6068  34.0520]｜池帶面積 [85.7064  1543.0063]｜Σ池 1628.7127｜覆蓋殘差 0.0000｜Σ 殘差 -0.0000｜宗-宗疊 0.0000（上界 1.5929）｜內部縫 0 帶／0.0000㎡｜退化帶 2 個（s 寬 1.18e-11, 1.01e-11）｜s 域 [-3.6068,85.8549]
[Δ_i·R6·right·總量] 628-18(1)→628-53(1): W_far=7.2000／W_near=7.2000／W_start=7.2000／Δ=+0.0000／Δ_self=+0.0000　628-53(1)→628-38(1): W_far=7.2000／W_near=7.2000／W_start=7.2000／Δ=+0.0000／Δ_self=+0.0000　628-38(1)→628-7(1): W_far=9.8900／W_near=9.8900／W_start=9.8900／Δ=+0.0000／Δ_self=+0.0000　628-7(1)→628-20(1): W_far=16.7700／W_near=16.7700／W_start=16.7700／Δ=+0.0000／Δ_self=+0.0000
[K-9-5-8] 街廓 R6 right 側：SIDE ∥ ALLOC **退化**（|cross|=0.0000000474／夾角=0.000003°　≤ 容差 1e-06）⇒ `K-9-5-4 ②` 套用後方向等值、無楔形；方向判準所得 []／街角第 1 宗 ['628-18(1)']——**合法組態·⛔ 非異常**（KL 裁 2026-08-08）
[Δ_i·R6·right·階段2] （無界面）
[Δ_i·R6·left·階段1] （無界面）
[Δ_i·R6·right·階段1] 628-18(1)→628-53(1): W_far=7.2000／W_near=7.2000／W_start=7.2000／Δ=+0.0000／Δ_self=+0.0000　628-53(1)→628-38(1): W_far=7.2000／W_near=7.2000／W_start=7.2000／Δ=+0.0000／Δ_self=+0.0000　628-38(1)→628-7(1): W_far=9.8900／W_near=9.8900／W_start=9.8900／Δ=+0.0000／Δ_self=+0.0000　628-7(1)→628-20(1): W_far=16.7700／W_near=16.7700／W_start=16.7700／Δ=+0.0000／Δ_self=+0.0000
[K-9-5-8] 街廓 R6 right 側：SIDE ∥ ALLOC **退化**（|cross|=0.0000000474／夾角=0.000003°　≤ 容差 1e-06）⇒ `K-9-5-4 ②` 套用後方向等值、無楔形；方向判準所得 []／街角第 1 宗 ['628-18(1)']——**合法組態·⛔ 非異常**（KL 裁 2026-08-08）
🟢 [配餘] 街廓 R5：幾何餘 146.1806㎡ 入抵費地（`K-9-5-7` 配餘·s∈[8.0592,14.7180]）——原為「非宗亦非池帶」之無主空間
[T2-DIAG] 街廓 R5｜宗數 7｜池帶 2 片｜池帶 s 寬 [35.7531  6.6588]｜池帶面積 [1620.7892  146.1806]｜Σ池 1766.9699｜覆蓋殘差 0.0000｜Σ 殘差 -0.0000｜宗-宗疊 0.0000（上界 1.3713）｜內部縫 0 帶／0.0000㎡｜退化帶 0 個｜s 域 [0.2685,92.7995]
[Δ_i·R5·left·總量] 628-45(1)+→628-18(2): W_far=8.0600／W_near=9.6900／W_start=8.0600／Δ=+0.0000／Δ_self=+8.2000／🔄方向改變　628-18(2)→628-7(2): W_far=16.0200／W_near=16.0200／W_start=16.0200／Δ=+0.0000／Δ_self=+0.0000　628-7(2)→628-31(1): W_far=21.6900／W_near=21.6900／W_start=21.6900／Δ=+0.0000／Δ_self=+0.0000　628-31(1)→628-32(1): W_far=21.9300／W_near=21.9300／W_start=21.9300／Δ=+0.0000／Δ_self=+0.0000
[Δ_i·R5·left·階段2] （無界面）
[Δ_i·R5·left·階段1] 628-45(1)+→628-18(2): W_far=8.0600／W_near=9.6900／W_start=8.0600／Δ=+0.0000／Δ_self=+8.2000／🔄方向改變　628-18(2)→628-7(2): W_far=16.0200／W_near=16.0200／W_start=16.0200／Δ=+0.0000／Δ_self=+0.0000　628-7(2)→628-31(1): W_far=21.6900／W_near=21.6900／W_start=21.6900／Δ=+0.0000／Δ_self=+0.0000　628-31(1)→628-32(1): W_far=21.9300／W_near=21.9300／W_start=21.9300／Δ=+0.0000／Δ_self=+0.0000
[Δ_i·R5·right·階段1] （無界面）
[T2-DIAG] 街廓 R3｜宗數 10｜池帶 1 片｜池帶 s 寬 [40.5337]｜池帶面積 [1795.1328]｜Σ池 1795.1328｜覆蓋殘差 0.0001｜Σ 殘差 -0.0001｜宗-宗疊 0.0000（上界 1.9953）｜內部縫 0 帶／0.0000㎡｜退化帶 3 個（s 寬 5.57e-06, 1.70e-10, 4.24e-11）｜s 域 [-0.0000,96.8032]
[Δ_i·R3·right·總量] 628-30(3)+→628-42(2): W_far=14.1400／W_near=15.7800／W_start=14.1400／Δ=+0.0000／Δ_self=+5.4280／🔄方向改變　628-42(2)→628-27(2): W_far=16.1000／W_near=16.1000／W_start=16.1000／Δ=+0.0000／Δ_self=+0.0000　628-27(2)→628-29(1)+: W_far=16.6900／W_near=16.6900／W_start=16.6900／Δ=+0.0000／Δ_self=+0.0000　628-29(1)+→628-31(3): W_far=19.6200／W_near=19.6200／W_start=19.6200／Δ=+0.0000／Δ_self=+0.0000
[Δ_i·R3·right·階段2] （無界面）
[Δ_i·R3·left·階段1] （無界面）
[Δ_i·R3·right·階段1] 628-30(3)+→628-42(2): W_far=14.1400／W_near=15.7800／W_start=14.1400／Δ=+0.0000／Δ_self=+5.4280／🔄方向改變　628-42(2)→628-27(2): W_far=16.1000／W_near=16.1000／W_start=16.1000／Δ=+0.0000／Δ_self=+0.0000　628-27(2)→628-29(1)+: W_far=16.6900／W_near=16.6900／W_start=16.6900／Δ=+0.0000／Δ_self=+0.0000　628-29(1)+→628-31(3): W_far=19.6200／W_near=19.6200／W_start=19.6200／Δ=+0.0000／Δ_self=+0.0000
🟢 [配餘] 街廓 R1：幾何餘 0.0046㎡ 入抵費地（`K-9-5-7` 配餘·s∈[-0.3248,-0.0358]）——原為「非宗亦非池帶」之無主空間
[T2-DIAG] 街廓 R1｜宗數 5｜池帶 2 片｜池帶 s 寬 [35.4647  0.2890]｜池帶面積 [1175.4937  0.0046]｜Σ池 1175.4983｜覆蓋殘差 0.0000｜Σ 殘差 -0.0000｜宗-宗疊 0.0000（上界 0.6630）｜內部縫 0 帶／0.0000㎡｜退化帶 0 個｜s 域 [-0.3248,87.7155]
[Δ_i·R1·left·總量] 628-37(1)→628-35(2): W_far=6.4600／W_near=6.6200／W_start=6.4600／Δ=+0.0000／Δ_self=+0.9120／🔄方向改變
[Δ_i·R1·right·總量] 628(5)→628-34(3): W_far=7.0200／W_near=7.2300／W_start=7.0200／Δ=+0.0000／Δ_self=+1.1340／🔄方向改變　628-34(3)→628-36(1): W_far=9.6100／W_near=9.6100／W_start=9.6100／Δ=+0.0000／Δ_self=+0.0000
[Δ_i·R1·left·階段2] （無界面）
[Δ_i·R1·right·階段2] （無界面）
[Δ_i·R1·left·階段1] 628-37(1)→628-35(2): W_far=6.4600／W_near=6.6200／W_start=6.4600／Δ=+0.0000／Δ_self=+0.9120／🔄方向改變
[Δ_i·R1·right·階段1] 628(5)→628-34(3): W_far=7.0200／W_near=7.2300／W_start=7.0200／Δ=+0.0000／Δ_self=+1.1340／🔄方向改變　628-34(3)→628-36(1): W_far=9.6100／W_near=9.6100／W_start=9.6100／Δ=+0.0000／Δ_self=+0.0000
🟢 [配餘] 街廓 R2：幾何餘 152.3551㎡ 入抵費地（`K-9-5-7` 配餘·s∈[4.0554,10.8395]）——原為「非宗亦非池帶」之無主空間
[T2-DIAG] 街廓 R2｜宗數 12｜池帶 2 片｜池帶 s 寬 [37.8168  6.7842]｜池帶面積 [1682.7445  152.3551]｜Σ池 1835.0996｜覆蓋殘差 0.0000｜Σ 殘差 -0.0000｜宗-宗疊 0.0000（上界 2.4459）｜內部縫 0 帶／0.0000㎡｜退化帶 2 個（s 寬 2.67e-07, 4.23e-11）｜s 域 [0.2677,100.0274]
[Δ_i·R2·left·總量] 628-41(1)→628-40(1)+: W_far=4.0600／W_near=5.7400／W_start=4.0600／Δ=+0.0000／Δ_self=+10.2680／🔄方向改變　628-40(1)+→628-30(2): W_far=13.7800／W_near=13.7800／W_start=13.7800／Δ=+0.0000／Δ_self=+0.0000　628-30(2)→628-39(1): W_far=15.7200／W_near=15.7200／W_start=15.7200／Δ=+0.0000／Δ_self=+0.0000　628-39(1)→628-31(2): W_far=20.9300／W_near=20.9300／W_start=20.9300／Δ=+0.0000／Δ_self=+0.0000
[Δ_i·R2·left·階段2] （無界面）
[Δ_i·R2·left·階段1] 628-41(1)→628-40(1)+: W_far=4.0600／W_near=5.7400／W_start=4.0600／Δ=+0.0000／Δ_self=+10.2680／🔄方向改變　628-40(1)+→628-30(2): W_far=13.7800／W_near=13.7800／W_start=13.7800／Δ=+0.0000／Δ_self=+0.0000　628-30(2)→628-39(1): W_far=15.7200／W_near=15.7200／W_start=15.7200／Δ=+0.0000／Δ_self=+0.0000　628-39(1)→628-31(2): W_far=20.9300／W_near=20.9300／W_start=20.9300／Δ=+0.0000／Δ_self=+0.0000
[Δ_i·R2·right·階段1] （無界面）
🟢 [配餘] 街廓 R4：幾何餘 26.1116㎡ 入抵費地（`K-9-5-7` 配餘·s∈[1.5767,49.5299]）——原為「非宗亦非池帶」之無主空間
🟢 [配餘] 街廓 R4：幾何餘 26.0858㎡ 入抵費地（`K-9-5-7` 配餘·s∈[49.5299,97.2360]）——原為「非宗亦非池帶」之無主空間
[T2-DIAG] 街廓 R4｜宗數 1｜池帶 4 片｜池帶 s 寬 [4.3238  31.7158  47.9532  47.7061]｜池帶面積 [116.0800  1022.0462  26.1116  26.0858]｜Σ池 1190.3236｜覆蓋殘差 0.0000｜Σ 殘差 +0.0000｜宗-宗疊 0.0000（上界 0.0000）｜內部縫 0 帶／0.0000㎡｜退化帶 0 個｜s 域 [0.1759,98.7163]
[Δ_i·R4·left·總量] （無界面）
[Δ_i·R4·right·總量] （無界面）
[Δ_i·R4·left·階段2] （無界面）
[Δ_i·R4·right·階段2] （無界面）
🔴 首宗下限未達（補丁六 §二）：街廓 R4 right 側 首宗 KL W=0.00 < 退縮(0.00)＋畸零寬(3.50)=3.50——loud 記錄·禁靜默/禁 clamp（重烤後應 ≥ 下限）
[T2-DIAG] 街廓 R6｜宗數 8｜池帶 2 片｜池帶 s 寬 [3.6068  34.0520]｜池帶面積 [85.7064  1543.0063]｜Σ池 1628.7127｜覆蓋殘差 0.0000｜Σ 殘差 -0.0000｜宗-宗疊 0.0000（上界 1.5929）｜內部縫 0 帶／0.0000㎡｜退化帶 2 個（s 寬 1.18e-11, 1.01e-11）｜s 域 [-3.6068,85.8549]
[Δ_i·R6·right·總量] 628-18(1)→628-53(1): W_far=7.2000／W_near=7.2000／W_start=7.2000／Δ=+0.0000／Δ_self=+0.0000　628-53(1)→628-38(1): W_far=7.2000／W_near=7.2000／W_start=7.2000／Δ=+0.0000／Δ_self=+0.0000　628-38(1)→628-7(1): W_far=9.8900／W_near=9.8900／W_start=9.8900／Δ=+0.0000／Δ_self=+0.0000　628-7(1)→628-20(1): W_far=16.7700／W_near=16.7700／W_start=16.7700／Δ=+0.0000／Δ_self=+0.0000
[K-9-5-8] 街廓 R6 right 側：SIDE ∥ ALLOC **退化**（|cross|=0.0000000474／夾角=0.000003°　≤ 容差 1e-06）⇒ `K-9-5-4 ②` 套用後方向等值、無楔形；方向判準所得 []／街角第 1 宗 ['628-18(1)']——**合法組態·⛔ 非異常**（KL 裁 2026-08-08）
[Δ_i·R6·right·階段2] （無界面）
[Δ_i·R6·left·階段1] （無界面）
[Δ_i·R6·right·階段1] 628-18(1)→628-53(1): W_far=7.2000／W_near=7.2000／W_start=7.2000／Δ=+0.0000／Δ_self=+0.0000　628-53(1)→628-38(1): W_far=7.2000／W_near=7.2000／W_start=7.2000／Δ=+0.0000／Δ_self=+0.0000　628-38(1)→628-7(1): W_far=9.8900／W_near=9.8900／W_start=9.8900／Δ=+0.0000／Δ_self=+0.0000　628-7(1)→628-20(1): W_far=16.7700／W_near=16.7700／W_start=16.7700／Δ=+0.0000／Δ_self=+0.0000
[K-9-5-8] 街廓 R6 right 側：SIDE ∥ ALLOC **退化**（|cross|=0.0000000474／夾角=0.000003°　≤ 容差 1e-06）⇒ `K-9-5-4 ②` 套用後方向等值、無楔形；方向判準所得 []／街角第 1 宗 ['628-18(1)']——**合法組態·⛔ 非異常**（KL 裁 2026-08-08）
🟢 [配餘] 街廓 R5：幾何餘 145.1703㎡ 入抵費地（`K-9-5-7` 配餘·s∈[4.8498,11.4856]）——原為「非宗亦非池帶」之無主空間
[T2-DIAG] 街廓 R5｜宗數 7｜池帶 2 片｜池帶 s 寬 [35.7758  6.6358]｜池帶面積 [1621.8010  145.1703]｜Σ池 1766.9713｜覆蓋殘差 0.0000｜Σ 殘差 -0.0000｜宗-宗疊 0.0000（上界 1.3713）｜內部縫 0 帶／0.0000㎡｜退化帶 1 個（s 寬 6.31e-12）｜s 域 [0.2685,92.7995]
[Δ_i·R5·left·總量] 628-18(2)→628-7(2): W_far=4.8500／W_near=6.4900／W_start=4.8500／Δ=+0.0000／Δ_self=+9.7230／🔄方向改變　628-7(2)→628-45(1)+: W_far=13.4700／W_near=13.4700／W_start=13.4700／Δ=+0.0000／Δ_self=+0.0000　628-45(1)+→628-31(1): W_far=21.6700／W_near=21.6700／W_start=21.6700／Δ=+0.0000／Δ_self=+0.0000　628-31(1)→628-32(1): W_far=21.9100／W_near=21.9100／W_start=21.9100／Δ=+0.0000／Δ_self=+0.0000
[Δ_i·R5·left·階段2] （無界面）
[Δ_i·R5·left·階段1] 628-18(2)→628-7(2): W_far=4.8500／W_near=6.4900／W_start=4.8500／Δ=+0.0000／Δ_self=+9.7230／🔄方向改變　628-7(2)→628-45(1)+: W_far=13.4700／W_near=13.4700／W_start=13.4700／Δ=+0.0000／Δ_self=+0.0000　628-45(1)+→628-31(1): W_far=21.6700／W_near=21.6700／W_start=21.6700／Δ=+0.0000／Δ_self=+0.0000　628-31(1)→628-32(1): W_far=21.9100／W_near=21.9100／W_start=21.9100／Δ=+0.0000／Δ_self=+0.0000
[Δ_i·R5·right·階段1] （無界面）
[T2-DIAG] 街廓 R3｜宗數 10｜池帶 1 片｜池帶 s 寬 [40.5337]｜池帶面積 [1795.1328]｜Σ池 1795.1328｜覆蓋殘差 0.0001｜Σ 殘差 -0.0001｜宗-宗疊 0.0000（上界 1.9953）｜內部縫 0 帶／0.0000㎡｜退化帶 3 個（s 寬 5.57e-06, 1.70e-10, 4.24e-11）｜s 域 [-0.0000,96.8032]
[Δ_i·R3·right·總量] 628-30(3)+→628-42(2): W_far=14.1400／W_near=15.7800／W_start=14.1400／Δ=+0.0000／Δ_self=+5.4280／🔄方向改變　628-42(2)→628-27(2): W_far=16.1000／W_near=16.1000／W_start=16.1000／Δ=+0.0000／Δ_self=+0.0000　628-27(2)→628-29(1)+: W_far=16.6900／W_near=16.6900／W_start=16.6900／Δ=+0.0000／Δ_self=+0.0000　628-29(1)+→628-31(3): W_far=19.6200／W_near=19.6200／W_start=19.6200／Δ=+0.0000／Δ_self=+0.0000
[Δ_i·R3·right·階段2] （無界面）
[Δ_i·R3·left·階段1] （無界面）
[Δ_i·R3·right·階段1] 628-30(3)+→628-42(2): W_far=14.1400／W_near=15.7800／W_start=14.1400／Δ=+0.0000／Δ_self=+5.4280／🔄方向改變　628-42(2)→628-27(2): W_far=16.1000／W_near=16.1000／W_start=16.1000／Δ=+0.0000／Δ_self=+0.0000　628-27(2)→628-29(1)+: W_far=16.6900／W_near=16.6900／W_start=16.6900／Δ=+0.0000／Δ_self=+0.0000　628-29(1)+→628-31(3): W_far=19.6200／W_near=19.6200／W_start=19.6200／Δ=+0.0000／Δ_self=+0.0000
🟢 [配餘] 街廓 R1：幾何餘 5.3835㎡ 入抵費地（`K-9-5-7` 配餘·s∈[17.2402,17.5649]）——原為「非宗亦非池帶」之無主空間
🟢 [配餘] 街廓 R1：幾何餘 0.0046㎡ 入抵費地（`K-9-5-7` 配餘·s∈[-0.3248,-0.0358]）——原為「非宗亦非池帶」之無主空間
[T2-DIAG] 街廓 R1｜宗數 5｜池帶 3 片｜池帶 s 寬 [35.2871  0.3247  0.2890]｜池帶面積 [1169.7082  5.3835  0.0046]｜Σ池 1175.0963｜覆蓋殘差 0.0000｜Σ 殘差 -0.0000｜宗-宗疊 0.0000（上界 0.6630）｜內部縫 0 帶／0.0000㎡｜退化帶 0 個｜s 域 [-0.3248,87.7155]
[Δ_i·R1·left·總量] （無界面）
[Δ_i·R1·right·總量] 628(5)→628-34(3): W_far=7.0200／W_near=7.2300／W_start=7.0200／Δ=+0.0000／Δ_self=+1.1340／🔄方向改變　628-34(3)→628-37(1): W_far=9.6100／W_near=9.6100／W_start=9.6100／Δ=+0.0000／Δ_self=+0.0000　628-37(1)→628-35(2): W_far=16.1200／W_near=16.1200／W_start=16.1200／Δ=+0.0000／Δ_self=+0.0000
[Δ_i·R1·left·階段2] （無界面）
[Δ_i·R1·right·階段2] （無界面）
[Δ_i·R1·left·階段1] （無界面）
[Δ_i·R1·right·階段1] 628(5)→628-34(3): W_far=7.0200／W_near=7.2300／W_start=7.0200／Δ=+0.0000／Δ_self=+1.1340／🔄方向改變　628-34(3)→628-37(1): W_far=9.6100／W_near=9.6100／W_start=9.6100／Δ=+0.0000／Δ_self=+0.0000　628-37(1)→628-35(2): W_far=16.1200／W_near=16.1200／W_start=16.1200／Δ=+0.0000／Δ_self=+0.0000
[T2-DIAG] 街廓 R2｜宗數 14｜池帶 2 片｜池帶 s 寬 [8.4283  32.9691]｜池帶面積 [308.1700  1466.2584]｜Σ池 1774.4284｜覆蓋殘差 0.0000｜Σ 殘差 -0.0000｜宗-宗疊 0.0000（上界 2.8906）｜內部縫 0 帶／0.0000㎡｜退化帶 4 個（s 寬 5.98e-12, 4.27e-10, 4.09e-11, 4.23e-11）｜s 域 [0.2677,100.0274]
[Δ_i·R2·left·總量] 628-42(1)→628-41(1): W_far=7.0900／W_near=7.0900／W_start=7.0900／Δ=+0.0000／Δ_self=+0.0000　628-41(1)→628-27(1): W_far=11.1600／W_near=11.1600／W_start=11.1600／Δ=+0.0000／Δ_self=+0.0000　628-27(1)→628-40(1)+: W_far=11.8200／W_near=11.8200／W_start=11.8200／Δ=+0.0000／Δ_self=+0.0000　628-40(1)+→628-30(2): W_far=18.4800／W_near=18.4800／W_start=18.4800／Δ=+0.0000／Δ_self=+0.0000　628-30(2)→628-39(1): W_far=20.4900／W_near=20.4900／W_start=20.4900／Δ=+0.0000／Δ_self=+0.0000　628-39(1)→628-31(2): W_far=25.7600／W_near=25.7600／W_start=25.7600／Δ=+0.0000／Δ_self=+0.0000
[Δ_i·R2·left·階段2] （無界面）
[Δ_i·R2·left·階段1] 628-42(1)→628-41(1): W_far=7.0900／W_near=7.0900／W_start=7.0900／Δ=+0.0000／Δ_self=+0.0000　628-41(1)→628-27(1): W_far=11.1600／W_near=11.1600／W_start=11.1600／Δ=+0.0000／Δ_self=+0.0000　628-27(1)→628-40(1)+: W_far=11.8200／W_near=11.8200／W_start=11.8200／Δ=+0.0000／Δ_self=+0.0000　628-40(1)+→628-30(2): W_far=18.4800／W_near=18.4800／W_start=18.4800／Δ=+0.0000／Δ_self=+0.0000　628-30(2)→628-39(1): W_far=20.4900／W_near=20.4900／W_start=20.4900／Δ=+0.0000／Δ_self=+0.0000　628-39(1)→628-31(2): W_far=25.7600／W_near=25.7600／W_start=25.7600／Δ=+0.0000／Δ_self=+0.0000
[Δ_i·R2·right·階段1] （無界面）
🟢 [配餘] 街廓 R4：幾何餘 26.1102㎡ 入抵費地（`K-9-5-7` 配餘·s∈[7.8186,9.3951]）——原為「非宗亦非池帶」之無主空間
🟢 [配餘] 街廓 R4：幾何餘 26.0843㎡ 入抵費地（`K-9-5-7` 配餘·s∈[68.9201,70.4959]）——原為「非宗亦非池帶」之無主空間
[T2-DIAG] 街廓 R4｜宗數 1｜池帶 4 片｜池帶 s 寬 [7.6427  28.2204  1.5766  1.5758]｜池帶面積 [226.0100  906.3247  26.1102  26.0843]｜Σ池 1184.5292｜覆蓋殘差 0.0000｜Σ 殘差 +0.0000｜宗-宗疊 0.0000（上界 0.0000）｜內部縫 0 帶／0.0000㎡｜退化帶 0 個｜s 域 [0.1759,98.7163]
[Δ_i·R4·left·總量] （無界面）
[Δ_i·R4·right·總量] （無界面）
[Δ_i·R4·left·階段2] （無界面）
[Δ_i·R4·right·階段2] （無界面）
🔴 首宗下限未達（補丁六 §二）：街廓 R4 right 側 首宗 KL W=0.00 < 退縮(3.50)＋畸零寬(3.50)=7.00——loud 記錄·禁靜默/禁 clamp（重烤後應 ≥ 下限）
[T2-DIAG] 街廓 R6｜宗數 8｜池帶 2 片｜池帶 s 寬 [3.6068  34.0520]｜池帶面積 [85.7064  1543.0063]｜Σ池 1628.7127｜覆蓋殘差 0.0000｜Σ 殘差 -0.0000｜宗-宗疊 0.0000（上界 1.5929）｜內部縫 0 帶／0.0000㎡｜退化帶 2 個（s 寬 1.18e-11, 1.01e-11）｜s 域 [-3.6068,85.8549]
[Δ_i·R6·right·總量] 628-18(1)→628-53(1): W_far=7.2000／W_near=7.2000／W_start=7.2000／Δ=+0.0000／Δ_self=+0.0000　628-53(1)→628-38(1): W_far=7.2000／W_near=7.2000／W_start=7.2000／Δ=+0.0000／Δ_self=+0.0000　628-38(1)→628-7(1): W_far=9.8900／W_near=9.8900／W_start=9.8900／Δ=+0.0000／Δ_self=+0.0000　628-7(1)→628-20(1): W_far=16.7700／W_near=16.7700／W_start=16.7700／Δ=+0.0000／Δ_self=+0.0000
[K-9-5-8] 街廓 R6 right 側：SIDE ∥ ALLOC **退化**（|cross|=0.0000000474／夾角=0.000003°　≤ 容差 1e-06）⇒ `K-9-5-4 ②` 套用後方向等值、無楔形；方向判準所得 []／街角第 1 宗 ['628-18(1)']——**合法組態·⛔ 非異常**（KL 裁 2026-08-08）
[Δ_i·R6·right·階段2] （無界面）
[Δ_i·R6·left·階段1] （無界面）
[Δ_i·R6·right·階段1] 628-18(1)→628-53(1): W_far=7.2000／W_near=7.2000／W_start=7.2000／Δ=+0.0000／Δ_self=+0.0000　628-53(1)→628-38(1): W_far=7.2000／W_near=7.2000／W_start=7.2000／Δ=+0.0000／Δ_self=+0.0000　628-38(1)→628-7(1): W_far=9.8900／W_near=9.8900／W_start=9.8900／Δ=+0.0000／Δ_self=+0.0000　628-7(1)→628-20(1): W_far=16.7700／W_near=16.7700／W_start=16.7700／Δ=+0.0000／Δ_self=+0.0000
[K-9-5-8] 街廓 R6 right 側：SIDE ∥ ALLOC **退化**（|cross|=0.0000000474／夾角=0.000003°　≤ 容差 1e-06）⇒ `K-9-5-4 ②` 套用後方向等值、無楔形；方向判準所得 []／街角第 1 宗 ['628-18(1)']——**合法組態·⛔ 非異常**（KL 裁 2026-08-08）
🟢 [配餘] 街廓 R5：幾何餘 146.1806㎡ 入抵費地（`K-9-5-7` 配餘·s∈[8.0592,14.7180]）——原為「非宗亦非池帶」之無主空間
[T2-DIAG] 街廓 R5｜宗數 7｜池帶 2 片｜池帶 s 寬 [35.7531  6.6588]｜池帶面積 [1620.7892  146.1806]｜Σ池 1766.9699｜覆蓋殘差 0.0000｜Σ 殘差 -0.0000｜宗-宗疊 0.0000（上界 1.3713）｜內部縫 0 帶／0.0000㎡｜退化帶 0 個｜s 域 [0.2685,92.7995]
[Δ_i·R5·left·總量] 628-45(1)+→628-18(2): W_far=8.0600／W_near=9.6900／W_start=8.0600／Δ=+0.0000／Δ_self=+8.2000／🔄方向改變　628-18(2)→628-7(2): W_far=16.0200／W_near=16.0200／W_start=16.0200／Δ=+0.0000／Δ_self=+0.0000　628-7(2)→628-31(1): W_far=21.6900／W_near=21.6900／W_start=21.6900／Δ=+0.0000／Δ_self=+0.0000　628-31(1)→628-32(1): W_far=21.9300／W_near=21.9300／W_start=21.9300／Δ=+0.0000／Δ_self=+0.0000
[Δ_i·R5·left·階段2] （無界面）
[Δ_i·R5·left·階段1] 628-45(1)+→628-18(2): W_far=8.0600／W_near=9.6900／W_start=8.0600／Δ=+0.0000／Δ_self=+8.2000／🔄方向改變　628-18(2)→628-7(2): W_far=16.0200／W_near=16.0200／W_start=16.0200／Δ=+0.0000／Δ_self=+0.0000　628-7(2)→628-31(1): W_far=21.6900／W_near=21.6900／W_start=21.6900／Δ=+0.0000／Δ_self=+0.0000　628-31(1)→628-32(1): W_far=21.9300／W_near=21.9300／W_start=21.9300／Δ=+0.0000／Δ_self=+0.0000
[Δ_i·R5·right·階段1] （無界面）
[T2-DIAG] 街廓 R3｜宗數 10｜池帶 1 片｜池帶 s 寬 [40.5337]｜池帶面積 [1795.1328]｜Σ池 1795.1328｜覆蓋殘差 0.0001｜Σ 殘差 -0.0001｜宗-宗疊 0.0000（上界 1.9953）｜內部縫 0 帶／0.0000㎡｜退化帶 3 個（s 寬 5.57e-06, 1.70e-10, 4.24e-11）｜s 域 [-0.0000,96.8032]
[Δ_i·R3·right·總量] 628-30(3)+→628-42(2): W_far=14.1400／W_near=15.7800／W_start=14.1400／Δ=+0.0000／Δ_self=+5.4280／🔄方向改變　628-42(2)→628-27(2): W_far=16.1000／W_near=16.1000／W_start=16.1000／Δ=+0.0000／Δ_self=+0.0000　628-27(2)→628-29(1)+: W_far=16.6900／W_near=16.6900／W_start=16.6900／Δ=+0.0000／Δ_self=+0.0000　628-29(1)+→628-31(3): W_far=19.6200／W_near=19.6200／W_start=19.6200／Δ=+0.0000／Δ_self=+0.0000
[Δ_i·R3·right·階段2] （無界面）
[Δ_i·R3·left·階段1] （無界面）
[Δ_i·R3·right·階段1] 628-30(3)+→628-42(2): W_far=14.1400／W_near=15.7800／W_start=14.1400／Δ=+0.0000／Δ_self=+5.4280／🔄方向改變　628-42(2)→628-27(2): W_far=16.1000／W_near=16.1000／W_start=16.1000／Δ=+0.0000／Δ_self=+0.0000　628-27(2)→628-29(1)+: W_far=16.6900／W_near=16.6900／W_start=16.6900／Δ=+0.0000／Δ_self=+0.0000　628-29(1)+→628-31(3): W_far=19.6200／W_near=19.6200／W_start=19.6200／Δ=+0.0000／Δ_self=+0.0000
🟢 [配餘] 街廓 R1：幾何餘 0.0046㎡ 入抵費地（`K-9-5-7` 配餘·s∈[-0.3248,-0.0358]）——原為「非宗亦非池帶」之無主空間
[T2-DIAG] 街廓 R1｜宗數 5｜池帶 2 片｜池帶 s 寬 [35.4647  0.2890]｜池帶面積 [1175.4937  0.0046]｜Σ池 1175.4983｜覆蓋殘差 0.0000｜Σ 殘差 -0.0000｜宗-宗疊 0.0000（上界 0.6630）｜內部縫 0 帶／0.0000㎡｜退化帶 0 個｜s 域 [-0.3248,87.7155]
[Δ_i·R1·left·總量] 628-37(1)→628-35(2): W_far=6.4600／W_near=6.6200／W_start=6.4600／Δ=+0.0000／Δ_self=+0.9120／🔄方向改變
[Δ_i·R1·right·總量] 628(5)→628-34(3): W_far=7.0200／W_near=7.2300／W_start=7.0200／Δ=+0.0000／Δ_self=+1.1340／🔄方向改變　628-34(3)→628-36(1): W_far=9.6100／W_near=9.6100／W_start=9.6100／Δ=+0.0000／Δ_self=+0.0000
[Δ_i·R1·left·階段2] （無界面）
[Δ_i·R1·right·階段2] （無界面）
[Δ_i·R1·left·階段1] 628-37(1)→628-35(2): W_far=6.4600／W_near=6.6200／W_start=6.4600／Δ=+0.0000／Δ_self=+0.9120／🔄方向改變
[Δ_i·R1·right·階段1] 628(5)→628-34(3): W_far=7.0200／W_near=7.2300／W_start=7.0200／Δ=+0.0000／Δ_self=+1.1340／🔄方向改變　628-34(3)→628-36(1): W_far=9.6100／W_near=9.6100／W_start=9.6100／Δ=+0.0000／Δ_self=+0.0000
🟢 [配餘] 街廓 R2：幾何餘 152.3551㎡ 入抵費地（`K-9-5-7` 配餘·s∈[4.0554,10.8395]）——原為「非宗亦非池帶」之無主空間
[T2-DIAG] 街廓 R2｜宗數 12｜池帶 2 片｜池帶 s 寬 [37.8168  6.7842]｜池帶面積 [1682.7445  152.3551]｜Σ池 1835.0996｜覆蓋殘差 0.0000｜Σ 殘差 -0.0000｜宗-宗疊 0.0000（上界 2.4459）｜內部縫 0 帶／0.0000㎡｜退化帶 2 個（s 寬 2.67e-07, 4.23e-11）｜s 域 [0.2677,100.0274]
[Δ_i·R2·left·總量] 628-41(1)→628-40(1)+: W_far=4.0600／W_near=5.7400／W_start=4.0600／Δ=+0.0000／Δ_self=+10.2680／🔄方向改變　628-40(1)+→628-30(2): W_far=13.7800／W_near=13.7800／W_start=13.7800／Δ=+0.0000／Δ_self=+0.0000　628-30(2)→628-39(1): W_far=15.7200／W_near=15.7200／W_start=15.7200／Δ=+0.0000／Δ_self=+0.0000　628-39(1)→628-31(2): W_far=20.9300／W_near=20.9300／W_start=20.9300／Δ=+0.0000／Δ_self=+0.0000
[Δ_i·R2·left·階段2] （無界面）
[Δ_i·R2·left·階段1] 628-41(1)→628-40(1)+: W_far=4.0600／W_near=5.7400／W_start=4.0600／Δ=+0.0000／Δ_self=+10.2680／🔄方向改變　628-40(1)+→628-30(2): W_far=13.7800／W_near=13.7800／W_start=13.7800／Δ=+0.0000／Δ_self=+0.0000　628-30(2)→628-39(1): W_far=15.7200／W_near=15.7200／W_start=15.7200／Δ=+0.0000／Δ_self=+0.0000　628-39(1)→628-31(2): W_far=20.9300／W_near=20.9300／W_start=20.9300／Δ=+0.0000／Δ_self=+0.0000
[Δ_i·R2·right·階段1] （無界面）
🟢 [配餘] 街廓 R4：幾何餘 26.1116㎡ 入抵費地（`K-9-5-7` 配餘·s∈[1.5767,49.5299]）——原為「非宗亦非池帶」之無主空間
🟢 [配餘] 街廓 R4：幾何餘 26.0858㎡ 入抵費地（`K-9-5-7` 配餘·s∈[49.5299,97.2360]）——原為「非宗亦非池帶」之無主空間
[T2-DIAG] 街廓 R4｜宗數 1｜池帶 4 片｜池帶 s 寬 [4.3238  31.7158  47.9532  47.7061]｜池帶面積 [116.0800  1022.0462  26.1116  26.0858]｜Σ池 1190.3236｜覆蓋殘差 0.0000｜Σ 殘差 +0.0000｜宗-宗疊 0.0000（上界 0.0000）｜內部縫 0 帶／0.0000㎡｜退化帶 0 個｜s 域 [0.1759,98.7163]
[Δ_i·R4·left·總量] （無界面）
[Δ_i·R4·right·總量] （無界面）
[Δ_i·R4·left·階段2] （無界面）
[Δ_i·R4·right·階段2] （無界面）
🔴 首宗下限未達（補丁六 §二）：街廓 R4 right 側 首宗 KL W=0.00 < 退縮(0.00)＋畸零寬(3.50)=3.50——loud 記錄·禁靜默/禁 clamp（重烤後應 ≥ 下限）
[T2-DIAG] 街廓 R6｜宗數 8｜池帶 2 片｜池帶 s 寬 [3.6068  34.0520]｜池帶面積 [85.7064  1543.0063]｜Σ池 1628.7127｜覆蓋殘差 0.0000｜Σ 殘差 -0.0000｜宗-宗疊 0.0000（上界 1.5929）｜內部縫 0 帶／0.0000㎡｜退化帶 2 個（s 寬 1.18e-11, 1.01e-11）｜s 域 [-3.6068,85.8549]
[Δ_i·R6·right·總量] 628-18(1)→628-53(1): W_far=7.2000／W_near=7.2000／W_start=7.2000／Δ=+0.0000／Δ_self=+0.0000　628-53(1)→628-38(1): W_far=7.2000／W_near=7.2000／W_start=7.2000／Δ=+0.0000／Δ_self=+0.0000　628-38(1)→628-7(1): W_far=9.8900／W_near=9.8900／W_start=9.8900／Δ=+0.0000／Δ_self=+0.0000　628-7(1)→628-20(1): W_far=16.7700／W_near=16.7700／W_start=16.7700／Δ=+0.0000／Δ_self=+0.0000
[K-9-5-8] 街廓 R6 right 側：SIDE ∥ ALLOC **退化**（|cross|=0.0000000474／夾角=0.000003°　≤ 容差 1e-06）⇒ `K-9-5-4 ②` 套用後方向等值、無楔形；方向判準所得 []／街角第 1 宗 ['628-18(1)']——**合法組態·⛔ 非異常**（KL 裁 2026-08-08）
[Δ_i·R6·right·階段2] （無界面）
[Δ_i·R6·left·階段1] （無界面）
[Δ_i·R6·right·階段1] 628-18(1)→628-53(1): W_far=7.2000／W_near=7.2000／W_start=7.2000／Δ=+0.0000／Δ_self=+0.0000　628-53(1)→628-38(1): W_far=7.2000／W_near=7.2000／W_start=7.2000／Δ=+0.0000／Δ_self=+0.0000　628-38(1)→628-7(1): W_far=9.8900／W_near=9.8900／W_start=9.8900／Δ=+0.0000／Δ_self=+0.0000　628-7(1)→628-20(1): W_far=16.7700／W_near=16.7700／W_start=16.7700／Δ=+0.0000／Δ_self=+0.0000
[K-9-5-8] 街廓 R6 right 側：SIDE ∥ ALLOC **退化**（|cross|=0.0000000474／夾角=0.000003°　≤ 容差 1e-06）⇒ `K-9-5-4 ②` 套用後方向等值、無楔形；方向判準所得 []／街角第 1 宗 ['628-18(1)']——**合法組態·⛔ 非異常**（KL 裁 2026-08-08）
🟢 [配餘] 街廓 R5：幾何餘 145.1703㎡ 入抵費地（`K-9-5-7` 配餘·s∈[4.8498,11.4856]）——原為「非宗亦非池帶」之無主空間
[T2-DIAG] 街廓 R5｜宗數 7｜池帶 2 片｜池帶 s 寬 [35.7758  6.6358]｜池帶面積 [1621.8010  145.1703]｜Σ池 1766.9713｜覆蓋殘差 0.0000｜Σ 殘差 -0.0000｜宗-宗疊 0.0000（上界 1.3713）｜內部縫 0 帶／0.0000㎡｜退化帶 1 個（s 寬 6.31e-12）｜s 域 [0.2685,92.7995]
[Δ_i·R5·left·總量] 628-18(2)→628-7(2): W_far=4.8500／W_near=6.4900／W_start=4.8500／Δ=+0.0000／Δ_self=+9.7230／🔄方向改變　628-7(2)→628-45(1)+: W_far=13.4700／W_near=13.4700／W_start=13.4700／Δ=+0.0000／Δ_self=+0.0000　628-45(1)+→628-31(1): W_far=21.6700／W_near=21.6700／W_start=21.6700／Δ=+0.0000／Δ_self=+0.0000　628-31(1)→628-32(1): W_far=21.9100／W_near=21.9100／W_start=21.9100／Δ=+0.0000／Δ_self=+0.0000
[Δ_i·R5·left·階段2] （無界面）
[Δ_i·R5·left·階段1] 628-18(2)→628-7(2): W_far=4.8500／W_near=6.4900／W_start=4.8500／Δ=+0.0000／Δ_self=+9.7230／🔄方向改變　628-7(2)→628-45(1)+: W_far=13.4700／W_near=13.4700／W_start=13.4700／Δ=+0.0000／Δ_self=+0.0000　628-45(1)+→628-31(1): W_far=21.6700／W_near=21.6700／W_start=21.6700／Δ=+0.0000／Δ_self=+0.0000　628-31(1)→628-32(1): W_far=21.9100／W_near=21.9100／W_start=21.9100／Δ=+0.0000／Δ_self=+0.0000
[Δ_i·R5·right·階段1] （無界面）
[T2-DIAG] 街廓 R3｜宗數 10｜池帶 1 片｜池帶 s 寬 [40.5337]｜池帶面積 [1795.1328]｜Σ池 1795.1328｜覆蓋殘差 0.0001｜Σ 殘差 -0.0001｜宗-宗疊 0.0000（上界 1.9953）｜內部縫 0 帶／0.0000㎡｜退化帶 3 個（s 寬 5.57e-06, 1.70e-10, 4.24e-11）｜s 域 [-0.0000,96.8032]
[Δ_i·R3·right·總量] 628-30(3)+→628-42(2): W_far=14.1400／W_near=15.7800／W_start=14.1400／Δ=+0.0000／Δ_self=+5.4280／🔄方向改變　628-42(2)→628-27(2): W_far=16.1000／W_near=16.1000／W_start=16.1000／Δ=+0.0000／Δ_self=+0.0000　628-27(2)→628-29(1)+: W_far=16.6900／W_near=16.6900／W_start=16.6900／Δ=+0.0000／Δ_self=+0.0000　628-29(1)+→628-31(3): W_far=19.6200／W_near=19.6200／W_start=19.6200／Δ=+0.0000／Δ_self=+0.0000
[Δ_i·R3·right·階段2] （無界面）
[Δ_i·R3·left·階段1] （無界面）
[Δ_i·R3·right·階段1] 628-30(3)+→628-42(2): W_far=14.1400／W_near=15.7800／W_start=14.1400／Δ=+0.0000／Δ_self=+5.4280／🔄方向改變　628-42(2)→628-27(2): W_far=16.1000／W_near=16.1000／W_start=16.1000／Δ=+0.0000／Δ_self=+0.0000　628-27(2)→628-29(1)+: W_far=16.6900／W_near=16.6900／W_start=16.6900／Δ=+0.0000／Δ_self=+0.0000　628-29(1)+→628-31(3): W_far=19.6200／W_near=19.6200／W_start=19.6200／Δ=+0.0000／Δ_self=+0.0000
🟢 [配餘] 街廓 R1：幾何餘 5.3835㎡ 入抵費地（`K-9-5-7` 配餘·s∈[17.2402,17.5649]）——原為「非宗亦非池帶」之無主空間
🟢 [配餘] 街廓 R1：幾何餘 0.0046㎡ 入抵費地（`K-9-5-7` 配餘·s∈[-0.3248,-0.0358]）——原為「非宗亦非池帶」之無主空間
[T2-DIAG] 街廓 R1｜宗數 5｜池帶 3 片｜池帶 s 寬 [35.2871  0.3247  0.2890]｜池帶面積 [1169.7082  5.3835  0.0046]｜Σ池 1175.0963｜覆蓋殘差 0.0000｜Σ 殘差 -0.0000｜宗-宗疊 0.0000（上界 0.6630）｜內部縫 0 帶／0.0000㎡｜退化帶 0 個｜s 域 [-0.3248,87.7155]
[Δ_i·R1·left·總量] （無界面）
[Δ_i·R1·right·總量] 628(5)→628-34(3): W_far=7.0200／W_near=7.2300／W_start=7.0200／Δ=+0.0000／Δ_self=+1.1340／🔄方向改變　628-34(3)→628-37(1): W_far=9.6100／W_near=9.6100／W_start=9.6100／Δ=+0.0000／Δ_self=+0.0000　628-37(1)→628-35(2): W_far=16.1200／W_near=16.1200／W_start=16.1200／Δ=+0.0000／Δ_self=+0.0000
[Δ_i·R1·left·階段2] （無界面）
[Δ_i·R1·right·階段2] （無界面）
[Δ_i·R1·left·階段1] （無界面）
[Δ_i·R1·right·階段1] 628(5)→628-34(3): W_far=7.0200／W_near=7.2300／W_start=7.0200／Δ=+0.0000／Δ_self=+1.1340／🔄方向改變　628-34(3)→628-37(1): W_far=9.6100／W_near=9.6100／W_start=9.6100／Δ=+0.0000／Δ_self=+0.0000　628-37(1)→628-35(2): W_far=16.1200／W_near=16.1200／W_start=16.1200／Δ=+0.0000／Δ_self=+0.0000
[T2-DIAG] 街廓 R2｜宗數 14｜池帶 2 片｜池帶 s 寬 [8.4283  32.9691]｜池帶面積 [308.1700  1466.2584]｜Σ池 1774.4284｜覆蓋殘差 0.0000｜Σ 殘差 -0.0000｜宗-宗疊 0.0000（上界 2.8906）｜內部縫 0 帶／0.0000㎡｜退化帶 4 個（s 寬 5.98e-12, 4.27e-10, 4.09e-11, 4.23e-11）｜s 域 [0.2677,100.0274]
[Δ_i·R2·left·總量] 628-42(1)→628-41(1): W_far=7.0900／W_near=7.0900／W_start=7.0900／Δ=+0.0000／Δ_self=+0.0000　628-41(1)→628-27(1): W_far=11.1600／W_near=11.1600／W_start=11.1600／Δ=+0.0000／Δ_self=+0.0000　628-27(1)→628-40(1)+: W_far=11.8200／W_near=11.8200／W_start=11.8200／Δ=+0.0000／Δ_self=+0.0000　628-40(1)+→628-30(2): W_far=18.4800／W_near=18.4800／W_start=18.4800／Δ=+0.0000／Δ_self=+0.0000　628-30(2)→628-39(1): W_far=20.4900／W_near=20.4900／W_start=20.4900／Δ=+0.0000／Δ_self=+0.0000　628-39(1)→628-31(2): W_far=25.7600／W_near=25.7600／W_start=25.7600／Δ=+0.0000／Δ_self=+0.0000
[Δ_i·R2·left·階段2] （無界面）
[Δ_i·R2·left·階段1] 628-42(1)→628-41(1): W_far=7.0900／W_near=7.0900／W_start=7.0900／Δ=+0.0000／Δ_self=+0.0000　628-41(1)→628-27(1): W_far=11.1600／W_near=11.1600／W_start=11.1600／Δ=+0.0000／Δ_self=+0.0000　628-27(1)→628-40(1)+: W_far=11.8200／W_near=11.8200／W_start=11.8200／Δ=+0.0000／Δ_self=+0.0000　628-40(1)+→628-30(2): W_far=18.4800／W_near=18.4800／W_start=18.4800／Δ=+0.0000／Δ_self=+0.0000　628-30(2)→628-39(1): W_far=20.4900／W_near=20.4900／W_start=20.4900／Δ=+0.0000／Δ_self=+0.0000　628-39(1)→628-31(2): W_far=25.7600／W_near=25.7600／W_start=25.7600／Δ=+0.0000／Δ_self=+0.0000
[Δ_i·R2·right·階段1] （無界面）
🟢 [配餘] 街廓 R4：幾何餘 26.1102㎡ 入抵費地（`K-9-5-7` 配餘·s∈[7.8186,9.3951]）——原為「非宗亦非池帶」之無主空間
🟢 [配餘] 街廓 R4：幾何餘 26.0843㎡ 入抵費地（`K-9-5-7` 配餘·s∈[68.9201,70.4959]）——原為「非宗亦非池帶」之無主空間
[T2-DIAG] 街廓 R4｜宗數 1｜池帶 4 片｜池帶 s 寬 [7.6427  28.2204  1.5766  1.5758]｜池帶面積 [226.0100  906.3247  26.1102  26.0843]｜Σ池 1184.5292｜覆蓋殘差 0.0000｜Σ 殘差 +0.0000｜宗-宗疊 0.0000（上界 0.0000）｜內部縫 0 帶／0.0000㎡｜退化帶 0 個｜s 域 [0.1759,98.7163]
[Δ_i·R4·left·總量] （無界面）
[Δ_i·R4·right·總量] （無界面）
[Δ_i·R4·left·階段2] （無界面）
[Δ_i·R4·right·階段2] （無界面）
🔴 首宗下限未達（補丁六 §二）：街廓 R4 right 側 首宗 KL W=0.00 < 退縮(3.50)＋畸零寬(3.50)=7.00——loud 記錄·禁靜默/禁 clamp（重烤後應 ≥ 下限）
[T2-DIAG] 街廓 R6｜宗數 8｜池帶 2 片｜池帶 s 寬 [3.6068  34.0520]｜池帶面積 [85.7064  1543.0063]｜Σ池 1628.7127｜覆蓋殘差 0.0000｜Σ 殘差 -0.0000｜宗-宗疊 0.0000（上界 1.5929）｜內部縫 0 帶／0.0000㎡｜退化帶 2 個（s 寬 1.18e-11, 1.01e-11）｜s 域 [-3.6068,85.8549]
[Δ_i·R6·right·總量] 628-18(1)→628-53(1): W_far=7.2000／W_near=7.2000／W_start=7.2000／Δ=+0.0000／Δ_self=+0.0000　628-53(1)→628-38(1): W_far=7.2000／W_near=7.2000／W_start=7.2000／Δ=+0.0000／Δ_self=+0.0000　628-38(1)→628-7(1): W_far=9.8900／W_near=9.8900／W_start=9.8900／Δ=+0.0000／Δ_self=+0.0000　628-7(1)→628-20(1): W_far=16.7700／W_near=16.7700／W_start=16.7700／Δ=+0.0000／Δ_self=+0.0000
[K-9-5-8] 街廓 R6 right 側：SIDE ∥ ALLOC **退化**（|cross|=0.0000000474／夾角=0.000003°　≤ 容差 1e-06）⇒ `K-9-5-4 ②` 套用後方向等值、無楔形；方向判準所得 []／街角第 1 宗 ['628-18(1)']——**合法組態·⛔ 非異常**（KL 裁 2026-08-08）
[Δ_i·R6·right·階段2] （無界面）
[Δ_i·R6·left·階段1] （無界面）
[Δ_i·R6·right·階段1] 628-18(1)→628-53(1): W_far=7.2000／W_near=7.2000／W_start=7.2000／Δ=+0.0000／Δ_self=+0.0000　628-53(1)→628-38(1): W_far=7.2000／W_near=7.2000／W_start=7.2000／Δ=+0.0000／Δ_self=+0.0000　628-38(1)→628-7(1): W_far=9.8900／W_near=9.8900／W_start=9.8900／Δ=+0.0000／Δ_self=+0.0000　628-7(1)→628-20(1): W_far=16.7700／W_near=16.7700／W_start=16.7700／Δ=+0.0000／Δ_self=+0.0000
[K-9-5-8] 街廓 R6 right 側：SIDE ∥ ALLOC **退化**（|cross|=0.0000000474／夾角=0.000003°　≤ 容差 1e-06）⇒ `K-9-5-4 ②` 套用後方向等值、無楔形；方向判準所得 []／街角第 1 宗 ['628-18(1)']——**合法組態·⛔ 非異常**（KL 裁 2026-08-08）
🟢 [配餘] 街廓 R5：幾何餘 146.1806㎡ 入抵費地（`K-9-5-7` 配餘·s∈[8.0592,14.7180]）——原為「非宗亦非池帶」之無主空間
[T2-DIAG] 街廓 R5｜宗數 7｜池帶 2 片｜池帶 s 寬 [35.7531  6.6588]｜池帶面積 [1620.7892  146.1806]｜Σ池 1766.9699｜覆蓋殘差 0.0000｜Σ 殘差 -0.0000｜宗-宗疊 0.0000（上界 1.3713）｜內部縫 0 帶／0.0000㎡｜退化帶 0 個｜s 域 [0.2685,92.7995]
[Δ_i·R5·left·總量] 628-45(1)+→628-18(2): W_far=8.0600／W_near=9.6900／W_start=8.0600／Δ=+0.0000／Δ_self=+8.2000／🔄方向改變　628-18(2)→628-7(2): W_far=16.0200／W_near=16.0200／W_start=16.0200／Δ=+0.0000／Δ_self=+0.0000　628-7(2)→628-31(1): W_far=21.6900／W_near=21.6900／W_start=21.6900／Δ=+0.0000／Δ_self=+0.0000　628-31(1)→628-32(1): W_far=21.9300／W_near=21.9300／W_start=21.9300／Δ=+0.0000／Δ_self=+0.0000
[Δ_i·R5·left·階段2] （無界面）
[Δ_i·R5·left·階段1] 628-45(1)+→628-18(2): W_far=8.0600／W_near=9.6900／W_start=8.0600／Δ=+0.0000／Δ_self=+8.2000／🔄方向改變　628-18(2)→628-7(2): W_far=16.0200／W_near=16.0200／W_start=16.0200／Δ=+0.0000／Δ_self=+0.0000　628-7(2)→628-31(1): W_far=21.6900／W_near=21.6900／W_start=21.6900／Δ=+0.0000／Δ_self=+0.0000　628-31(1)→628-32(1): W_far=21.9300／W_near=21.9300／W_start=21.9300／Δ=+0.0000／Δ_self=+0.0000
[Δ_i·R5·right·階段1] （無界面）
[T2-DIAG] 街廓 R3｜宗數 10｜池帶 1 片｜池帶 s 寬 [40.5337]｜池帶面積 [1795.1328]｜Σ池 1795.1328｜覆蓋殘差 0.0001｜Σ 殘差 -0.0001｜宗-宗疊 0.0000（上界 1.9953）｜內部縫 0 帶／0.0000㎡｜退化帶 3 個（s 寬 5.57e-06, 1.70e-10, 4.24e-11）｜s 域 [-0.0000,96.8032]
[Δ_i·R3·right·總量] 628-30(3)+→628-42(2): W_far=14.1400／W_near=15.7800／W_start=14.1400／Δ=+0.0000／Δ_self=+5.4280／🔄方向改變　628-42(2)→628-27(2): W_far=16.1000／W_near=16.1000／W_start=16.1000／Δ=+0.0000／Δ_self=+0.0000　628-27(2)→628-29(1)+: W_far=16.6900／W_near=16.6900／W_start=16.6900／Δ=+0.0000／Δ_self=+0.0000　628-29(1)+→628-31(3): W_far=19.6200／W_near=19.6200／W_start=19.6200／Δ=+0.0000／Δ_self=+0.0000
[Δ_i·R3·right·階段2] （無界面）
[Δ_i·R3·left·階段1] （無界面）
[Δ_i·R3·right·階段1] 628-30(3)+→628-42(2): W_far=14.1400／W_near=15.7800／W_start=14.1400／Δ=+0.0000／Δ_self=+5.4280／🔄方向改變　628-42(2)→628-27(2): W_far=16.1000／W_near=16.1000／W_start=16.1000／Δ=+0.0000／Δ_self=+0.0000　628-27(2)→628-29(1)+: W_far=16.6900／W_near=16.6900／W_start=16.6900／Δ=+0.0000／Δ_self=+0.0000　628-29(1)+→628-31(3): W_far=19.6200／W_near=19.6200／W_start=19.6200／Δ=+0.0000／Δ_self=+0.0000
🟢 [配餘] 街廓 R1：幾何餘 0.0046㎡ 入抵費地（`K-9-5-7` 配餘·s∈[-0.3248,-0.0358]）——原為「非宗亦非池帶」之無主空間
[T2-DIAG] 街廓 R1｜宗數 5｜池帶 2 片｜池帶 s 寬 [35.4647  0.2890]｜池帶面積 [1175.4937  0.0046]｜Σ池 1175.4983｜覆蓋殘差 0.0000｜Σ 殘差 -0.0000｜宗-宗疊 0.0000（上界 0.6630）｜內部縫 0 帶／0.0000㎡｜退化帶 0 個｜s 域 [-0.3248,87.7155]
[Δ_i·R1·left·總量] 628-37(1)→628-35(2): W_far=6.4600／W_near=6.6200／W_start=6.4600／Δ=+0.0000／Δ_self=+0.9120／🔄方向改變
[Δ_i·R1·right·總量] 628(5)→628-34(3): W_far=7.0200／W_near=7.2300／W_start=7.0200／Δ=+0.0000／Δ_self=+1.1340／🔄方向改變　628-34(3)→628-36(1): W_far=9.6100／W_near=9.6100／W_start=9.6100／Δ=+0.0000／Δ_self=+0.0000
[Δ_i·R1·left·階段2] （無界面）
[Δ_i·R1·right·階段2] （無界面）
[Δ_i·R1·left·階段1] 628-37(1)→628-35(2): W_far=6.4600／W_near=6.6200／W_start=6.4600／Δ=+0.0000／Δ_self=+0.9120／🔄方向改變
[Δ_i·R1·right·階段1] 628(5)→628-34(3): W_far=7.0200／W_near=7.2300／W_start=7.0200／Δ=+0.0000／Δ_self=+1.1340／🔄方向改變　628-34(3)→628-36(1): W_far=9.6100／W_near=9.6100／W_start=9.6100／Δ=+0.0000／Δ_self=+0.0000
🟢 [配餘] 街廓 R2：幾何餘 152.3551㎡ 入抵費地（`K-9-5-7` 配餘·s∈[4.0554,10.8395]）——原為「非宗亦非池帶」之無主空間
[T2-DIAG] 街廓 R2｜宗數 12｜池帶 2 片｜池帶 s 寬 [37.8168  6.7842]｜池帶面積 [1682.7445  152.3551]｜Σ池 1835.0996｜覆蓋殘差 0.0000｜Σ 殘差 -0.0000｜宗-宗疊 0.0000（上界 2.4459）｜內部縫 0 帶／0.0000㎡｜退化帶 2 個（s 寬 2.67e-07, 4.23e-11）｜s 域 [0.2677,100.0274]
[Δ_i·R2·left·總量] 628-41(1)→628-40(1)+: W_far=4.0600／W_near=5.7400／W_start=4.0600／Δ=+0.0000／Δ_self=+10.2680／🔄方向改變　628-40(1)+→628-30(2): W_far=13.7800／W_near=13.7800／W_start=13.7800／Δ=+0.0000／Δ_self=+0.0000　628-30(2)→628-39(1): W_far=15.7200／W_near=15.7200／W_start=15.7200／Δ=+0.0000／Δ_self=+0.0000　628-39(1)→628-31(2): W_far=20.9300／W_near=20.9300／W_start=20.9300／Δ=+0.0000／Δ_self=+0.0000
[Δ_i·R2·left·階段2] （無界面）
[Δ_i·R2·left·階段1] 628-41(1)→628-40(1)+: W_far=4.0600／W_near=5.7400／W_start=4.0600／Δ=+0.0000／Δ_self=+10.2680／🔄方向改變　628-40(1)+→628-30(2): W_far=13.7800／W_near=13.7800／W_start=13.7800／Δ=+0.0000／Δ_self=+0.0000　628-30(2)→628-39(1): W_far=15.7200／W_near=15.7200／W_start=15.7200／Δ=+0.0000／Δ_self=+0.0000　628-39(1)→628-31(2): W_far=20.9300／W_near=20.9300／W_start=20.9300／Δ=+0.0000／Δ_self=+0.0000
[Δ_i·R2·right·階段1] （無界面）
🟢 [配餘] 街廓 R4：幾何餘 26.1116㎡ 入抵費地（`K-9-5-7` 配餘·s∈[1.5767,49.5299]）——原為「非宗亦非池帶」之無主空間
🟢 [配餘] 街廓 R4：幾何餘 26.0858㎡ 入抵費地（`K-9-5-7` 配餘·s∈[49.5299,97.2360]）——原為「非宗亦非池帶」之無主空間
[T2-DIAG] 街廓 R4｜宗數 1｜池帶 4 片｜池帶 s 寬 [4.3238  31.7158  47.9532  47.7061]｜池帶面積 [116.0800  1022.0462  26.1116  26.0858]｜Σ池 1190.3236｜覆蓋殘差 0.0000｜Σ 殘差 +0.0000｜宗-宗疊 0.0000（上界 0.0000）｜內部縫 0 帶／0.0000㎡｜退化帶 0 個｜s 域 [0.1759,98.7163]
[Δ_i·R4·left·總量] （無界面）
[Δ_i·R4·right·總量] （無界面）
[Δ_i·R4·left·階段2] （無界面）
[Δ_i·R4·right·階段2] （無界面）
🔴 首宗下限未達（補丁六 §二）：街廓 R4 right 側 首宗 KL W=0.00 < 退縮(0.00)＋畸零寬(3.50)=3.50——loud 記錄·禁靜默/禁 clamp（重烤後應 ≥ 下限）
[T2-DIAG] 街廓 R6｜宗數 8｜池帶 2 片｜池帶 s 寬 [3.6068  34.0520]｜池帶面積 [85.7064  1543.0063]｜Σ池 1628.7127｜覆蓋殘差 0.0000｜Σ 殘差 -0.0000｜宗-宗疊 0.0000（上界 1.5929）｜內部縫 0 帶／0.0000㎡｜退化帶 2 個（s 寬 1.18e-11, 1.01e-11）｜s 域 [-3.6068,85.8549]
[Δ_i·R6·right·總量] 628-18(1)→628-53(1): W_far=7.2000／W_near=7.2000／W_start=7.2000／Δ=+0.0000／Δ_self=+0.0000　628-53(1)→628-38(1): W_far=7.2000／W_near=7.2000／W_start=7.2000／Δ=+0.0000／Δ_self=+0.0000　628-38(1)→628-7(1): W_far=9.8900／W_near=9.8900／W_start=9.8900／Δ=+0.0000／Δ_self=+0.0000　628-7(1)→628-20(1): W_far=16.7700／W_near=16.7700／W_start=16.7700／Δ=+0.0000／Δ_self=+0.0000
[K-9-5-8] 街廓 R6 right 側：SIDE ∥ ALLOC **退化**（|cross|=0.0000000474／夾角=0.000003°　≤ 容差 1e-06）⇒ `K-9-5-4 ②` 套用後方向等值、無楔形；方向判準所得 []／街角第 1 宗 ['628-18(1)']——**合法組態·⛔ 非異常**（KL 裁 2026-08-08）
[Δ_i·R6·right·階段2] （無界面）
[Δ_i·R6·left·階段1] （無界面）
[Δ_i·R6·right·階段1] 628-18(1)→628-53(1): W_far=7.2000／W_near=7.2000／W_start=7.2000／Δ=+0.0000／Δ_self=+0.0000　628-53(1)→628-38(1): W_far=7.2000／W_near=7.2000／W_start=7.2000／Δ=+0.0000／Δ_self=+0.0000　628-38(1)→628-7(1): W_far=9.8900／W_near=9.8900／W_start=9.8900／Δ=+0.0000／Δ_self=+0.0000　628-7(1)→628-20(1): W_far=16.7700／W_near=16.7700／W_start=16.7700／Δ=+0.0000／Δ_self=+0.0000
[K-9-5-8] 街廓 R6 right 側：SIDE ∥ ALLOC **退化**（|cross|=0.0000000474／夾角=0.000003°　≤ 容差 1e-06）⇒ `K-9-5-4 ②` 套用後方向等值、無楔形；方向判準所得 []／街角第 1 宗 ['628-18(1)']——**合法組態·⛔ 非異常**（KL 裁 2026-08-08）
🟢 [配餘] 街廓 R5：幾何餘 145.1703㎡ 入抵費地（`K-9-5-7` 配餘·s∈[4.8498,11.4856]）——原為「非宗亦非池帶」之無主空間
[T2-DIAG] 街廓 R5｜宗數 7｜池帶 2 片｜池帶 s 寬 [35.7758  6.6358]｜池帶面積 [1621.8010  145.1703]｜Σ池 1766.9713｜覆蓋殘差 0.0000｜Σ 殘差 -0.0000｜宗-宗疊 0.0000（上界 1.3713）｜內部縫 0 帶／0.0000㎡｜退化帶 1 個（s 寬 6.31e-12）｜s 域 [0.2685,92.7995]
[Δ_i·R5·left·總量] 628-18(2)→628-7(2): W_far=4.8500／W_near=6.4900／W_start=4.8500／Δ=+0.0000／Δ_self=+9.7230／🔄方向改變　628-7(2)→628-45(1)+: W_far=13.4700／W_near=13.4700／W_start=13.4700／Δ=+0.0000／Δ_self=+0.0000　628-45(1)+→628-31(1): W_far=21.6700／W_near=21.6700／W_start=21.6700／Δ=+0.0000／Δ_self=+0.0000　628-31(1)→628-32(1): W_far=21.9100／W_near=21.9100／W_start=21.9100／Δ=+0.0000／Δ_self=+0.0000
[Δ_i·R5·left·階段2] （無界面）
[Δ_i·R5·left·階段1] 628-18(2)→628-7(2): W_far=4.8500／W_near=6.4900／W_start=4.8500／Δ=+0.0000／Δ_self=+9.7230／🔄方向改變　628-7(2)→628-45(1)+: W_far=13.4700／W_near=13.4700／W_start=13.4700／Δ=+0.0000／Δ_self=+0.0000　628-45(1)+→628-31(1): W_far=21.6700／W_near=21.6700／W_start=21.6700／Δ=+0.0000／Δ_self=+0.0000　628-31(1)→628-32(1): W_far=21.9100／W_near=21.9100／W_start=21.9100／Δ=+0.0000／Δ_self=+0.0000
[Δ_i·R5·right·階段1] （無界面）
[T2-DIAG] 街廓 R3｜宗數 10｜池帶 1 片｜池帶 s 寬 [40.5337]｜池帶面積 [1795.1328]｜Σ池 1795.1328｜覆蓋殘差 0.0001｜Σ 殘差 -0.0001｜宗-宗疊 0.0000（上界 1.9953）｜內部縫 0 帶／0.0000㎡｜退化帶 3 個（s 寬 5.57e-06, 1.70e-10, 4.24e-11）｜s 域 [-0.0000,96.8032]
[Δ_i·R3·right·總量] 628-30(3)+→628-42(2): W_far=14.1400／W_near=15.7800／W_start=14.1400／Δ=+0.0000／Δ_self=+5.4280／🔄方向改變　628-42(2)→628-27(2): W_far=16.1000／W_near=16.1000／W_start=16.1000／Δ=+0.0000／Δ_self=+0.0000　628-27(2)→628-29(1)+: W_far=16.6900／W_near=16.6900／W_start=16.6900／Δ=+0.0000／Δ_self=+0.0000　628-29(1)+→628-31(3): W_far=19.6200／W_near=19.6200／W_start=19.6200／Δ=+0.0000／Δ_self=+0.0000
[Δ_i·R3·right·階段2] （無界面）
[Δ_i·R3·left·階段1] （無界面）
[Δ_i·R3·right·階段1] 628-30(3)+→628-42(2): W_far=14.1400／W_near=15.7800／W_start=14.1400／Δ=+0.0000／Δ_self=+5.4280／🔄方向改變　628-42(2)→628-27(2): W_far=16.1000／W_near=16.1000／W_start=16.1000／Δ=+0.0000／Δ_self=+0.0000　628-27(2)→628-29(1)+: W_far=16.6900／W_near=16.6900／W_start=16.6900／Δ=+0.0000／Δ_self=+0.0000　628-29(1)+→628-31(3): W_far=19.6200／W_near=19.6200／W_start=19.6200／Δ=+0.0000／Δ_self=+0.0000
🟢 [配餘] 街廓 R1：幾何餘 5.3835㎡ 入抵費地（`K-9-5-7` 配餘·s∈[17.2402,17.5649]）——原為「非宗亦非池帶」之無主空間
🟢 [配餘] 街廓 R1：幾何餘 0.0046㎡ 入抵費地（`K-9-5-7` 配餘·s∈[-0.3248,-0.0358]）——原為「非宗亦非池帶」之無主空間
[T2-DIAG] 街廓 R1｜宗數 5｜池帶 3 片｜池帶 s 寬 [35.2871  0.3247  0.2890]｜池帶面積 [1169.7082  5.3835  0.0046]｜Σ池 1175.0963｜覆蓋殘差 0.0000｜Σ 殘差 -0.0000｜宗-宗疊 0.0000（上界 0.6630）｜內部縫 0 帶／0.0000㎡｜退化帶 0 個｜s 域 [-0.3248,87.7155]
[Δ_i·R1·left·總量] （無界面）
[Δ_i·R1·right·總量] 628(5)→628-34(3): W_far=7.0200／W_near=7.2300／W_start=7.0200／Δ=+0.0000／Δ_self=+1.1340／🔄方向改變　628-34(3)→628-37(1): W_far=9.6100／W_near=9.6100／W_start=9.6100／Δ=+0.0000／Δ_self=+0.0000　628-37(1)→628-35(2): W_far=16.1200／W_near=16.1200／W_start=16.1200／Δ=+0.0000／Δ_self=+0.0000
[Δ_i·R1·left·階段2] （無界面）
[Δ_i·R1·right·階段2] （無界面）
[Δ_i·R1·left·階段1] （無界面）
[Δ_i·R1·right·階段1] 628(5)→628-34(3): W_far=7.0200／W_near=7.2300／W_start=7.0200／Δ=+0.0000／Δ_self=+1.1340／🔄方向改變　628-34(3)→628-37(1): W_far=9.6100／W_near=9.6100／W_start=9.6100／Δ=+0.0000／Δ_self=+0.0000　628-37(1)→628-35(2): W_far=16.1200／W_near=16.1200／W_start=16.1200／Δ=+0.0000／Δ_self=+0.0000
[T2-DIAG] 街廓 R2｜宗數 14｜池帶 2 片｜池帶 s 寬 [8.4283  32.9691]｜池帶面積 [308.1700  1466.2584]｜Σ池 1774.4284｜覆蓋殘差 0.0000｜Σ 殘差 -0.0000｜宗-宗疊 0.0000（上界 2.8906）｜內部縫 0 帶／0.0000㎡｜退化帶 4 個（s 寬 5.98e-12, 4.27e-10, 4.09e-11, 4.23e-11）｜s 域 [0.2677,100.0274]
[Δ_i·R2·left·總量] 628-42(1)→628-41(1): W_far=7.0900／W_near=7.0900／W_start=7.0900／Δ=+0.0000／Δ_self=+0.0000　628-41(1)→628-27(1): W_far=11.1600／W_near=11.1600／W_start=11.1600／Δ=+0.0000／Δ_self=+0.0000　628-27(1)→628-40(1)+: W_far=11.8200／W_near=11.8200／W_start=11.8200／Δ=+0.0000／Δ_self=+0.0000　628-40(1)+→628-30(2): W_far=18.4800／W_near=18.4800／W_start=18.4800／Δ=+0.0000／Δ_self=+0.0000　628-30(2)→628-39(1): W_far=20.4900／W_near=20.4900／W_start=20.4900／Δ=+0.0000／Δ_self=+0.0000　628-39(1)→628-31(2): W_far=25.7600／W_near=25.7600／W_start=25.7600／Δ=+0.0000／Δ_self=+0.0000
[Δ_i·R2·left·階段2] （無界面）
[Δ_i·R2·left·階段1] 628-42(1)→628-41(1): W_far=7.0900／W_near=7.0900／W_start=7.0900／Δ=+0.0000／Δ_self=+0.0000　628-41(1)→628-27(1): W_far=11.1600／W_near=11.1600／W_start=11.1600／Δ=+0.0000／Δ_self=+0.0000　628-27(1)→628-40(1)+: W_far=11.8200／W_near=11.8200／W_start=11.8200／Δ=+0.0000／Δ_self=+0.0000　628-40(1)+→628-30(2): W_far=18.4800／W_near=18.4800／W_start=18.4800／Δ=+0.0000／Δ_self=+0.0000　628-30(2)→628-39(1): W_far=20.4900／W_near=20.4900／W_start=20.4900／Δ=+0.0000／Δ_self=+0.0000　628-39(1)→628-31(2): W_far=25.7600／W_near=25.7600／W_start=25.7600／Δ=+0.0000／Δ_self=+0.0000
[Δ_i·R2·right·階段1] （無界面）
🟢 [配餘] 街廓 R4：幾何餘 26.1102㎡ 入抵費地（`K-9-5-7` 配餘·s∈[7.8186,9.3951]）——原為「非宗亦非池帶」之無主空間
🟢 [配餘] 街廓 R4：幾何餘 26.0843㎡ 入抵費地（`K-9-5-7` 配餘·s∈[68.9201,70.4959]）——原為「非宗亦非池帶」之無主空間
[T2-DIAG] 街廓 R4｜宗數 1｜池帶 4 片｜池帶 s 寬 [7.6427  28.2204  1.5766  1.5758]｜池帶面積 [226.0100  906.3247  26.1102  26.0843]｜Σ池 1184.5292｜覆蓋殘差 0.0000｜Σ 殘差 +0.0000｜宗-宗疊 0.0000（上界 0.0000）｜內部縫 0 帶／0.0000㎡｜退化帶 0 個｜s 域 [0.1759,98.7163]
[Δ_i·R4·left·總量] （無界面）
[Δ_i·R4·right·總量] （無界面）
[Δ_i·R4·left·階段2] （無界面）
[Δ_i·R4·right·階段2] （無界面）
🔴 首宗下限未達（補丁六 §二）：街廓 R4 right 側 首宗 KL W=0.00 < 退縮(3.50)＋畸零寬(3.50)=7.00——loud 記錄·禁靜默/禁 clamp（重烤後應 ≥ 下限）
[T2-DIAG] 街廓 R6｜宗數 8｜池帶 2 片｜池帶 s 寬 [3.6068  34.0520]｜池帶面積 [85.7064  1543.0063]｜Σ池 1628.7127｜覆蓋殘差 0.0000｜Σ 殘差 -0.0000｜宗-宗疊 0.0000（上界 1.5929）｜內部縫 0 帶／0.0000㎡｜退化帶 2 個（s 寬 1.18e-11, 1.01e-11）｜s 域 [-3.6068,85.8549]
[Δ_i·R6·right·總量] 628-18(1)→628-53(1): W_far=7.2000／W_near=7.2000／W_start=7.2000／Δ=+0.0000／Δ_self=+0.0000　628-53(1)→628-38(1): W_far=7.2000／W_near=7.2000／W_start=7.2000／Δ=+0.0000／Δ_self=+0.0000　628-38(1)→628-7(1): W_far=9.8900／W_near=9.8900／W_start=9.8900／Δ=+0.0000／Δ_self=+0.0000　628-7(1)→628-20(1): W_far=16.7700／W_near=16.7700／W_start=16.7700／Δ=+0.0000／Δ_self=+0.0000
[K-9-5-8] 街廓 R6 right 側：SIDE ∥ ALLOC **退化**（|cross|=0.0000000474／夾角=0.000003°　≤ 容差 1e-06）⇒ `K-9-5-4 ②` 套用後方向等值、無楔形；方向判準所得 []／街角第 1 宗 ['628-18(1)']——**合法組態·⛔ 非異常**（KL 裁 2026-08-08）
[Δ_i·R6·right·階段2] （無界面）
[Δ_i·R6·left·階段1] （無界面）
[Δ_i·R6·right·階段1] 628-18(1)→628-53(1): W_far=7.2000／W_near=7.2000／W_start=7.2000／Δ=+0.0000／Δ_self=+0.0000　628-53(1)→628-38(1): W_far=7.2000／W_near=7.2000／W_start=7.2000／Δ=+0.0000／Δ_self=+0.0000　628-38(1)→628-7(1): W_far=9.8900／W_near=9.8900／W_start=9.8900／Δ=+0.0000／Δ_self=+0.0000　628-7(1)→628-20(1): W_far=16.7700／W_near=16.7700／W_start=16.7700／Δ=+0.0000／Δ_self=+0.0000
[K-9-5-8] 街廓 R6 right 側：SIDE ∥ ALLOC **退化**（|cross|=0.0000000474／夾角=0.000003°　≤ 容差 1e-06）⇒ `K-9-5-4 ②` 套用後方向等值、無楔形；方向判準所得 []／街角第 1 宗 ['628-18(1)']——**合法組態·⛔ 非異常**（KL 裁 2026-08-08）
🟢 [配餘] 街廓 R5：幾何餘 146.1806㎡ 入抵費地（`K-9-5-7` 配餘·s∈[8.0592,14.7180]）——原為「非宗亦非池帶」之無主空間
[T2-DIAG] 街廓 R5｜宗數 7｜池帶 2 片｜池帶 s 寬 [35.7531  6.6588]｜池帶面積 [1620.7892  146.1806]｜Σ池 1766.9699｜覆蓋殘差 0.0000｜Σ 殘差 -0.0000｜宗-宗疊 0.0000（上界 1.3713）｜內部縫 0 帶／0.0000㎡｜退化帶 0 個｜s 域 [0.2685,92.7995]
[Δ_i·R5·left·總量] 628-45(1)+→628-18(2): W_far=8.0600／W_near=9.6900／W_start=8.0600／Δ=+0.0000／Δ_self=+8.2000／🔄方向改變　628-18(2)→628-7(2): W_far=16.0200／W_near=16.0200／W_start=16.0200／Δ=+0.0000／Δ_self=+0.0000　628-7(2)→628-31(1): W_far=21.6900／W_near=21.6900／W_start=21.6900／Δ=+0.0000／Δ_self=+0.0000　628-31(1)→628-32(1): W_far=21.9300／W_near=21.9300／W_start=21.9300／Δ=+0.0000／Δ_self=+0.0000
[Δ_i·R5·left·階段2] （無界面）
[Δ_i·R5·left·階段1] 628-45(1)+→628-18(2): W_far=8.0600／W_near=9.6900／W_start=8.0600／Δ=+0.0000／Δ_self=+8.2000／🔄方向改變　628-18(2)→628-7(2): W_far=16.0200／W_near=16.0200／W_start=16.0200／Δ=+0.0000／Δ_self=+0.0000　628-7(2)→628-31(1): W_far=21.6900／W_near=21.6900／W_start=21.6900／Δ=+0.0000／Δ_self=+0.0000　628-31(1)→628-32(1): W_far=21.9300／W_near=21.9300／W_start=21.9300／Δ=+0.0000／Δ_self=+0.0000
[Δ_i·R5·right·階段1] （無界面）
[T2-DIAG] 街廓 R3｜宗數 10｜池帶 1 片｜池帶 s 寬 [40.5337]｜池帶面積 [1795.1328]｜Σ池 1795.1328｜覆蓋殘差 0.0001｜Σ 殘差 -0.0001｜宗-宗疊 0.0000（上界 1.9953）｜內部縫 0 帶／0.0000㎡｜退化帶 3 個（s 寬 5.57e-06, 1.70e-10, 4.24e-11）｜s 域 [-0.0000,96.8032]
[Δ_i·R3·right·總量] 628-30(3)+→628-42(2): W_far=14.1400／W_near=15.7800／W_start=14.1400／Δ=+0.0000／Δ_self=+5.4280／🔄方向改變　628-42(2)→628-27(2): W_far=16.1000／W_near=16.1000／W_start=16.1000／Δ=+0.0000／Δ_self=+0.0000　628-27(2)→628-29(1)+: W_far=16.6900／W_near=16.6900／W_start=16.6900／Δ=+0.0000／Δ_self=+0.0000　628-29(1)+→628-31(3): W_far=19.6200／W_near=19.6200／W_start=19.6200／Δ=+0.0000／Δ_self=+0.0000
[Δ_i·R3·right·階段2] （無界面）
[Δ_i·R3·left·階段1] （無界面）
[Δ_i·R3·right·階段1] 628-30(3)+→628-42(2): W_far=14.1400／W_near=15.7800／W_start=14.1400／Δ=+0.0000／Δ_self=+5.4280／🔄方向改變　628-42(2)→628-27(2): W_far=16.1000／W_near=16.1000／W_start=16.1000／Δ=+0.0000／Δ_self=+0.0000　628-27(2)→628-29(1)+: W_far=16.6900／W_near=16.6900／W_start=16.6900／Δ=+0.0000／Δ_self=+0.0000　628-29(1)+→628-31(3): W_far=19.6200／W_near=19.6200／W_start=19.6200／Δ=+0.0000／Δ_self=+0.0000
… W-F F.0（級0/0' 合併＋梯3 釋池；trunk B 終態）
🟢 [配餘] 街廓 R1：幾何餘 0.0046㎡ 入抵費地（`K-9-5-7` 配餘·s∈[-0.3248,-0.0358]）——原為「非宗亦非池帶」之無主空間
[T2-DIAG] 街廓 R1｜宗數 5｜池帶 2 片｜池帶 s 寬 [35.4647  0.2890]｜池帶面積 [1175.4937  0.0046]｜Σ池 1175.4983｜覆蓋殘差 0.0000｜Σ 殘差 -0.0000｜宗-宗疊 0.0000（上界 0.6630）｜內部縫 0 帶／0.0000㎡｜退化帶 0 個｜s 域 [-0.3248,87.7155]
[Δ_i·R1·left·總量] 628-37(1)→628-35(2): W_far=6.4600／W_near=6.6200／W_start=6.4600／Δ=+0.0000／Δ_self=+0.9120／🔄方向改變
[Δ_i·R1·right·總量] 628(5)→628-34(3): W_far=7.0200／W_near=7.2300／W_start=7.0200／Δ=+0.0000／Δ_self=+1.1340／🔄方向改變　628-34(3)→628-36(1): W_far=9.6100／W_near=9.6100／W_start=9.6100／Δ=+0.0000／Δ_self=+0.0000
[Δ_i·R1·left·階段2] （無界面）
[Δ_i·R1·right·階段2] （無界面）
[Δ_i·R1·left·階段1] 628-37(1)→628-35(2): W_far=6.4600／W_near=6.6200／W_start=6.4600／Δ=+0.0000／Δ_self=+0.9120／🔄方向改變
[Δ_i·R1·right·階段1] 628(5)→628-34(3): W_far=7.0200／W_near=7.2300／W_start=7.0200／Δ=+0.0000／Δ_self=+1.1340／🔄方向改變　628-34(3)→628-36(1): W_far=9.6100／W_near=9.6100／W_start=9.6100／Δ=+0.0000／Δ_self=+0.0000
🟢 [配餘] 街廓 R2：幾何餘 152.3551㎡ 入抵費地（`K-9-5-7` 配餘·s∈[4.0554,10.8395]）——原為「非宗亦非池帶」之無主空間
[T2-DIAG] 街廓 R2｜宗數 12｜池帶 2 片｜池帶 s 寬 [37.8168  6.7842]｜池帶面積 [1682.7445  152.3551]｜Σ池 1835.0996｜覆蓋殘差 0.0000｜Σ 殘差 -0.0000｜宗-宗疊 0.0000（上界 2.4459）｜內部縫 0 帶／0.0000㎡｜退化帶 2 個（s 寬 2.67e-07, 4.23e-11）｜s 域 [0.2677,100.0274]
[Δ_i·R2·left·總量] 628-41(1)→628-40(1)+: W_far=4.0600／W_near=5.7400／W_start=4.0600／Δ=+0.0000／Δ_self=+10.2680／🔄方向改變　628-40(1)+→628-30(2): W_far=13.7800／W_near=13.7800／W_start=13.7800／Δ=+0.0000／Δ_self=+0.0000　628-30(2)→628-39(1): W_far=15.7200／W_near=15.7200／W_start=15.7200／Δ=+0.0000／Δ_self=+0.0000　628-39(1)→628-31(2): W_far=20.9300／W_near=20.9300／W_start=20.9300／Δ=+0.0000／Δ_self=+0.0000
[Δ_i·R2·left·階段2] （無界面）
[Δ_i·R2·left·階段1] 628-41(1)→628-40(1)+: W_far=4.0600／W_near=5.7400／W_start=4.0600／Δ=+0.0000／Δ_self=+10.2680／🔄方向改變　628-40(1)+→628-30(2): W_far=13.7800／W_near=13.7800／W_start=13.7800／Δ=+0.0000／Δ_self=+0.0000　628-30(2)→628-39(1): W_far=15.7200／W_near=15.7200／W_start=15.7200／Δ=+0.0000／Δ_self=+0.0000　628-39(1)→628-31(2): W_far=20.9300／W_near=20.9300／W_start=20.9300／Δ=+0.0000／Δ_self=+0.0000
[Δ_i·R2·right·階段1] （無界面）
🟢 [配餘] 街廓 R4：幾何餘 26.1116㎡ 入抵費地（`K-9-5-7` 配餘·s∈[1.5767,49.5299]）——原為「非宗亦非池帶」之無主空間
🟢 [配餘] 街廓 R4：幾何餘 26.0858㎡ 入抵費地（`K-9-5-7` 配餘·s∈[49.5299,97.2360]）——原為「非宗亦非池帶」之無主空間
[T2-DIAG] 街廓 R4｜宗數 1｜池帶 4 片｜池帶 s 寬 [4.3238  31.7158  47.9532  47.7061]｜池帶面積 [116.0800  1022.0462  26.1116  26.0858]｜Σ池 1190.3236｜覆蓋殘差 0.0000｜Σ 殘差 +0.0000｜宗-宗疊 0.0000（上界 0.0000）｜內部縫 0 帶／0.0000㎡｜退化帶 0 個｜s 域 [0.1759,98.7163]
[Δ_i·R4·left·總量] （無界面）
[Δ_i·R4·right·總量] （無界面）
[Δ_i·R4·left·階段2] （無界面）
[Δ_i·R4·right·階段2] （無界面）
🔴 首宗下限未達（補丁六 §二）：街廓 R4 right 側 首宗 KL W=0.00 < 退縮(0.00)＋畸零寬(3.50)=3.50——loud 記錄·禁靜默/禁 clamp（重烤後應 ≥ 下限）
[T2-DIAG] 街廓 R6｜宗數 7｜池帶 2 片｜池帶 s 寬 [3.6068  34.0578]｜池帶面積 [85.7064  1543.2632]｜Σ池 1628.9695｜覆蓋殘差 0.0000｜Σ 殘差 -0.0000｜宗-宗疊 0.0000（上界 1.3653）｜內部縫 0 帶／0.0000㎡｜退化帶 1 個（s 寬 1.18e-11）｜s 域 [-3.6068,85.8549]
[Δ_i·R6·right·總量] 628-18(1)→628-38(1): W_far=7.2000／W_near=7.2000／W_start=7.2000／Δ=+0.0000／Δ_self=+0.0000　628-38(1)→628-7(1): W_far=9.8900／W_near=9.8900／W_start=9.8900／Δ=+0.0000／Δ_self=+0.0000　628-7(1)→628-20(1): W_far=16.7600／W_near=16.7600／W_start=16.7600／Δ=+0.0000／Δ_self=+0.0000
[K-9-5-8] 街廓 R6 right 側：SIDE ∥ ALLOC **退化**（|cross|=0.0000000474／夾角=0.000003°　≤ 容差 1e-06）⇒ `K-9-5-4 ②` 套用後方向等值、無楔形；方向判準所得 []／街角第 1 宗 ['628-18(1)']——**合法組態·⛔ 非異常**（KL 裁 2026-08-08）
[Δ_i·R6·right·階段2] （無界面）
[Δ_i·R6·left·階段1] （無界面）
[Δ_i·R6·right·階段1] 628-18(1)→628-38(1): W_far=7.2000／W_near=7.2000／W_start=7.2000／Δ=+0.0000／Δ_self=+0.0000　628-38(1)→628-7(1): W_far=9.8900／W_near=9.8900／W_start=9.8900／Δ=+0.0000／Δ_self=+0.0000　628-7(1)→628-20(1): W_far=16.7600／W_near=16.7600／W_start=16.7600／Δ=+0.0000／Δ_self=+0.0000
[K-9-5-8] 街廓 R6 right 側：SIDE ∥ ALLOC **退化**（|cross|=0.0000000474／夾角=0.000003°　≤ 容差 1e-06）⇒ `K-9-5-4 ②` 套用後方向等值、無楔形；方向判準所得 []／街角第 1 宗 ['628-18(1)']——**合法組態·⛔ 非異常**（KL 裁 2026-08-08）
🟢 [配餘] 街廓 R5：幾何餘 145.1703㎡ 入抵費地（`K-9-5-7` 配餘·s∈[4.8498,11.4856]）——原為「非宗亦非池帶」之無主空間
[T2-DIAG] 街廓 R5｜宗數 7｜池帶 2 片｜池帶 s 寬 [35.7758  6.6358]｜池帶面積 [1621.8010  145.1703]｜Σ池 1766.9713｜覆蓋殘差 0.0000｜Σ 殘差 -0.0000｜宗-宗疊 0.0000（上界 1.3713）｜內部縫 0 帶／0.0000㎡｜退化帶 1 個（s 寬 6.31e-12）｜s 域 [0.2685,92.7995]
[Δ_i·R5·left·總量] 628-18(2)→628-7(2): W_far=4.8500／W_near=6.4900／W_start=4.8500／Δ=+0.0000／Δ_self=+9.7230／🔄方向改變　628-7(2)→628-45(1)+: W_far=13.4700／W_near=13.4700／W_start=13.4700／Δ=+0.0000／Δ_self=+0.0000　628-45(1)+→628-31(1): W_far=21.6700／W_near=21.6700／W_start=21.6700／Δ=+0.0000／Δ_self=+0.0000　628-31(1)→628-32(1): W_far=21.9100／W_near=21.9100／W_start=21.9100／Δ=+0.0000／Δ_self=+0.0000
[Δ_i·R5·left·階段2] （無界面）
[Δ_i·R5·left·階段1] 628-18(2)→628-7(2): W_far=4.8500／W_near=6.4900／W_start=4.8500／Δ=+0.0000／Δ_self=+9.7230／🔄方向改變　628-7(2)→628-45(1)+: W_far=13.4700／W_near=13.4700／W_start=13.4700／Δ=+0.0000／Δ_self=+0.0000　628-45(1)+→628-31(1): W_far=21.6700／W_near=21.6700／W_start=21.6700／Δ=+0.0000／Δ_self=+0.0000　628-31(1)→628-32(1): W_far=21.9100／W_near=21.9100／W_start=21.9100／Δ=+0.0000／Δ_self=+0.0000
[Δ_i·R5·right·階段1] （無界面）
[T2-DIAG] 街廓 R3｜宗數 9｜池帶 1 片｜池帶 s 寬 [41.1450]｜池帶面積 [1822.3573]｜Σ池 1822.3573｜覆蓋殘差 0.0001｜Σ 殘差 -0.0001｜宗-宗疊 0.0000（上界 1.7736）｜內部縫 0 帶／0.0000㎡｜退化帶 3 個（s 寬 5.57e-06, 1.70e-10, 4.24e-11）｜s 域 [-0.0000,96.8032]
[Δ_i·R3·right·總量] 628-30(3)+→628-42(2): W_far=14.1400／W_near=15.7800／W_start=14.1400／Δ=+0.0000／Δ_self=+5.4280／🔄方向改變　628-42(2)→628-29(1)+: W_far=16.1000／W_near=16.1000／W_start=16.1000／Δ=+0.0000／Δ_self=+0.0000　628-29(1)+→628-31(3): W_far=19.0100／W_near=19.0100／W_start=19.0100／Δ=+0.0000／Δ_self=+0.0000
[Δ_i·R3·right·階段2] （無界面）
[Δ_i·R3·left·階段1] （無界面）
[Δ_i·R3·right·階段1] 628-30(3)+→628-42(2): W_far=14.1400／W_near=15.7800／W_start=14.1400／Δ=+0.0000／Δ_self=+5.4280／🔄方向改變　628-42(2)→628-29(1)+: W_far=16.1000／W_near=16.1000／W_start=16.1000／Δ=+0.0000／Δ_self=+0.0000　628-29(1)+→628-31(3): W_far=19.0100／W_near=19.0100／W_start=19.0100／Δ=+0.0000／Δ_self=+0.0000
… W-F F.1（R1 楔形等 G 吞納＋前移；R3/R6 標記待 F.4）
… W-F F.2（跨街廓搬 a′ 模式一；五群 G009/G001/G021/G026/G027）
… W-F F.3（公設地調配：RD 五則①切半5/③集中30＋PF6；轉7-4 24筆）
… W-F F.4（7-4 三級調配＋7-5 批次最佳化＋終態整形＋33 群總決算；trunk E）
… W-G G.1 接線層 ctx-builder 同源（app _build_wf_ctx vs native _ctx；0m）
… W-G G.2 世代幾何曝出契約＋只寫不讀（0m）
============================================================
  🔴 FAIL  參數0m
        [參數0m] ('R1',) 欄「街廓分配深度(m)」: baseline='32.97' got=33.15
        [參數0m] ('R1',) 欄「【左】街角最小面積(㎡)」: baseline='109.79' got=114.94
        [參數0m] ('R1',) 欄「【右】街角最小面積(㎡)」: baseline='110.56' got=110.68
        [參數0m] ('R2',) 欄「街廓分配深度(m)」: baseline='43.9' got=44.47
        [參數0m] ('R2',) 欄「【左】街角最小面積(㎡)」: baseline='151.44' got=152.99
        [參數0m] ('R3',) 欄「街廓分配深度(m)」: baseline='43.64' got=44.34
        [參數0m] ('R3',) 欄「【右】街角最小面積(㎡)」: baseline='152.82' got=153.8
        [參數0m] ('R4',) 欄「街廓分配深度(m)」: baseline='32.59' got=33.11
        [參數0m] ('R4',) 欄「【右】截角(㎡)」: baseline='6.25' got=6.28
        [參數0m] ('R4',) 欄「【左】街角最小面積(㎡)」: baseline='109.2' got=116.08
        [參數0m] ('R4',) 欄「【右】街角最小面積(㎡)」: baseline='109.7' got=111.02
        [參數0m] ('R5',) 欄「街廓分配深度(m)」: baseline='45.04' got=45.71
        …（**另 2 列未顯示**·本閘違規總計 14 列）
  🔴 FAIL  參數3.5m
        [參數3.5m] ('R1',) 欄「街廓分配深度(m)」: baseline='32.97' got=33.15
        [參數3.5m] ('R1',) 欄「【左】街角最小面積(㎡)」: baseline='226.18' got=226.01
        [參數3.5m] ('R1',) 欄「【右】街角最小面積(㎡)」: baseline='226.88' got=227.13
        [參數3.5m] ('R2',) 欄「街廓分配深度(m)」: baseline='43.9' got=44.47
        [參數3.5m] ('R2',) 欄「【左】街角最小面積(㎡)」: baseline='309.05' got=308.17
        [參數3.5m] ('R3',) 欄「街廓分配深度(m)」: baseline='43.64' got=44.34
        [參數3.5m] ('R3',) 欄「【右】街角最小面積(㎡)」: baseline='308.93' got=307.79
        [參數3.5m] ('R4',) 欄「街廓分配深度(m)」: baseline='32.59' got=33.11
        [參數3.5m] ('R4',) 欄「【右】截角(㎡)」: baseline='6.25' got=6.28
        [參數3.5m] ('R4',) 欄「【左】街角最小面積(㎡)」: baseline='225.25' got=226.01
        [參數3.5m] ('R4',) 欄「【右】街角最小面積(㎡)」: baseline='225.67' got=225.42
        [參數3.5m] ('R5',) 欄「街廓分配深度(m)」: baseline='45.04' got=45.71
        …（**另 2 列未顯示**·本閘違規總計 14 列）
  ✅ PASS  -a診斷0m
  ✅ PASS  -a診斷3.5m
  ✅ PASS  ownership Gxxx 靶組（三環定理鏈）
  ✅ PASS  W-D.3 ghost 零面積不變量（8 筆全零）
  ✅ PASS  F.0-pre 15.73㎡ 歸因（公設 15.73 ＋ 可建築 13.34 = 29.07 ＝ ghost 真面積 29.09）
  🔴 FAIL  v3·診斷0m（全欄逐格·無豁免）
        [v3·診斷0m] 缺列 ('R4', '左', '628(1)')
        [v3·診斷0m] 缺列 ('R4', '右', '628-1(1)')
        [v3·診斷0m] 缺列 ('R5', '左', '628-45(1)')
        [v3·診斷0m] 缺列 ('R3', '右', '628-45(2)')
        [v3·診斷0m] 缺列 ('R3', '右', '628-28(1)')
        [v3·診斷0m] 多列 ('R4', '右', '628(1)+')
        [v3·診斷0m] 多列 ('R5', '左', '628-45(1)+')
        [v3·診斷0m] 多列 ('R3', '右', '628-30(3)+')
        [v3·診斷0m] ('R6', '右', '628-18(1)') 欄「原位次(投影序)」: baseline='9' got=6
        [v3·診斷0m] ('R6', '右', '628-38(1)') 欄「正街角分(0.4)」: baseline='—' got=0.4
        [v3·診斷0m] ('R6', '右', '628-38(1)') 欄「側街分(0.2)」: baseline='—' got=0.1973
        [v3·診斷0m] ('R6', '右', '628-38(1)') 欄「跨占分(0.4)」: baseline='—' got=0.3529
        …（**另 80 列未顯示**·本閘違規總計 92 列）
  🔴 FAIL  率接線無串聯0m（vs v1 原錨，豁免 G估 後逐格全等）
        [無串聯0m] 缺列 ('R4', '左', '628(1)')
        [無串聯0m] 缺列 ('R4', '右', '628-1(1)')
        [無串聯0m] 缺列 ('R5', '左', '628-45(1)')
        [無串聯0m] 缺列 ('R3', '右', '628-45(2)')
        [無串聯0m] 缺列 ('R3', '右', '628-28(1)')
        [無串聯0m] 多列 ('R4', '右', '628(1)+')
        [無串聯0m] 多列 ('R5', '左', '628-45(1)+')
        [無串聯0m] 多列 ('R3', '右', '628-30(3)+')
        [無串聯0m] ('R6', '右', '628-18(1)') 欄「原位次(投影序)」: baseline='9' got=6
        [無串聯0m] ('R6', '右', '628-38(1)') 欄「正街角分(0.4)」: baseline='—' got=0.4
        [無串聯0m] ('R6', '右', '628-38(1)') 欄「側街分(0.2)」: baseline='—' got=0.1973
        [無串聯0m] ('R6', '右', '628-38(1)') 欄「跨占分(0.4)」: baseline='—' got=0.3529
        …（**另 80 列未顯示**·本閘違規總計 92 列）
  🔴 FAIL  率接線 G估 欄變動0m 8 格（期 0·Y 波後 baseline 同源）
        實得 8 格＝值異動 0＋新候選 3＋消失候選 5
        新候選 ('R3', '右', '628-30(3)+')
        新候選 ('R4', '右', '628(1)+')
        新候選 ('R5', '左', '628-45(1)+')
        消失候選 ('R3', '右', '628-28(1)')
        消失候選 ('R3', '右', '628-45(2)')
        消失候選 ('R4', '右', '628-1(1)')
        消失候選 ('R4', '左', '628(1)')
        消失候選 ('R5', '左', '628-45(1)')
  🔴 FAIL  指配0m
        [指配0m] ('R4',) 欄「候選數」: baseline='2' got=1
        [指配0m] ('R4',) 欄「【左】最小面積(㎡)」: baseline='109.2' got='116.08'
        [指配0m] ('R4',) 欄「【右】最小面積(㎡)」: baseline='109.7' got='111.02'
        [指配0m] ('R4',) 欄「【左】達資格候選」: baseline='1' got=0
        [指配0m] ('R4',) 欄「【左】第1宗指配」: baseline='G009（628）[628(1)]' got='⚠️ 強制抵費地'
        [指配0m] ('R4',) 欄「【左】優先權指數」: baseline='0.9918' got='—'
        [指配0m] ('R4',) 欄「【右】第1宗指配」: baseline='G009（628-1）[628-1(1)]' got='G009（628）[628(1)+]'
        [指配0m] ('R6',) 欄「候選數」: baseline='11' got=8
        [指配0m] ('R5',) 欄「候選數」: baseline='12' got=8
        [指配0m] ('R5',) 欄「【左】最小面積(㎡)」: baseline='146.93' got='146.5'
        [指配0m] ('R5',) 欄「【左】達資格候選」: baseline='1' got=2
        [指配0m] ('R5',) 欄「【左】優先權指數」: baseline='0.5247' got=0.5412
        …（**另 10 列未顯示**·本閘違規總計 22 列）
  🔴 FAIL  抵費地0m(應空)
        [抵費地0m] 預期空、得 1 列：[{'街廓': 'R4', '端': '左', '抵費地面積＝range(㎡)': '116.08', '指配': '強制抵費地'}]
  ✅ PASS  結構不變量永久閘0m（守恆/⊥/位次=投影序/J(k*)≥J(naive)/理論=實跑/telescoping）
  🔴 FAIL  v3·G值0m
        [v3·G值0m] 缺列 ('R2', '628-42(1)')
        [v3·G值0m] 缺列 ('R2', '628-27(1)')
        [v3·G值0m] 缺列 ('R2', '628-40(1)')
        [v3·G值0m] 缺列 ('R2', '628-43(1)')
        [v3·G值0m] 缺列 ('R2', 'R2-抵費地')
        [v3·G值0m] 缺列 ('R4', '628(1)')
        [v3·G值0m] 缺列 ('R4', '628-1(1)')
        [v3·G值0m] 缺列 ('R4', 'R4-抵費地')
        [v3·G值0m] 缺列 ('R6', '628(2)')
        [v3·G值0m] 缺列 ('R6', '628-1(2)')
        [v3·G值0m] 缺列 ('R6', '628-23(1)')
        [v3·G值0m] 缺列 ('R6', '628-22(1)')
        …（**另 223 列未顯示**·本閘違規總計 235 列）
  🔴 FAIL  v3·滑池槽0m
        [v3·滑池槽0m] ('R1',) 欄「J(naive)」: baseline='55.3577' got=56.5983
        [v3·滑池槽0m] ('R1',) 欄「J(k*)」: baseline='65.5805' got=66.5167
        [v3·滑池槽0m] ('R1',) 欄「ΣRw_L理論@k*(%)」: baseline='97.18' got=100.0
        [v3·滑池槽0m] ('R1',) 欄「ΣRw_L實跑(%)」: baseline='97.18' got=100.02
        [v3·滑池槽0m] ('R1',) 欄「ΣG(㎡)」: baseline='1718.92' got=1718.06
        [v3·滑池槽0m] ('R1',) 欄「Σ配地幾何(㎡)」: baseline='1718.91' got=1718.06
        [v3·滑池槽0m] ('R1',) 欄「池總=幾何剩餘(㎡)」: baseline='1174.63' got=1175.5
        [v3·滑池槽0m] ('R1',) 欄「中央池(㎡)」: baseline='1174.63' got=1175.5
        [v3·滑池槽0m] ('R1',) 欄「守恆殘差(㎡)」: baseline='-0.0' got=0.01
        [v3·滑池槽0m] ('R1',) 欄「幾何片明細(㎡)」: baseline='[1169.31, 5.33]' got='[1175.49, 0.0]'
        [v3·滑池槽0m] ('R2',) 欄「n」: baseline='15' got=14
        [v3·滑池槽0m] ('R2',) 欄「k_naive」: baseline='8' got=7
        …（**另 53 列未顯示**·本閘違規總計 65 列）
  🔴 FAIL  v3·J表0m
        [v3·J表0m] 缺列 ('R2', '15')
        [v3·J表0m] 缺列 ('R3', '10')
        [v3·J表0m] 缺列 ('R3', '11')
        [v3·J表0m] 缺列 ('R3', '12')
        [v3·J表0m] 缺列 ('R3', '13')
        [v3·J表0m] 缺列 ('R4', '1')
        [v3·J表0m] 缺列 ('R5', '9')
        [v3·J表0m] 缺列 ('R5', '10')
        [v3·J表0m] 缺列 ('R5', '11')
        [v3·J表0m] 缺列 ('R5', '12')
        [v3·J表0m] 缺列 ('R6', '8')
        [v3·J表0m] 缺列 ('R6', '9')
        …（**另 84 列未顯示**·本閘違規總計 96 列）
  🔴 FAIL  k* 六塊經驗錨0m {'R1': 2, 'R2': 8, 'R3': 7, 'R4': 1, 'R5': 7, 'R6': 6}
        實得 {'R1': 2, 'R2': 7, 'R4': 1, 'R6': 3, 'R5': 6, 'R3': 5}
  🔴 FAIL  v3·診斷3.5m（全欄逐格·無豁免）
        [v3·診斷3.5m] 缺列 ('R4', '左', '628(1)')
        [v3·診斷3.5m] 缺列 ('R4', '右', '628-1(1)')
        [v3·診斷3.5m] 缺列 ('R5', '左', '628-45(1)')
        [v3·診斷3.5m] 缺列 ('R2', '左', '628-40(1)')
        [v3·診斷3.5m] 缺列 ('R3', '右', '628-45(2)')
        [v3·診斷3.5m] 缺列 ('R3', '右', '628-28(1)')
        [v3·診斷3.5m] 缺列 ('R3', '右', '628-29(1)')
        [v3·診斷3.5m] 多列 ('R4', '右', '628(1)+')
        [v3·診斷3.5m] 多列 ('R5', '左', '628-45(1)+')
        [v3·診斷3.5m] 多列 ('R2', '左', '628-40(1)+')
        [v3·診斷3.5m] 多列 ('R3', '右', '628-30(3)+')
        [v3·診斷3.5m] 多列 ('R3', '右', '628-29(1)+')
        …（**另 88 列未顯示**·本閘違規總計 100 列）
  🔴 FAIL  率接線無串聯3.5m（vs v1 原錨，豁免 G估 後逐格全等）
        [無串聯3.5m] 缺列 ('R4', '左', '628(1)')
        [無串聯3.5m] 缺列 ('R4', '右', '628-1(1)')
        [無串聯3.5m] 缺列 ('R5', '左', '628-45(1)')
        [無串聯3.5m] 缺列 ('R2', '左', '628-40(1)')
        [無串聯3.5m] 缺列 ('R3', '右', '628-45(2)')
        [無串聯3.5m] 缺列 ('R3', '右', '628-28(1)')
        [無串聯3.5m] 缺列 ('R3', '右', '628-29(1)')
        [無串聯3.5m] 多列 ('R4', '右', '628(1)+')
        [無串聯3.5m] 多列 ('R5', '左', '628-45(1)+')
        [無串聯3.5m] 多列 ('R2', '左', '628-40(1)+')
        [無串聯3.5m] 多列 ('R3', '右', '628-30(3)+')
        [無串聯3.5m] 多列 ('R3', '右', '628-29(1)+')
        …（**另 88 列未顯示**·本閘違規總計 100 列）
  🔴 FAIL  率接線 G估 欄變動3.5m 12 格（期 0·Y 波後 baseline 同源）
        實得 12 格＝值異動 0＋新候選 5＋消失候選 7
        新候選 ('R2', '左', '628-40(1)+')
        新候選 ('R3', '右', '628-29(1)+')
        新候選 ('R3', '右', '628-30(3)+')
        新候選 ('R4', '右', '628(1)+')
        新候選 ('R5', '左', '628-45(1)+')
        消失候選 ('R2', '左', '628-40(1)')
        消失候選 ('R3', '右', '628-28(1)')
        消失候選 ('R3', '右', '628-29(1)')
        消失候選 ('R3', '右', '628-45(2)')
        消失候選 ('R4', '右', '628-1(1)')
        消失候選 ('R4', '左', '628(1)')
        …（**另 1 列未顯示**·本閘違規總計 13 列）
  🔴 FAIL  指配3.5m
        [指配3.5m] ('R4',) 欄「候選數」: baseline='2' got=1
        [指配3.5m] ('R4',) 欄「【左】最小面積(㎡)」: baseline='225.25' got='226.01'
        [指配3.5m] ('R4',) 欄「【右】最小面積(㎡)」: baseline='225.67' got='225.42'
        [指配3.5m] ('R4',) 欄「【左】達資格候選」: baseline='1' got=0
        [指配3.5m] ('R4',) 欄「【左】第1宗指配」: baseline='G009（628）[628(1)]' got='⚠️ 強制抵費地'
        [指配3.5m] ('R4',) 欄「【左】優先權指數」: baseline='0.9915' got='—'
        [指配3.5m] ('R4',) 欄「【右】第1宗指配」: baseline='G009（628-1）[628-1(1)]' got='G009（628）[628(1)+]'
        [指配3.5m] ('R6',) 欄「候選數」: baseline='11' got=8
        [指配3.5m] ('R5',) 欄「候選數」: baseline='12' got=8
        [指配3.5m] ('R5',) 欄「【左】最小面積(㎡)」: baseline='300.52' got='299.73'
        [指配3.5m] ('R5',) 欄「【左】達資格候選」: baseline='0' got=1
        [指配3.5m] ('R5',) 欄「【左】第1宗指配」: baseline='⚠️ 強制抵費地' got='G007（628-45）[628-45(1)+]'
        …（**另 10 列未顯示**·本閘違規總計 22 列）
  🔴 FAIL  抵費地3.5m
        [抵費地3.5m] 缺列 ('R5', '左')
        [抵費地3.5m] 缺列 ('R3', '右')
        [抵費地3.5m] 多列 ('R4', '左')
        [抵費地3.5m] ('R2', '左') 欄「抵費地面積＝range(㎡)」: baseline='309.05' got='308.17'
  ✅ PASS  結構不變量永久閘3.5m（守恆/⊥/位次=投影序/J(k*)≥J(naive)/理論=實跑/telescoping）
  🔴 FAIL  v3·G值3.5m
        [v3·G值3.5m] 缺列 ('R2', '628-40(1)')
        [v3·G值3.5m] 缺列 ('R2', '628-43(1)')
        [v3·G值3.5m] 缺列 ('R4', '628(1)')
        [v3·G值3.5m] 缺列 ('R4', '628-1(1)')
        [v3·G值3.5m] 缺列 ('R4', 'R4-抵費地')
        [v3·G值3.5m] 缺列 ('R6', '628(2)')
        [v3·G值3.5m] 缺列 ('R6', '628-1(2)')
        [v3·G值3.5m] 缺列 ('R6', '628-23(1)')
        [v3·G值3.5m] 缺列 ('R6', '628-22(1)')
        [v3·G值3.5m] 缺列 ('R6', '628-21(1)')
        [v3·G值3.5m] 缺列 ('R5', '628-53(2)')
        [v3·G值3.5m] 缺列 ('R5', '628-45(1)')
        …（**另 222 列未顯示**·本閘違規總計 234 列）
  🔴 FAIL  v3·滑池槽3.5m
        [v3·滑池槽3.5m] ('R1',) 欄「J(naive)」: baseline='55.3577' got=56.5983
        [v3·滑池槽3.5m] ('R1',) 欄「J(k*)」: baseline='65.3055' got=66.0845
        [v3·滑池槽3.5m] ('R1',) 欄「ΣRw_L理論@k*(%)」: baseline='96.36' got=98.7
        [v3·滑池槽3.5m] ('R1',) 欄「ΣRw_L實跑(%)」: baseline='96.38' got=98.75
        [v3·滑池槽3.5m] ('R1',) 欄「ΣRw_R實跑(%)」: baseline='100.0' got=100.02
        [v3·滑池槽3.5m] ('R1',) 欄「ΣG(㎡)」: baseline='1719.16' got=1718.44
        [v3·滑池槽3.5m] ('R1',) 欄「Σ配地幾何(㎡)」: baseline='1719.17' got=1718.45
        [v3·滑池槽3.5m] ('R1',) 欄「池總=幾何剩餘(㎡)」: baseline='1174.39' got=1175.1
        [v3·滑池槽3.5m] ('R1',) 欄「中央池(㎡)」: baseline='1174.39' got=1175.1
        [v3·滑池槽3.5m] ('R1',) 欄「守恆殘差(㎡)」: baseline='-0.0' got=-0.02
        [v3·滑池槽3.5m] ('R1',) 欄「幾何片明細(㎡)」: baseline='[1169.07, 5.33]' got='[1169.71, 5.38, 0.0]'
        [v3·滑池槽3.5m] ('R1',) 欄「片數」: baseline='2' got=3
        …（**另 68 列未顯示**·本閘違規總計 80 列）
  🔴 FAIL  v3·J表3.5m
        [v3·J表3.5m] 缺列 ('R2', '15')
        [v3·J表3.5m] 缺列 ('R3', '10')
        [v3·J表3.5m] 缺列 ('R3', '11')
        [v3·J表3.5m] 缺列 ('R3', '12')
        [v3·J表3.5m] 缺列 ('R3', '13')
        [v3·J表3.5m] 缺列 ('R4', '1')
        [v3·J表3.5m] 缺列 ('R5', '9')
        [v3·J表3.5m] 缺列 ('R5', '10')
        [v3·J表3.5m] 缺列 ('R5', '11')
        [v3·J表3.5m] 缺列 ('R5', '12')
        [v3·J表3.5m] 缺列 ('R6', '8')
        [v3·J表3.5m] 缺列 ('R6', '9')
        …（**另 127 列未顯示**·本閘違規總計 139 列）
  🔴 FAIL  k* 六塊經驗錨3.5m {'R1': 1, 'R2': 8, 'R3': 7, 'R4': 1, 'R5': 7, 'R6': 6}
        實得 {'R1': 1, 'R2': 7, 'R4': 1, 'R6': 3, 'R5': 6, 'R3': 5}
  ✅ PASS  v3 財務錨 B == 0.171043（獨立輸入現算 → 0.171043）
  ✅ PASS  v3 財務錨 C == 0.091319（加總形分母 1,643,176,255.06）
  ✅ PASS  v3 中繼錨 工程費/重劃費/費用總額 == 122324608/22717427/150053099
  ✅ PASS  v3 C 兩形等價（加總形 vs app calc_C_value 均價形）|Δ|=2.92e-10 <1e-8
  ✅ PASS  v3 A 逐宗全查（88 列＝後街廓單價/重劃前區段單價）
  ✅ PASS  v3 reverse-test① 單位工程費 3500→3550 ⟹ C 隨動 (0.091319→0.092382)
  ✅ PASS  v3 reverse-test② 前均價 ×1.1 ⟹ B 隨動且 C 不動 (B 0.171043→0.188147；C 0.091319)
  ✅ PASS  v3 重劃總負擔率錨 == 0.40712387（現算 0.40712387）
  ✅ PASS  v3 率分項錨 公設負擔比 34.754211% ＋ 費用負擔比 5.958176%
  ✅ PASS  v3 率用 DXF 公設實值 12146.5579（非截圖 rounded 12146.56）
  ✅ PASS  v3 reverse-test③ 單位工程費 3500→3550 ⟹ 重劃總負擔率隨動 (0.40712387→0.40781775)
  🔴 FAIL  W-D.3 碎片幾何/三分類（v3）
        [碎片幾何] 缺列 ('0m', 'R2-抵費地')
        [碎片幾何] 缺列 ('0m', 'R4-抵費地')
        [碎片幾何] 缺列 ('0m', 'R5-抵費地')
        [碎片幾何] 缺列 ('3.5m', 'R4-抵費地')
        [碎片幾何] 缺列 ('3.5m', 'R3-抵費地-1')
        [碎片幾何] 缺列 ('3.5m', 'R3-抵費地-2')
        [碎片幾何] 多列 ('0m', 'R2-抵費地-1')
        [碎片幾何] 多列 ('0m', 'R2-抵費地-2')
        [碎片幾何] 多列 ('0m', 'R4-抵費地-1')
        [碎片幾何] 多列 ('0m', 'R4-抵費地-2')
        [碎片幾何] 多列 ('0m', 'R4-抵費地-3')
        [碎片幾何] 多列 ('0m', 'R4-抵費地-4')
        …（**另 72 列未顯示**·本閘違規總計 84 列）
  🔴 FAIL  W-D.3 碎片逐邊CAD（v3）
        [碎片逐邊] 缺列 ('0m', 'R2-抵費地')
        [碎片逐邊] 缺列 ('0m', 'R4-抵費地')
        [碎片逐邊] 缺列 ('0m', 'R5-抵費地')
        [碎片逐邊] 缺列 ('3.5m', 'R4-抵費地')
        [碎片逐邊] 缺列 ('3.5m', 'R3-抵費地-1')
        [碎片逐邊] 缺列 ('3.5m', 'R3-抵費地-2')
        [碎片逐邊] 多列 ('0m', 'R2-抵費地-1')
        [碎片逐邊] 多列 ('0m', 'R2-抵費地-2')
        [碎片逐邊] 多列 ('0m', 'R4-抵費地-1')
        [碎片逐邊] 多列 ('0m', 'R4-抵費地-2')
        [碎片逐邊] 多列 ('0m', 'R4-抵費地-3')
        [碎片逐邊] 多列 ('0m', 'R4-抵費地-4')
        …（**另 40 列未顯示**·本閘違規總計 52 列）
  🔴 FAIL  W-D.4 四梯清單0m（v3 半實算）
        [W-D.4清單0m] ('0m', 'G001') 欄「ΣG_戶(㎡)」: baseline='768.37' got=768.36
        [W-D.4清單0m] ('0m', 'G002') 欄「ΣG_戶(㎡)」: baseline='230.58' got=234.01
        [W-D.4清單0m] ('0m', 'G003') 欄「路徑標註」: baseline='公設軌·達標門檻＝區標準 114.07(手冊(三))；½線測試延至 F.4 以 G(a′) 施作' got='公設軌·達標門檻＝區標準 115.88(手冊(三))；½線測試延至 F.4 以 G(a′) 施作'
        [W-D.4清單0m] ('0m', 'G004') 欄「增配a′(㎡)」: baseline='42.47' got=44.28
        [W-D.4清單0m] ('0m', 'G004') 欄「差額地價(元)§52-1」: baseline='3238167' got=3376172
        [W-D.4清單0m] ('0m', 'G005') 欄「ΣG_戶(㎡)」: baseline='510.56' got=513.27
        [W-D.4清單0m] ('0m', 'G006') 欄「宗數」: baseline='4' got=2
        [W-D.4清單0m] ('0m', 'G006') 欄「宗清單」: baseline='628-49(1);628-49(2);628-47(1);628-48(1)' got='628-49(1);628-47(1)+'
        [W-D.4清單0m] ('0m', 'G006') 欄「含旗標宗數」: baseline='4' got=1
        [W-D.4清單0m] ('0m', 'G007') 欄「宗數」: baseline='7' got=4
        [W-D.4清單0m] ('0m', 'G007') 欄「宗清單」: baseline='628-20(1);628-20(2);628-45(1);628-45(2);628-30(2);628-30(1);628-30(3)' got='628-20(1);628-45(1)+;628-30(2);628-30(3)+'
        [W-D.4清單0m] ('0m', 'G007') 欄「ΣG_戶(㎡)」: baseline='1423.02' got=1419.41
        …（**另 59 列未顯示**·本閘違規總計 71 列）
  🔴 FAIL  W-D.4 碎片遞補0m
        [W-D.4遞補0m] 多列 ('0m', 'R4-抵費地-3')
        [W-D.4遞補0m] ('0m', 'R1-抵費地-2') 欄「面積(㎡)」: baseline='5.33' got=0.0
        [W-D.4遞補0m] ('0m', 'R6-抵費地-2') 欄「跳過失格筆」: baseline='628(2);628-1(2);628-23(1)' got='628(2)+'
  🔴 FAIL  W-D.4 跨占分配線0m
        [W-D.4跨占0m] 缺列 ('0m', '628(2)')
        [W-D.4跨占0m] 缺列 ('0m', '628-42(1)')
        [W-D.4跨占0m] 缺列 ('0m', '628-42(2)')
        [W-D.4跨占0m] 缺列 ('0m', '628-27(1)')
        [W-D.4跨占0m] 缺列 ('0m', '628-27(2)')
        [W-D.4跨占0m] 缺列 ('0m', '628-30(1)')
        [W-D.4跨占0m] 缺列 ('0m', '628-49(1)')
        [W-D.4跨占0m] 缺列 ('0m', '628-49(2)')
        [W-D.4跨占0m] 缺列 ('0m', '628-1(2)')
        [W-D.4跨占0m] 缺列 ('0m', '628-23(1)')
        [W-D.4跨占0m] 缺列 ('0m', '628-22(1)')
        [W-D.4跨占0m] 缺列 ('0m', '628-53(1)')
        …（**另 23 列未顯示**·本閘違規總計 35 列）
  🔴 FAIL  W-D.4 四梯清單3.5m（v3 半實算）
        [W-D.4清單3.5m] ('3.5m', 'G001') 欄「ΣG_戶(㎡)」: baseline='768.37' got=768.36
        [W-D.4清單3.5m] ('3.5m', 'G003') 欄「路徑標註」: baseline='公設軌·達標門檻＝區標準 114.07(手冊(三))；½線測試延至 F.4 以 G(a′) 施作' got='公設軌·達標門檻＝區標準 115.88(手冊(三))；½線測試延至 F.4 以 G(a′) 施作'
        [W-D.4清單3.5m] ('3.5m', 'G004') 欄「增配a′(㎡)」: baseline='42.47' got=44.28
        [W-D.4清單3.5m] ('3.5m', 'G004') 欄「差額地價(元)§52-1」: baseline='3238167' got=3376172
        [W-D.4清單3.5m] ('3.5m', 'G005') 欄「ΣG_戶(㎡)」: baseline='520.97' got=514.5
        [W-D.4清單3.5m] ('3.5m', 'G006') 欄「宗數」: baseline='4' got=2
        [W-D.4清單3.5m] ('3.5m', 'G006') 欄「宗清單」: baseline='628-49(1);628-49(2);628-47(1);628-48(1)' got='628-49(1);628-47(1)+'
        [W-D.4清單3.5m] ('3.5m', 'G006') 欄「含旗標宗數」: baseline='4' got=1
        [W-D.4清單3.5m] ('3.5m', 'G007') 欄「宗數」: baseline='7' got=4
        [W-D.4清單3.5m] ('3.5m', 'G007') 欄「宗清單」: baseline='628-20(1);628-20(2);628-45(1);628-45(2);628-30(2);628-30(1);628-30(3)' got='628-20(1);628-45(1)+;628-30(2);628-30(3)+'
        [W-D.4清單3.5m] ('3.5m', 'G007') 欄「ΣG_戶(㎡)」: baseline='1458.33' got=1403.63
        [W-D.4清單3.5m] ('3.5m', 'G007') 欄「含旗標宗數」: baseline='3' got=1
        …（**另 49 列未顯示**·本閘違規總計 61 列）
  🔴 FAIL  W-D.4 碎片遞補3.5m
        [W-D.4遞補3.5m] 多列 ('3.5m', 'R1-抵費地-3')
        [W-D.4遞補3.5m] 多列 ('3.5m', 'R4-抵費地-3')
        [W-D.4遞補3.5m] 多列 ('3.5m', 'R4-抵費地-4')
        [W-D.4遞補3.5m] ('3.5m', 'R1-抵費地-2') 欄「面積(㎡)」: baseline='5.33' got=5.38
        [W-D.4遞補3.5m] ('3.5m', 'R1-抵費地-2') 欄「沿街s」: baseline='0.02' got=0.22
        [W-D.4遞補3.5m] ('3.5m', 'R6-抵費地-2') 欄「跳過失格筆」: baseline='628(2);628-1(2);628-23(1)' got='628(2)+'
  🔴 FAIL  W-D.4 跨占分配線3.5m
        [W-D.4跨占3.5m] 缺列 ('3.5m', '628(2)')
        [W-D.4跨占3.5m] 缺列 ('3.5m', '628-30(1)')
        [W-D.4跨占3.5m] 缺列 ('3.5m', '628-49(1)')
        [W-D.4跨占3.5m] 缺列 ('3.5m', '628-49(2)')
        [W-D.4跨占3.5m] 缺列 ('3.5m', '628-1(2)')
        [W-D.4跨占3.5m] 缺列 ('3.5m', '628-23(1)')
        [W-D.4跨占3.5m] 缺列 ('3.5m', '628-22(1)')
        [W-D.4跨占3.5m] 缺列 ('3.5m', '628-53(1)')
        [W-D.4跨占3.5m] 缺列 ('3.5m', '628-53(2)')
        [W-D.4跨占3.5m] 缺列 ('3.5m', '628-45(1)')
        [W-D.4跨占3.5m] 多列 ('3.5m', '628(2)+')
        [W-D.4跨占3.5m] ('3.5m', '628(3)') 欄「該側MinA(㎡)」: baseline='157.64' got=159.99
        …（**另 23 列未顯示**·本閘違規總計 35 列）
  🔴 FAIL  W-D.4 MinA_區==114.07(正典rounded)·½顯示==57.04(Decimal非round)
        MinA_區=115.88 ½顯示=57.94
  🔴 FAIL  W-D.4 31旗標全消費(群組語意·v3 隨價變)
        旗標18→消費18（期31）
  🔴 FAIL  F.0-pre 雙軌錨 軌別{'建地軌': 25, '公設軌': 8}·梯次{'—': 8, '0': 13, '1': 7, '2': 3, '3': 2}
        實得 軌別{'建地軌': 25, '公設軌': 8} 梯次{'0': 11, '1': 9, '—': 8, '2': 3, '3': 2}
  ✅ PASS  F.0-pre 公設軌 8 群（撤出梯3、待 F.3/F.4）
  ✅ PASS  F.0-pre 公設軌補償欄全空（G(a′) 未算前禁取值·停機條款）
  ✅ PASS  F.3 母數錨 公設地 59 筆／28 群持有（廢「30 筆/4,428㎡」）
  🔴 FAIL  F.0 釋池對象＝梯3 二群 [('G025', 0.26), ('G030', 26.54)]（Σ=26.80㎡）
        實得 [('G025', 0.26), ('G030', 26.54)]
  ✅ PASS  W-D.4 MinA_區 reverse-test(改深度→隨動·非寫死)
  🔴 FAIL  W-D.4 遞補錨 R6 85.66→628-4(1)（跳過 628(2);628-1(2);628-23(1)）
        實得 [{'情境': '0m', '碎片': 'R6-抵費地-2', '面積(㎡)': 85.71, '沿街s': 0.01, '側': 'left', '遞補標的宗': '628-4(1)', '跳過失格筆': '628(2)+', '定序註': '先解失格業主(域裁C)'}]
  ✅ PASS  W-D.4 持分和逐宗檢核(WARNING-A)
  ✅ PASS  W-D.4 第4梯 fixture(查封自成一群·移除後 byte-identical)
  🔴 FAIL  W-F F.0
        [F.0] 🔴 GSA 錨檢破（0m）——**一次列出全部**（F-7-3：禁首個即 raise 致打地鼠）：
  【未被評估】錨鍵 ['G006', 'G007', 'G009', 'G010', 'G014', 'G017'] **未被任何一次比對評估**（其決策現況：G006→[該情境無任何決策列]｜G007→[該情境無任何決策列]｜G009→[該情境無任何決策列]｜G010→[該情境無任何決策列]｜G014→[該情境無任何決策列]｜G017→[該情境無任何決策列]）⇒ **沒人檢查≠相符**。成因請依上列決策自行研判（如：被併宗遭上游消費移出→標的宗回復單獨→改判『全達標·無須併』或該塊宗數<2）；確認係合法連動（如 **K-6 §二 段三**之跨街廓同歸戶集中——K-6 起一律歸七級調配 F.0／F.2；⚠️ 舊指標『M-5 街角救援』已於 K-6 §四作廢並封存至 `verify/archive/`，**勿再據以研判**）則於 P-H 重錨（刪鍵或改值），否則係上游漏配之 bug。已評估鍵＝[]
        評估】錨鍵 ['G006', 'G007', 'G009', 'G010', 'G014', 'G017'] **未被任何一次比對評估**（其決策現況：G006→[該情境無任何決策列]｜G007→[該情境無任何決策列]｜G009→[該情境無任何決策列]｜G010→[該情境無任何決策列]｜G014→[該情境無任何決策列]｜G017→[該情境無任何決策列]）⇒ **沒人檢查≠相符**。成因請依上列決策自行研判（如：被併宗遭上游消費移出→標的宗回復單獨→改判『全達標·無須併』或該塊宗數<2）；確認係合法連動（如 **K-6 §二 段三**之跨街廓同歸戶集中——K-6 起一律歸七級調配 F.0／F.2；⚠️ 舊指標『M-5 街角救援』已於 K-6 §四作廢並封存至 `verify/archive/`，**勿再據以研判**）則於 P-H 重錨（刪鍵或改值），否則係上游漏配之 bug。已評估鍵＝[]

  🔴 FAIL  W-F F.1
        [F.1] F.0 未成功，F.1 跳過（W5 守衛）
        Traceback (most recent call last):
  File "C:\Users\admin\Desktop\land-readjustment-trial\.claude\worktrees\wg-9-295-construction-window-63d8e8\verify\run_verification.py", line 1071, in main
    raise RuntimeError("F.0 未成功，F.1 跳過（W5 守衛）")
RuntimeError: F.0 未成功，F.1 跳過（W5 守衛）

  🔴 FAIL  W-F F.2
        [F.2] F.0 未成功，F.2 跳過（存在性守衛）
        Traceback (most recent call last):
  File "C:\Users\admin\Desktop\land-readjustment-trial\.claude\worktrees\wg-9-295-construction-window-63d8e8\verify\run_verification.py", line 1122, in main
    raise RuntimeError("F.0 未成功，F.2 跳過（存在性守衛）")
RuntimeError: F.0 未成功，F.2 跳過（存在性守衛）

  🔴 FAIL  W-F F.3
        [F.3] F.2 未成功，F.3 跳過（存在性守衛）
        Traceback (most recent call last):
  File "C:\Users\admin\Desktop\land-readjustment-trial\.claude\worktrees\wg-9-295-construction-window-63d8e8\verify\run_verification.py", line 1188, in main
    raise RuntimeError("F.2 未成功，F.3 跳過（存在性守衛）")
RuntimeError: F.2 未成功，F.3 跳過（存在性守衛）

  🔴 FAIL  W-F F.4
        [F.4] F.3 未成功，F.4 跳過（存在性守衛）
        Traceback (most recent call last):
  File "C:\Users\admin\Desktop\land-readjustment-trial\.claude\worktrees\wg-9-295-construction-window-63d8e8\verify\run_verification.py", line 1255, in main
    raise RuntimeError("F.3 未成功，F.4 跳過（存在性守衛）")
RuntimeError: F.3 未成功，F.4 跳過（存在性守衛）

  🔴 FAIL  W-G G.1 接線層 ctx-builder 同源（cb_by/cad+centerlines/gA/winners/β財務/blocks欄名/指紋/率鋪底）
        引擎消費但 _WF_NS_NAMES 漏列（app 路徑必 KeyError）：['_wg9268p_anchor_advance']
  🔴 FAIL  W-G G.2 世代幾何曝出契約
        [G.2] 上游世代未產出：['F.0', 'F.1', 'F.2', 'F.3', 'F.4']（0m）——G.2 係**純呈現層契約檢**，其資料前提為 v3/f0/f2/f3/E 各代皆已成功；上列世代失敗（見其自身 FAIL 列）⇒ G.2 **無從檢查**、非 G.2 自身破。修上游後本列自動恢復。
        Traceback (most recent call last):
  File "C:\Users\admin\Desktop\land-readjustment-trial\.claude\worktrees\wg-9-295-construction-window-63d8e8\verify\run_verification.py", line 1453, in main
    raise RuntimeError(
    ...<2 lines>...
        f"⇒ G.2 **無從檢查**、非 G.2 自身破。修上游後本列自動恢復。")
RuntimeError: 上游世代未產出：['F.0', 'F.1', 'F.2', 'F.3', 'F.4']（0m）——G.2 係**純呈現層契約檢**，其資料前提為 v3/f0/f2/f3/E 各代皆已成功；上列世代失敗（見其自身 FAIL 列）⇒ G.2 **無從檢查**、非 G.2 自身破。修上游後本列自動恢復。

============================================================
嫌犯序：快照漏參 > dtype 1.5（法人統編 '.0'）> driver orchestration 漂移 > 引擎（勿動 app）
RESULT: FAIL

====================================================================================================================
`run_verification.main()` 之 `rc` ＝ 1
四包裝之觸發數[必非零]：`_corner_buffer_S` 21 ／ `_solve_G_one` 2065 ／ `_run_step_g_impl` 15 ／ `wf_f0.compute` 1
====================================================================================================================

── `§六-8`　停十四（現態漂移）──
🔒 框（逐字·`§零-1`）＝ `\[v3·G值(0m|3\.5m)\] 缺列.*`
   本次輸出之缺列字樣集 ＝ **24** 列｜錨（`verify/out/WG9307R_prepin.log`）＝ **24** 列
   二集逐列相同 ＝ **True**
**停十四** ⇒ ✅ **不成就**

====================================================================================================================
── `§六-1`　款 `1`　主幹之二進入──
🔒 判法 ＝ `co_name` ＋ `co_filename` 之**相對路徑**（**`id(·)` ⛔ 作錨**）
`_run_step_g_impl` 之進入總數 ＝ **15**｜其中主幹 ＝ **2**（期 `2`）
| 進入 | 類 | 情境標籤（`main` 之 `f_locals` 之 `tag`）| 鏈（前 `4` 層）|
|---|---|---|---|
| `1` | 主幹（`run_step_g` ⇐ `verify/run_verification.py :: main`） | `'0m'` | `[('verify/stepg_pipeline.py', 'run_step_g'), ('verify/run_verification.py', 'main'), ('verify/probes/probe_WG9308R_lots.py', '<module>')]` |
| `2` | 主幹（`run_step_g` ⇐ `verify/run_verification.py :: main`） | `'3.5m'` | `[('verify/stepg_pipeline.py', 'run_step_g'), ('verify/run_verification.py', 'main'), ('verify/probes/probe_WG9308R_lots.py', '<module>')]` |
| `3` | 其他 | `None` | `[('verify/stepg_pipeline.py', 'run_step_g'), ('verify/run_verification.py', '_rerun_fin'), ('verify/run_verification.py', 'main'), ('verify/probes/probe_WG9308R_lots.py', '<module>')]` |
| `4` | 其他 | `None` | `[('verify/stepg_pipeline.py', 'run_step_g'), ('verify/run_verification.py', '_rerun_fin'), ('verify/run_verification.py', 'main'), ('verify/probes/probe_WG9308R_lots.py', '<module>')]` |
| `5` | 其他 | `None` | `[('verify/stepg_pipeline.py', 'run_step_g'), ('verify/wd3_fragment_geom.py', 'compute'), ('verify/run_verification.py', 'main'), ('verify/probes/probe_WG9308R_lots.py', '<module>')]` |
| `6` | 其他 | `None` | `[('verify/stepg_pipeline.py', 'run_step_g'), ('verify/wd3_fragment_geom.py', 'compute'), ('verify/run_verification.py', 'main'), ('verify/probes/probe_WG9308R_lots.py', '<module>')]` |
| `7` | 其他 | `None` | `[('verify/stepg_pipeline.py', 'run_step_g'), ('verify/wd3_fragment_geom.py', 'compute'), ('verify/wd4_tier_list.py', 'compute'), ('verify/run_verification.py', 'main')]` |
| `8` | 其他 | `None` | `[('verify/stepg_pipeline.py', 'run_step_g'), ('verify/wd3_fragment_geom.py', 'compute'), ('verify/wd4_tier_list.py', 'compute'), ('verify/run_verification.py', 'main')]` |
| `9` | 其他 | `None` | `[('verify/stepg_pipeline.py', 'run_step_g'), ('verify/wd4_tier_list.py', 'compute'), ('verify/run_verification.py', 'main'), ('verify/probes/probe_WG9308R_lots.py', '<module>')]` |
| `10` | 其他 | `None` | `[('verify/stepg_pipeline.py', 'run_step_g'), ('verify/wd4_tier_list.py', 'compute'), ('verify/run_verification.py', 'main'), ('verify/probes/probe_WG9308R_lots.py', '<module>')]` |
| `11` | 其他 | `None` | `[('verify/stepg_pipeline.py', 'run_step_g'), ('verify/wd3_fragment_geom.py', 'compute'), ('verify/wd4_tier_list.py', 'compute'), ('verify/run_verification.py', 'main')]` |
| `12` | 其他 | `None` | `[('verify/stepg_pipeline.py', 'run_step_g'), ('verify/wd3_fragment_geom.py', 'compute'), ('verify/wd4_tier_list.py', 'compute'), ('verify/run_verification.py', 'main')]` |
| `13` | 其他 | `None` | `[('verify/stepg_pipeline.py', 'run_step_g'), ('verify/wd4_tier_list.py', 'compute'), ('verify/run_verification.py', 'main'), ('verify/probes/probe_WG9308R_lots.py', '<module>')]` |
| `14` | 其他 | `None` | `[('verify/stepg_pipeline.py', 'run_step_g'), ('verify/wd4_tier_list.py', 'compute'), ('verify/run_verification.py', 'main'), ('verify/probes/probe_WG9308R_lots.py', '<module>')]` |
| `15` | 其他 | `None` | `[('verify/stepg_pipeline.py', 'run_step_g'), ('verify/wf_f0.py', 'compute'), ('verify/probes/probe_WG9308R_lots.py', 'f0_2'), ('verify/run_verification.py', 'main')]` |

其餘進入之呼叫鏈逐類之數（⛔ 靜默略過）＝ **4** 類
   · (('verify/stepg_pipeline.py', 'run_step_g'), ('verify/run_verification.py', '_rerun_fin')) ⇒ 2
   · (('verify/stepg_pipeline.py', 'run_step_g'), ('verify/wd3_fragment_geom.py', 'compute')) ⇒ 6
   · (('verify/stepg_pipeline.py', 'run_step_g'), ('verify/wd4_tier_list.py', 'compute')) ⇒ 4
   · (('verify/stepg_pipeline.py', 'run_step_g'), ('verify/wf_f0.py', 'compute')) ⇒ 1

====================================================================================================================
── `§六-2`　款 `2`　逐宗基線（第二版）──
🔒 **受詞** ＝ 款 `1` 之二進入之**回傳物件**之 `['g_rows']` 之**每一列**（含抵費地之列）

**同一物之證（靜態·逐字）**
   `verify/run_verification.py`：
     `_sg = run_step_g(ns, fake_st, list(cb_by.values()), cad, snapshot,`
     `g_tab, diag_tab, slot_tab = build_step_g_tables(_sg)`
   `verify/stepg_pipeline.py`：
     `return _run_step_g_impl(`
     `g_rows = [{k: r.get(k, '') for k in _cols} for r in res['g_rows']]`（**保序**）

🩸 **單內互斥之逐字回報（`常規二`·取保守項）**
   單 `§六-2` 之欄載「**未捨入之 `G` 與 `area_geom` 之 `float.hex`**」，而其 🔒 **取法**令取 `res['G']`／`res['area_geom']`。
   **自 blob 實查之建構式**（`app.py` :: `_solve_G_one` 之 `return`·逐字）：
     `'G': round(G_conv, 2),`
     `'area_geom': round(area_conv, 2),`
   ⇒ 二者**皆已捨入**；該 `res` **⛔ 持未捨入之 `G`／`area_geom`**（未捨入者僅 `S_raw`／`W_far_raw`／`Rw_raw`／`W_rw_start_raw`）。
   ⇒ **取保守項**：逐字依取法取之，欄名記為 `G_回傳時_float_hex`／`area_geom_回傳時_float_hex`，逐筆附 `捨入態`；**⛔ 補算、⛔ 反事實**。

逐情境筆數 ＝ {'0m': 56, '3.5m': 59}｜合計 115
落檔 ＝ `verify/out/WG9308R_lots_pre.jsonl`｜62670 B｜`sha256` 395f980b95e2c1de17611f57ecbb90680101ce25874cf18231e0f16d03fa5e40｜`CR` 0

**同一次跑之 CSV（🛑 ⛔ 入倉·`.gitignore` 已列 `verify/out/got_*`）**
   `0m` ⇒ 16718 B｜`sha256` e040af7e49cac62ae9c23fb814814c83b932cbdf76f47b9c3c7616817a4dea6a｜`CR` 57｜資料列數 56
      表頭逐字 ＝ ['暫編地號', '原地號', '所屬街廓', '重劃前區段', 'a 面積(㎡)', '街廓面積(㎡)', '正面長度(m)', '平均深度(m)', 'A 地價比', 'l₂ 正面尺度', 'l₁ 側面尺度', '街角地', '第1筆街角', '街角側別', 'F(m)', 'W(m)', 'Rw(%)', 'S(m)', '幾何面積(㎡)', 'G(㎡)', '累積S(m)', '推進側別', '解法', '迭代次數', '是否收斂', '負擔比率', '宗地寬度(m)', '畸零地旗標', '驗_A幾何', '驗_A_W', '驗_A_D', '驗_A_命中角', '驗_A_理由', '驗_B藍影', '驗_B_G', '驗_B_藍影面積', '驗_B_Δ', '驗_B_臨正街', '驗_B_臨屁股', '驗_C面積', '驗_C_G', '驗_C_e', '驗_C_街角範圍面積', '驗_C_門檻', '驗_C_Δ', '驗_總判', '驗_rejected', '驗_鏈', '驗_宗序', '驗_不可判輸入']
   `3.5m` ⇒ 17565 B｜`sha256` 105df35a41cfdc67b75f6fd0dfc6dffc8fc6a9bf01dcf7c123f9ca00f81fa2de｜`CR` 60｜資料列數 59
      表頭逐字 ＝ ['暫編地號', '原地號', '所屬街廓', '重劃前區段', 'a 面積(㎡)', '街廓面積(㎡)', '正面長度(m)', '平均深度(m)', 'A 地價比', 'l₂ 正面尺度', 'l₁ 側面尺度', '街角地', '第1筆街角', '街角側別', 'F(m)', 'W(m)', 'Rw(%)', 'S(m)', '幾何面積(㎡)', 'G(㎡)', '累積S(m)', '推進側別', '解法', '迭代次數', '是否收斂', '負擔比率', '宗地寬度(m)', '畸零地旗標', '驗_A幾何', '驗_A_W', '驗_A_D', '驗_A_命中角', '驗_A_理由', '驗_B藍影', '驗_B_G', '驗_B_藍影面積', '驗_B_Δ', '驗_B_臨正街', '驗_B_臨屁股', '驗_C面積', '驗_C_G', '驗_C_e', '驗_C_街角範圍面積', '驗_C_門檻', '驗_C_Δ', '驗_總判', '驗_rejected', '驗_鏈', '驗_宗序', '驗_不可判輸入']

**自證 ①**（每情境筆數 ＝ 同一次跑之 CSV 資料列數）
   `0m` ⇒ `g_rows` 56 ／ CSV 56 ⇒ ✅
   `3.5m` ⇒ `g_rows` 59 ／ CSV 59 ⇒ ✅

**自證 ②**（同一物之動態證：逐欄相異 ＝ `0`）⇒ 相異 ＝ **0**｜✅

**自證 ③**（判別力[必相異]：二情境之紀錄集相異）⇒ True（僅 `0m` 有 56／僅 `3.5m` 有 59）⇒ ✅
**自證 ④**（判別力[必為零]：一**執行期組出**之人造地號於紀錄集命中）⇒ 0 ⇒ ✅

**自證 ⑤**（配對之三態逐筆分列）⇒ 唯一 **88**／零 **27**／多 **0**
   🛑 **零命中之全量（loud 逐筆具名）**：
      · 情境 `0m`｜列 `5`｜暫編地號 `R1-抵費地-1`｜`第1筆街角` `—`｜`推進側別` `抵費地`
      · 情境 `0m`｜列 `6`｜暫編地號 `R1-抵費地-2`｜`第1筆街角` `—`｜`推進側別` `抵費地`
      · 情境 `0m`｜列 `19`｜暫編地號 `R2-抵費地-1`｜`第1筆街角` `—`｜`推進側別` `抵費地`
      · 情境 `0m`｜列 `20`｜暫編地號 `R2-抵費地-2`｜`第1筆街角` `—`｜`推進側別` `抵費地`
      · 情境 `0m`｜列 `22`｜暫編地號 `R4-抵費地-1`｜`第1筆街角` `—`｜`推進側別` `抵費地`
      · 情境 `0m`｜列 `23`｜暫編地號 `R4-抵費地-2`｜`第1筆街角` `—`｜`推進側別` `抵費地`
      · 情境 `0m`｜列 `24`｜暫編地號 `R4-抵費地-3`｜`第1筆街角` `—`｜`推進側別` `抵費地`
      · 情境 `0m`｜列 `25`｜暫編地號 `R4-抵費地-4`｜`第1筆街角` `—`｜`推進側別` `抵費地`
      · 情境 `0m`｜列 `34`｜暫編地號 `R6-抵費地-1`｜`第1筆街角` `—`｜`推進側別` `抵費地`
      · 情境 `0m`｜列 `35`｜暫編地號 `R6-抵費地-2`｜`第1筆街角` `—`｜`推進側別` `抵費地`
      · 情境 `0m`｜列 `43`｜暫編地號 `R5-抵費地-1`｜`第1筆街角` `—`｜`推進側別` `抵費地`
      · 情境 `0m`｜列 `44`｜暫編地號 `R5-抵費地-2`｜`第1筆街角` `—`｜`推進側別` `抵費地`
      · 情境 `0m`｜列 `55`｜暫編地號 `R3-抵費地`｜`第1筆街角` `—`｜`推進側別` `抵費地`
      · 情境 `3.5m`｜列 `5`｜暫編地號 `R1-抵費地-1`｜`第1筆街角` `—`｜`推進側別` `抵費地`
      · 情境 `3.5m`｜列 `6`｜暫編地號 `R1-抵費地-2`｜`第1筆街角` `—`｜`推進側別` `抵費地`
      · 情境 `3.5m`｜列 `7`｜暫編地號 `R1-抵費地-3`｜`第1筆街角` `—`｜`推進側別` `抵費地`
      · 情境 `3.5m`｜列 `22`｜暫編地號 `R2-抵費地-1`｜`第1筆街角` `—`｜`推進側別` `抵費地`
      · 情境 `3.5m`｜列 `23`｜暫編地號 `R2-抵費地-2`｜`第1筆街角` `—`｜`推進側別` `抵費地`
      · 情境 `3.5m`｜列 `25`｜暫編地號 `R4-抵費地-1`｜`第1筆街角` `—`｜`推進側別` `抵費地`
      · 情境 `3.5m`｜列 `26`｜暫編地號 `R4-抵費地-2`｜`第1筆街角` `—`｜`推進側別` `抵費地`
      · 情境 `3.5m`｜列 `27`｜暫編地號 `R4-抵費地-3`｜`第1筆街角` `—`｜`推進側別` `抵費地`
      · 情境 `3.5m`｜列 `28`｜暫編地號 `R4-抵費地-4`｜`第1筆街角` `—`｜`推進側別` `抵費地`
      · 情境 `3.5m`｜列 `37`｜暫編地號 `R6-抵費地-1`｜`第1筆街角` `—`｜`推進側別` `抵費地`
      · 情境 `3.5m`｜列 `38`｜暫編地號 `R6-抵費地-2`｜`第1筆街角` `—`｜`推進側別` `抵費地`
      · 情境 `3.5m`｜列 `46`｜暫編地號 `R5-抵費地-1`｜`第1筆街角` `—`｜`推進側別` `抵費地`
      · 情境 `3.5m`｜列 `47`｜暫編地號 `R5-抵費地-2`｜`第1筆街角` `—`｜`推進側別` `抵費地`
      · 情境 `3.5m`｜列 `58`｜暫編地號 `R3-抵費地`｜`第1筆街角` `—`｜`推進側別` `抵費地`
   `round(float(G_回傳時), 2)` vs CSV 之 `G(㎡)` 之 `_norm` 相異 ＝ **0**
   `G` 於回傳時與進入結束時之 `float.hex` 相異 ＝ **0**

**自證 ⑥**（指紋判別力[必相異]：記憶體內複製一列之座標串、改其一分量之末位元）⇒ 相異 ＝ True ⇒ ✅

====================================================================================================================
── `§六-3`　款 `3`　逐情境之強制抵費地與街角第 `1` 宗（`自誤 417` 攔法 ① 之實施）──
母體 ＝ 二進入 × 該進入內 `g_rows` 所見之街廓 × `{left, right}` ⇒ **基數 ＝ 24**

| 進入 | 情境 | 街廓 | 側 | `(甲′)` 強制呼叫 | `(乙′)` `is_corner` 真 | `(乙″)` `第1筆街角=='是'` 列數 |
|---|---|---|---|---|---|---|
| `1` | `0m` | `R1` | `left` | False | True | `1` |
| `1` | `0m` | `R1` | `right` | False | True | `1` |
| `1` | `0m` | `R2` | `left` | False | True | `1` |
| `1` | `0m` | `R2` | `right` | False | False | `0` |
| `1` | `0m` | `R4` | `left` | True | True | `1` |
| `1` | `0m` | `R4` | `right` | False | False | `0` |
| `1` | `0m` | `R6` | `left` | False | False | `0` |
| `1` | `0m` | `R6` | `right` | False | True | `1` |
| `1` | `0m` | `R5` | `left` | False | True | `1` |
| `1` | `0m` | `R5` | `right` | False | False | `0` |
| `1` | `0m` | `R3` | `left` | False | False | `0` |
| `1` | `0m` | `R3` | `right` | False | True | `1` |
| `2` | `3.5m` | `R1` | `left` | False | True | `1` |
| `2` | `3.5m` | `R1` | `right` | False | True | `1` |
| `2` | `3.5m` | `R2` | `left` | True | False | `0` |
| `2` | `3.5m` | `R2` | `right` | False | False | `0` |
| `2` | `3.5m` | `R4` | `left` | True | True | `1` |
| `2` | `3.5m` | `R4` | `right` | False | False | `0` |
| `2` | `3.5m` | `R6` | `left` | False | False | `0` |
| `2` | `3.5m` | `R6` | `right` | False | True | `1` |
| `2` | `3.5m` | `R5` | `left` | False | True | `1` |
| `2` | `3.5m` | `R5` | `right` | False | False | `0` |
| `2` | `3.5m` | `R3` | `left` | False | False | `0` |
| `2` | `3.5m` | `R3` | `right` | False | True | `1` |

🔒 `(乙′)` 與 `(乙″)` 之**有無**相異之格 ＝ **0**

🔑 **`(甲′) ⋀ ¬(乙′)` 之格之全量** ＝ **1**
   · 情境 `3.5m`｜街廓 `R2`｜側 `left`

====================================================================================================================
── `§六-4`　款 `4`　`(丁′)` 綁定之輪次（**全量**·每一次強制呼叫）──
強制呼叫總數（`_corner_buffer_S` 之觸發數）＝ **21**｜本款之列數 ＝ **3**
| # | 進入 | 情境 | 街廓 | 側 | `_side_mid_left` | `_side_mid_right` | `_has_left_corner` | `_has_right_corner` |
|---|---|---|---|---|---|---|---|---|
| 1 | `1` | `'0m'` | `R4` | `L` | 存在而相異 | 存在而相異 | 存在且與本輪之登記值逐位相等 | 存在而相異 |
| 2 | `2` | `'3.5m'` | `R2` | `L` | 存在而相異 | 存在而相異 | 存在且與本輪之登記值逐位相等 | 存在而相異 |
| 3 | `2` | `'3.5m'` | `R4` | `L` | 存在而相異 | 存在而相異 | 存在且與本輪之登記值逐位相等 | 存在而相異 |

**「存在而相異」之逐筆全量（本輪之登記值對照）**
   · #1｜`R4`/`L`｜名 `_side_mid_left`｜框內值 `('0x1.2f1a8a21426fep+18', '0x1.43b7c8940f66ap+21')`｜本輪登記值 `('0x1.2f3a88d0d0679p+18', '0x1.43b8c5633c600p+21')`
   · #1｜`R4`/`L`｜名 `_side_mid_right`｜框內值 `None`｜本輪登記值 `('0x1.2f4b4170110a2p+18', '0x1.43b690525460ap+21')`
   · #1｜`R4`/`L`｜名 `_has_right_corner`｜框內值 `False`｜本輪登記值 `True`
   · #2｜`R2`/`L`｜名 `_side_mid_left`｜框內值 `('0x1.2f2a156b11c6ep+18', '0x1.43baf163bf727p+21')`｜本輪登記值 `('0x1.2f1a8a21426fep+18', '0x1.43b7c8940f66ap+21')`
   · #2｜`R2`/`L`｜名 `_side_mid_right`｜框內值 `('0x1.2f3927461f9f0p+18', '0x1.43b8f40f56eacp+21')`｜本輪登記值 `None`
   · #2｜`R2`/`L`｜名 `_has_right_corner`｜框內值 `True`｜本輪登記值 `False`
   · #3｜`R4`/`L`｜名 `_side_mid_left`｜框內值 `('0x1.2f1a8a21426fep+18', '0x1.43b7c8940f66ap+21')`｜本輪登記值 `('0x1.2f3a88d0d0679p+18', '0x1.43b8c5633c600p+21')`
   · #3｜`R4`/`L`｜名 `_side_mid_right`｜框內值 `None`｜本輪登記值 `('0x1.2f4b4170110a2p+18', '0x1.43b690525460ap+21')`
   · #3｜`R4`/`L`｜名 `_has_right_corner`｜框內值 `False`｜本輪登記值 `True`

====================================================================================================================
── `§六-5`　款 `5`　七級調配之 `ctx` 之登記表同一性──
`wf_f0.compute` 之觸發數 ＝ **1**
   · 情境 `'0m'`｜`c["cad"]["side_lines_by_side"] is c["fake_st"].session_state["f3_cad_side_lines_by_side"]` ⇒ **False**｜登記表之街廓數 cad 6 ／ ss 6｜型 dict ／ dict
   · 情境 `'3.5m'`｜`c["cad"]["side_lines_by_side"] is c["fake_st"].session_state["f3_cad_side_lines_by_side"]` ⇒ **False**｜登記表之街廓數 cad 6 ／ ss 6｜型 dict ／ dict
   🛑 **loud**：`wf_f0.compute` **以例外離開** ⇒ `RuntimeError: 🔴 GSA 錨檢破（0m）——**一次列出全部**（F-7-3：禁首個即 raise 致打地鼠）：
  【未被評估】錨鍵 ['G006', 'G007', 'G009', 'G010', 'G014', 'G017'] **未被任何一次比對評估**（其決策現況：G006→[該情境無任何決策列]｜G007→[該情境無任何決策列]｜G009→[該情境無任何決策列]｜G010→[該情境無任何決策列]｜G`
      ⇒ **七級調配（含末端塊之門檻 `_end_gate`、調配後剩餘之土地之判）於本次跑⛔ 被驅動**

====================================================================================================================
── `§六-6`　款 `6`　強制抵費地之側之前二宗（`K-9-32` 之受詞之現態）──
母體 ＝ 款 `3` 之 `(甲′)` 真之格 ⇒ **3** 格

### 情境 `0m`｜街廓 `R4`｜側 `left`　（該側之列 ＝ **1**）
   🛑 **loud 具名**：該側之列**不足 `2`**
   · 序 `0`｜`暫編地號` `628(1)+`｜`G(㎡)` `2017.54`｜`第1筆街角` `是`｜`街角側別` `左側`
      `_lg_cols` ⇒ `驗_宗序` ＝ `—`；`驗_B藍影` ＝ `—`；`驗_B_G` ＝ `—`；`驗_B_藍影面積` ＝ `—`
   `ns["K917_DROPPED"]` 之該 (街廓, 側) 新增記錄（**始末深複本之差**）＝ **0**

### 情境 `3.5m`｜街廓 `R2`｜側 `left`　（該側之列 ＝ **7**）
   · 序 `0`｜`暫編地號` `628-42(1)`｜`G(㎡)` `4.77`｜`第1筆街角` `否`｜`街角側別` `—`
      `_lg_cols` ⇒ `驗_宗序` ＝ `—`；`驗_B藍影` ＝ `—`；`驗_B_G` ＝ `—`；`驗_B_藍影面積` ＝ `—`
   · 序 `1`｜`暫編地號` `628-41(1)`｜`G(㎡)` `183.23`｜`第1筆街角` `否`｜`街角側別` `—`
      `_lg_cols` ⇒ `驗_宗序` ＝ `—`；`驗_B藍影` ＝ `—`；`驗_B_G` ＝ `—`；`驗_B_藍影面積` ＝ `—`
   `ns["K917_DROPPED"]` 之該 (街廓, 側) 新增記錄（**始末深複本之差**）＝ **0**

### 情境 `3.5m`｜街廓 `R4`｜側 `left`　（該側之列 ＝ **1**）
   🛑 **loud 具名**：該側之列**不足 `2`**
   · 序 `0`｜`暫編地號` `628(1)+`｜`G(㎡)` `2023.33`｜`第1筆街角` `是`｜`街角側別` `左側`
      `_lg_cols` ⇒ `驗_宗序` ＝ `—`；`驗_B藍影` ＝ `—`；`驗_B_G` ＝ `—`；`驗_B_藍影面積` ＝ `—`
   `ns["K917_DROPPED"]` 之該 (街廓, 側) 新增記錄（**始末深複本之差**）＝ **0**

**同一暫編地號於同一進入內出現於二側，或 `街角側別` 與 `推進側別` 相異者（逐筆·⛔ 判其當否）**
   （無）**⛔ 讀為「無異常」**

====================================================================================================================
── `§六-7`　款 `7`　逐宗之臨正街寬度與畸零地寬之現態（**⛔ 判合格與否**）──
🔒 **該側有無側街之取法**（逐字·`verify/stepg_pipeline.py`·⛔ 另立判準）：
     `_sl_left = _side_lines_blk.get('left') or {}`
     `_side_mid_left = _sl_left.get('mid')`
     `_has_left_corner = _side_mid_left is not None`
   （右側同形）

母體（`推進側別` ∈ `{left, right}`）**基數 ＝ 88**
其餘之列依 `推進側別` 之值逐值計數（⛔ 靜默略過）＝ {'抵費地': 27}

**畸零地寬 `W` 之取法**（同進入同街廓之列中 `驗_A_W` ≠ `'—'` 之值集·須恰為單一值）
   · `0m`／`R1` ⇒ ['3.5']
   · `0m`／`R2` ⇒ ['3.5']
   · `0m`／`R3` ⇒ ['3.5']
   · `0m`／`R5` ⇒ ['3.5']
   · `0m`／`R6` ⇒ ['3.5']
   · `3.5m`／`R1` ⇒ ['3.5']
   · `3.5m`／`R2` ⇒ ['3.5']
   · `3.5m`／`R3` ⇒ ['3.5']
   · `3.5m`／`R5` ⇒ ['3.5']
   · `3.5m`／`R6` ⇒ ['3.5']
   🛑 **loud**：⛔ 任何 `驗_A_W` ≠ `'—'` 之列者 ＝ [('0m', 'R4'), ('3.5m', 'R4')] ⇒ 其 `S_raw − W` 出艙「不可判」

**逐宗之全量**
| 情境 | 街廓 | 側 | `k` | 暫編地號 | `第1筆街角` | 有側街 | `(甲′)` | `S_raw`(hex) | `S`(hex) | CSV `S(m)` | `驗_A_W` | `驗_A幾何` | `驗_B藍影` | `驗_B_臨正街` | `S_raw − W`(帶號) | `\|S_raw − W\|` |
|---|---|---|---|---|---|---|---|---|---|---|---|---|---|---|---|---|
| `0m` | `R1` | `left` | `0` | `628-37(1)` | `是` | True | False | `0x1.9eb1c21c3035bp+2` | `0x1.9eb851eb851ecp+2` | `6.48` | `—` | `不適用` | `不適用` | `—` | `2.979600` | `2.979600` |
| `0m` | `R1` | `left` | `1` | `628-35(2)` | `否` | True | False | `0x1.1ee4c544fde18p+4` | `0x1.1ee147ae147aep+4` | `17.93` | `3.5` | `合格` | `合格` | `17.932855` | `14.430852` | `14.430852` |
| `0m` | `R1` | `right` | `0` | `628(5)` | `是` | True | False | `0x1.dcdbe0ee1d228p+2` | `0x1.dcccccccccccdp+2` | `7.45` | `—` | `不適用` | `不適用` | `—` | `3.950920` | `3.950920` |
| `0m` | `R1` | `right` | `1` | `628-34(3)` | `否` | True | False | `0x1.327d1739e31e4p+1` | `0x1.31eb851eb851fp+1` | `2.39` | `3.5` | `不合格` | `合格` | `2.396449` | `-1.105558` | `1.105558` |
| `0m` | `R1` | `right` | `2` | `628-36(1)` | `否` | True | False | `0x1.1feb8bb76484cp+4` | `0x1.2000000000000p+4` | `18.0` | `3.5` | `合格` | `不適用` | `—` | `14.495006` | `14.495006` |
| `0m` | `R2` | `left` | `0` | `628-41(1)` | `是` | True | False | `0x1.038b3413e2aa6p+2` | `0x1.03d70a3d70a3dp+2` | `4.06` | `—` | `不適用` | `不適用` | `—` | `0.555371` | `0.555371` |
| `0m` | `R2` | `left` | `1` | `628-40(1)+` | `否` | True | False | `0x1.01efc20274056p+3` | `0x1.01eb851eb851fp+3` | `8.06` | `3.5` | `合格` | `合格` | `8.062513` | `4.560517` | `4.560517` |
| `0m` | `R2` | `left` | `2` | `628-30(2)` | `否` | True | False | `0x1.f31a5ce28c90ap+0` | `0x1.f333333333333p+0` | `1.95` | `3.5` | `不合格` | `不適用` | `—` | `-1.550379` | `1.550379` |
| `0m` | `R2` | `left` | `3` | `628-39(1)` | `否` | True | False | `0x1.4e5dcbbf17eb4p+2` | `0x1.4e147ae147ae1p+2` | `5.22` | `3.5` | `合格` | `不適用` | `—` | `1.724475` | `1.724475` |
| `0m` | `R2` | `left` | `4` | `628-31(2)` | `否` | True | False | `0x1.183d79816a366p+3` | `0x1.1851eb851eb85p+3` | `8.76` | `3.5` | `合格` | `不適用` | `—` | `5.257504` | `5.257504` |
| `0m` | `R2` | `right` | `0` | `628-35(1)` | `否` | False | False | `0x1.56cc896d2f60ap+0` | `0x1.570a3d70a3d71p+0` | `1.34` | `3.5` | `不合格` | `不適用` | `—` | `-2.160942` | `2.160942` |
| `0m` | `R2` | `right` | `1` | `628-34(1)` | `否` | False | False | `0x1.39ba900faa402p+3` | `0x1.399999999999ap+3` | `9.8` | `3.5` | `合格` | `不適用` | `—` | `6.304024` | `6.304024` |
| `0m` | `R2` | `right` | `2` | `628-49(1)` | `否` | False | False | `0x1.7baa688bac630p+0` | `0x1.7ae147ae147aep+0` | `1.48` | `3.5` | `不合格` | `不適用` | `—` | `-2.016931` | `2.016931` |
| `0m` | `R2` | `right` | `3` | `628-50(1)` | `否` | False | False | `0x1.aab2c4cae96d2p+1` | `0x1.aa3d70a3d70a4p+1` | `3.33` | `3.5` | `不合格` | `不適用` | `—` | `-0.166419` | `0.166419` |
| `0m` | `R2` | `right` | `4` | `628-51(1)` | `否` | False | False | `0x1.a8a9ec906a944p+1` | `0x1.a8f5c28f5c28fp+1` | `3.32` | `3.5` | `不合格` | `不適用` | `—` | `-0.182314` | `0.182314` |
| `0m` | `R2` | `right` | `5` | `628-52(1)` | `否` | False | False | `0x1.9e99fc3adf4e0p+0` | `0x1.9eb851eb851ecp+0` | `1.62` | `3.5` | `不合格` | `不適用` | `—` | `-1.880463` | `1.880463` |
| `0m` | `R2` | `right` | `6` | `628-32(2)` | `否` | False | False | `0x1.3beea25f2553cp+3` | `0x1.3bd70a3d70a3dp+3` | `9.87` | `3.5` | `合格` | `不適用` | `—` | `6.372880` | `6.372880` |
| `0m` | `R4` | `left` | `0` | `628(1)+` | `是` | True | True | `0x1.e7663994d0351p+5` | `0x1.e75c28f5c28f6p+5` | `60.92` | `—` | `不適用` | `不適用` | `—` | `不可判` | `不可判` |
| `0m` | `R6` | `left` | `0` | `628(2)+` | `否` | False | False | `0x1.9d42c2139f878p+1` | `0x1.9d70a3d70a3d7p+1` | `3.23` | `3.5` | `不合格` | `不適用` | `—` | `-0.271400` | `0.271400` |
| `0m` | `R6` | `left` | `1` | `628-4(1)` | `否` | False | False | `0x1.d73fa173ebfa0p+3` | `0x1.d75c28f5c28f6p+3` | `14.73` | `3.5` | `合格` | `不適用` | `—` | `11.226517` | `11.226517` |
| `0m` | `R6` | `left` | `2` | `628-23(1)+` | `否` | False | False | `0x1.2b1e0861c816ep+3` | `0x1.2b33333333333p+3` | `9.35` | `3.5` | `合格` | `不適用` | `—` | `5.847416` | `5.847416` |
| `0m` | `R6` | `right` | `0` | `628-18(1)` | `是` | True | False | `0x1.ce28797a7e910p+2` | `0x1.ce147ae147ae1p+2` | `7.22` | `—` | `不適用` | `不適用` | `—` | `3.721220` | `3.721220` |
| `0m` | `R6` | `right` | `1` | `628-53(1)` | `否` | True | False | `0x1.80fbe5051fe2cp-8` | `0x1.47ae147ae147bp-7` | `0.01` | `3.5` | `不合格` | `合格` | `0.00787` | `-3.494126` | `3.494126` |
| `0m` | `R6` | `right` | `2` | `628-38(1)` | `否` | True | False | `0x1.5917b5526b1b8p+1` | `0x1.599999999999ap+1` | `2.7` | `3.5` | `不合格` | `不適用` | `—` | `-0.803964` | `0.803964` |
| `0m` | `R6` | `right` | `3` | `628-7(1)` | `否` | True | False | `0x1.b98ec5b47f1c9p+2` | `0x1.b99999999999ap+2` | `6.9` | `3.5` | `合格` | `不適用` | `—` | `3.399339` | `3.399339` |
| `0m` | `R6` | `right` | `4` | `628-20(1)` | `否` | True | False | `0x1.eb62ebc1ae4c8p+2` | `0x1.eb851eb851eb8p+2` | `7.68` | `3.5` | `合格` | `不適用` | `—` | `4.177913` | `4.177913` |
| `0m` | `R5` | `left` | `0` | `628-18(2)` | `是` | True | False | `0x1.36639cc49eb06p+2` | `0x1.3666666666666p+2` | `4.85` | `—` | `不適用` | `不適用` | `—` | `1.349830` | `1.349830` |
| `0m` | `R5` | `left` | `1` | `628-7(2)` | `否` | True | False | `0x1.c109f706bd354p+2` | `0x1.c147ae147ae14p+2` | `7.02` | `3.5` | `合格` | `合格` | `7.018238` | `3.516233` | `3.516233` |
| `0m` | `R5` | `left` | `2` | `628-45(1)+` | `否` | True | False | `0x1.076e9055378f6p+3` | `0x1.075c28f5c28f6p+3` | `8.23` | `3.5` | `合格` | `不適用` | `—` | `4.732247` | `4.732247` |
| `0m` | `R5` | `left` | `3` | `628-31(1)` | `否` | True | False | `0x1.ec3af4bd25acdp-3` | `0x1.eb851eb851eb8p-3` | `0.24` | `3.5` | `不合格` | `不適用` | `—` | `-3.259653` | `3.259653` |
| `0m` | `R5` | `left` | `4` | `628-32(1)` | `否` | True | False | `0x1.218fab95cc6a4p-4` | `0x1.1eb851eb851ecp-4` | `0.07` | `3.5` | `不合格` | `不適用` | `—` | `-3.429306` | `3.429306` |
| `0m` | `R5` | `right` | `0` | `628(3)` | `否` | False | False | `0x1.8f4a8b4a5d4e0p+1` | `0x1.8f5c28f5c28f6p+1` | `3.12` | `3.5` | `不合格` | `不適用` | `—` | `-0.380538` | `0.380538` |
| `0m` | `R5` | `right` | `1` | `628-21(2)+` | `否` | False | False | `0x1.e2ed7228607d3p+4` | `0x1.e2e147ae147aep+4` | `30.18` | `3.5` | `合格` | `不適用` | `—` | `26.682970` | `26.682970` |
| `0m` | `R3` | `left` | `0` | `628(4)` | `否` | False | False | `0x1.06cb07b95c4fep+0` | `0x1.07ae147ae147bp+0` | `1.03` | `3.5` | `不合格` | `不適用` | `—` | `-2.473465` | `2.473465` |
| `0m` | `R3` | `left` | `1` | `628-34(2)` | `否` | False | False | `0x1.6de219b798b39p+2` | `0x1.6e147ae147ae1p+2` | `5.72` | `3.5` | `合格` | `不適用` | `—` | `2.216925` | `2.216925` |
| `0m` | `R3` | `left` | `2` | `628-46(1)` | `否` | False | False | `0x1.a92f07f97058bp+0` | `0x1.a8f5c28f5c28fp+0` | `1.66` | `3.5` | `不合格` | `不適用` | `—` | `-1.839126` | `1.839126` |
| `0m` | `R3` | `left` | `3` | `628-47(1)+` | `否` | False | False | `0x1.0acf6f735ed06p+3` | `0x1.0ae147ae147aep+3` | `8.34` | `3.5` | `合格` | `不適用` | `—` | `4.837822` | `4.837822` |
| `0m` | `R3` | `left` | `4` | `628-32(3)` | `否` | False | False | `0x1.3293b2d4e3fa6p+3` | `0x1.328f5c28f5c29p+3` | `9.58` | `3.5` | `合格` | `不適用` | `—` | `6.080530` | `6.080530` |
| `0m` | `R3` | `right` | `0` | `628-30(3)+` | `是` | True | False | `0x1.18aee4e688498p+4` | `0x1.18a3d70a3d70ap+4` | `17.54` | `—` | `不適用` | `不適用` | `—` | `14.042699` | `14.042699` |
| `0m` | `R3` | `right` | `1` | `628-42(2)` | `否` | True | False | `0x1.48cb245a7b9e7p-2` | `0x1.47ae147ae147bp-2` | `0.32` | `3.5` | `不合格` | `合格` | `0.32309` | `-3.178913` | `3.178913` |
| `0m` | `R3` | `right` | `2` | `628-27(2)` | `否` | True | False | `0x1.3030c597dc9e0p-1` | `0x1.2e147ae147ae1p-1` | `0.59` | `3.5` | `不合格` | `不適用` | `—` | `-2.905878` | `2.905878` |
| `0m` | `R3` | `right` | `3` | `628-29(1)+` | `否` | True | False | `0x1.7943fc65c07f4p+1` | `0x1.799999999999ap+1` | `2.95` | `3.5` | `不合格` | `不適用` | `—` | `-0.552613` | `0.552613` |
| `0m` | `R3` | `right` | `4` | `628-31(3)` | `否` | True | False | `0x1.115412f4eeb52p+3` | `0x1.1147ae147ae14p+3` | `8.54` | `3.5` | `合格` | `不適用` | `—` | `5.041513` | `5.041513` |
| `3.5m` | `R1` | `left` | `0` | `628-36(1)` | `是` | True | False | `0x1.1909f4a3a4f99p+4` | `0x1.18f5c28f5c28fp+4` | `17.56` | `—` | `不適用` | `不適用` | `—` | `14.064931` | `14.064931` |
| `3.5m` | `R1` | `right` | `0` | `628(5)` | `是` | True | False | `0x1.dcdf88b1a390cp+2` | `0x1.dcccccccccccdp+2` | `7.45` | `—` | `不適用` | `不適用` | `—` | `3.951143` | `3.951143` |
| `3.5m` | `R1` | `right` | `1` | `628-34(3)` | `否` | True | False | `0x1.328455e9f6a84p+1` | `0x1.31eb851eb851fp+1` | `2.39` | `3.5` | `不合格` | `合格` | `2.396671` | `-1.105336` | `1.105336` |
| `3.5m` | `R1` | `right` | `2` | `628-37(1)` | `否` | True | False | `0x1.a1e4a7786d31ep+2` | `0x1.a1eb851eb851fp+2` | `6.53` | `3.5` | `合格` | `不適用` | `—` | `3.029581` | `3.029581` |
| `3.5m` | `R1` | `right` | `3` | `628-35(2)` | `否` | True | False | `0x1.27cf392bb5faap+4` | `0x1.27d70a3d70a3dp+4` | `18.49` | `3.5` | `合格` | `不適用` | `—` | `14.988092` | `14.988092` |
| `3.5m` | `R2` | `left` | `0` | `628-42(1)` | `否` | True | True | `0x1.b340374bc5bc7p-4` | `0x1.c28f5c28f5c29p-4` | `0.11` | `3.5` | `不合格` | `不適用` | `—` | `-3.393738` | `3.393738` |
| `3.5m` | `R2` | `left` | `1` | `628-41(1)` | `否` | True | True | `0x1.0545134536a1ap+2` | `0x1.051eb851eb852p+2` | `4.08` | `3.5` | `合格` | `合格` | `4.084339` | `0.582341` | `0.582341` |
| `3.5m` | `R2` | `left` | `2` | `628-27(1)` | `否` | True | True | `0x1.5204b8dc1a49ap-1` | `0x1.51eb851eb851fp-1` | `0.66` | `3.5` | `不合格` | `不適用` | `—` | `-2.839808` | `2.839808` |
| `3.5m` | `R2` | `left` | `3` | `628-40(1)+` | `否` | True | True | `0x1.aba4123d27e96p+2` | `0x1.ab851eb851eb8p+2` | `6.68` | `3.5` | `合格` | `不適用` | `—` | `3.181889` | `3.181889` |
| `3.5m` | `R2` | `left` | `4` | `628-30(2)` | `否` | True | True | `0x1.012b871e5528ep+1` | `0x1.0147ae147ae14p+1` | `2.01` | `3.5` | `不合格` | `不適用` | `—` | `-1.490859` | `1.490859` |
| `3.5m` | `R2` | `left` | `5` | `628-39(1)` | `否` | True | True | `0x1.52531c2edf218p+2` | `0x1.528f5c28f5c29p+2` | `5.29` | `3.5` | `合格` | `不適用` | `—` | `1.786323` | `1.786323` |
| `3.5m` | `R2` | `left` | `6` | `628-31(2)` | `否` | True | True | `0x1.18886088fa22ap+3` | `0x1.18a3d70a3d70ap+3` | `8.77` | `3.5` | `合格` | `不適用` | `—` | `5.266648` | `5.266648` |
| `3.5m` | `R2` | `right` | `0` | `628-35(1)` | `否` | False | False | `0x1.56d7f56440808p+0` | `0x1.570a3d70a3d71p+0` | `1.34` | `3.5` | `不合格` | `不適用` | `—` | `-2.160767` | `2.160767` |
| `3.5m` | `R2` | `right` | `1` | `628-34(1)` | `否` | False | False | `0x1.39bbb2b1ac2e1p+3` | `0x1.399999999999ap+3` | `9.8` | `3.5` | `合格` | `不適用` | `—` | `6.304162` | `6.304162` |
| `3.5m` | `R2` | `right` | `2` | `628-49(1)` | `否` | False | False | `0x1.7babd01d31960p+0` | `0x1.7ae147ae147aep+0` | `1.48` | `3.5` | `不合格` | `不適用` | `—` | `-2.016910` | `2.016910` |
| `3.5m` | `R2` | `right` | `3` | `628-50(1)` | `否` | False | False | `0x1.aaaa717c343d2p+1` | `0x1.aa3d70a3d70a4p+1` | `3.33` | `3.5` | `不合格` | `不適用` | `—` | `-0.166673` | `0.166673` |
| `3.5m` | `R2` | `right` | `4` | `628-51(1)` | `否` | False | False | `0x1.a8a4885665ff0p+1` | `0x1.a8f5c28f5c28fp+1` | `3.32` | `3.5` | `不合格` | `不適用` | `—` | `-0.182479` | `0.182479` |
| `3.5m` | `R2` | `right` | `5` | `628-52(1)` | `否` | False | False | `0x1.9e90e1aeba732p+0` | `0x1.9eb851eb851ecp+0` | `1.62` | `3.5` | `不合格` | `不適用` | `—` | `-1.880602` | `1.880602` |
| `3.5m` | `R2` | `right` | `6` | `628-32(2)` | `否` | False | False | `0x1.3bed49649676dp+3` | `0x1.3bd70a3d70a3dp+3` | `9.87` | `3.5` | `合格` | `不適用` | `—` | `6.372716` | `6.372716` |
| `3.5m` | `R4` | `left` | `0` | `628(1)+` | `是` | True | True | `0x1.e8cfff1598520p+5` | `0x1.e8ccccccccccdp+5` | `61.1` | `—` | `不適用` | `不適用` | `—` | `不可判` | `不可判` |
| `3.5m` | `R6` | `left` | `0` | `628(2)+` | `否` | False | False | `0x1.9d42c2139f878p+1` | `0x1.9d70a3d70a3d7p+1` | `3.23` | `3.5` | `不合格` | `不適用` | `—` | `-0.271400` | `0.271400` |
| `3.5m` | `R6` | `left` | `1` | `628-4(1)` | `否` | False | False | `0x1.d73fa173ebfa0p+3` | `0x1.d75c28f5c28f6p+3` | `14.73` | `3.5` | `合格` | `不適用` | `—` | `11.226517` | `11.226517` |
| `3.5m` | `R6` | `left` | `2` | `628-23(1)+` | `否` | False | False | `0x1.2b1e0861c816ep+3` | `0x1.2b33333333333p+3` | `9.35` | `3.5` | `合格` | `不適用` | `—` | `5.847416` | `5.847416` |
| `3.5m` | `R6` | `right` | `0` | `628-18(1)` | `是` | True | False | `0x1.ce28797a7e910p+2` | `0x1.ce147ae147ae1p+2` | `7.22` | `—` | `不適用` | `不適用` | `—` | `3.721220` | `3.721220` |
| `3.5m` | `R6` | `right` | `1` | `628-53(1)` | `否` | True | False | `0x1.80fbe5051fe2cp-8` | `0x1.47ae147ae147bp-7` | `0.01` | `3.5` | `不合格` | `合格` | `0.00787` | `-3.494126` | `3.494126` |
| `3.5m` | `R6` | `right` | `2` | `628-38(1)` | `否` | True | False | `0x1.5917b5526b1b8p+1` | `0x1.599999999999ap+1` | `2.7` | `3.5` | `不合格` | `不適用` | `—` | `-0.803964` | `0.803964` |
| `3.5m` | `R6` | `right` | `3` | `628-7(1)` | `否` | True | False | `0x1.b98ec5b47f1c9p+2` | `0x1.b99999999999ap+2` | `6.9` | `3.5` | `合格` | `不適用` | `—` | `3.399339` | `3.399339` |
| `3.5m` | `R6` | `right` | `4` | `628-20(1)` | `否` | True | False | `0x1.eb62ebc1ae4c8p+2` | `0x1.eb851eb851eb8p+2` | `7.68` | `3.5` | `合格` | `不適用` | `—` | `4.177913` | `4.177913` |
| `3.5m` | `R5` | `left` | `0` | `628-45(1)+` | `是` | True | False | `0x1.01e513f357e6ap+3` | `0x1.01eb851eb851fp+3` | `8.06` | `—` | `不適用` | `不適用` | `—` | `4.559214` | `4.559214` |
| `3.5m` | `R5` | `left` | `1` | `628-18(2)` | `否` | True | False | `0x1.96aac05668e62p+2` | `0x1.9666666666666p+2` | `6.35` | `3.5` | `合格` | `合格` | `6.356177` | `2.854172` | `2.854172` |
| `3.5m` | `R5` | `left` | `2` | `628-7(2)` | `否` | True | False | `0x1.6c89b764573fap+2` | `0x1.6cccccccccccdp+2` | `5.7` | `3.5` | `合格` | `不適用` | `—` | `2.195906` | `2.195906` |
| `3.5m` | `R5` | `left` | `3` | `628-31(1)` | `否` | True | False | `0x1.ec121ebc86b84p-3` | `0x1.eb851eb851eb8p-3` | `0.24` | `3.5` | `不合格` | `不適用` | `—` | `-3.259731` | `3.259731` |
| `3.5m` | `R5` | `left` | `4` | `628-32(1)` | `否` | True | False | `0x1.2177a5e00407bp-4` | `0x1.1eb851eb851ecp-4` | `0.07` | `3.5` | `不合格` | `不適用` | `—` | `-3.429329` | `3.429329` |
| `3.5m` | `R5` | `right` | `0` | `628(3)` | `否` | False | False | `0x1.8f4bf24860317p+1` | `0x1.8f5c28f5c28f6p+1` | `3.12` | `3.5` | `不合格` | `不適用` | `—` | `-0.380495` | `0.380495` |
| `3.5m` | `R5` | `right` | `1` | `628-21(2)+` | `否` | False | False | `0x1.e2eead6ef798fp+4` | `0x1.e2e147ae147aep+4` | `30.18` | `3.5` | `合格` | `不適用` | `—` | `26.683271` | `26.683271` |
| `3.5m` | `R3` | `left` | `0` | `628(4)` | `否` | False | False | `0x1.06cb07b95c4fep+0` | `0x1.07ae147ae147bp+0` | `1.03` | `3.5` | `不合格` | `不適用` | `—` | `-2.473465` | `2.473465` |
| `3.5m` | `R3` | `left` | `1` | `628-34(2)` | `否` | False | False | `0x1.6de219b798b39p+2` | `0x1.6e147ae147ae1p+2` | `5.72` | `3.5` | `合格` | `不適用` | `—` | `2.216925` | `2.216925` |
| `3.5m` | `R3` | `left` | `2` | `628-46(1)` | `否` | False | False | `0x1.a92f07f97058bp+0` | `0x1.a8f5c28f5c28fp+0` | `1.66` | `3.5` | `不合格` | `不適用` | `—` | `-1.839126` | `1.839126` |
| `3.5m` | `R3` | `left` | `3` | `628-47(1)+` | `否` | False | False | `0x1.0acf6f735ed06p+3` | `0x1.0ae147ae147aep+3` | `8.34` | `3.5` | `合格` | `不適用` | `—` | `4.837822` | `4.837822` |
| `3.5m` | `R3` | `left` | `4` | `628-32(3)` | `否` | False | False | `0x1.3293b2d4e3fa6p+3` | `0x1.328f5c28f5c29p+3` | `9.58` | `3.5` | `合格` | `不適用` | `—` | `6.080530` | `6.080530` |
| `3.5m` | `R3` | `right` | `0` | `628-30(3)+` | `是` | True | False | `0x1.18aee4e688498p+4` | `0x1.18a3d70a3d70ap+4` | `17.54` | `—` | `不適用` | `不適用` | `—` | `14.042699` | `14.042699` |
| `3.5m` | `R3` | `right` | `1` | `628-42(2)` | `否` | True | False | `0x1.48cb245a7b9e7p-2` | `0x1.47ae147ae147bp-2` | `0.32` | `3.5` | `不合格` | `合格` | `0.32309` | `-3.178913` | `3.178913` |
| `3.5m` | `R3` | `right` | `2` | `628-27(2)` | `否` | True | False | `0x1.3030c597dc9e0p-1` | `0x1.2e147ae147ae1p-1` | `0.59` | `3.5` | `不合格` | `不適用` | `—` | `-2.905878` | `2.905878` |
| `3.5m` | `R3` | `right` | `3` | `628-29(1)+` | `否` | True | False | `0x1.7943fc65c07f4p+1` | `0x1.799999999999ap+1` | `2.95` | `3.5` | `不合格` | `不適用` | `—` | `-0.552613` | `0.552613` |
| `3.5m` | `R3` | `right` | `4` | `628-31(3)` | `否` | True | False | `0x1.115412f4eeb52p+3` | `0x1.1147ae147ae14p+3` | `8.54` | `3.5` | `合格` | `不適用` | `—` | `5.041513` | `5.041513` |

**分類計數表**（以程式自資料列計數·逐情境分列）
| 情境 | 類 | 列數 | `S_raw < W` 之列數 | `驗_A幾何` 各值之數 |
|---|---|---|---|---|
| `0m` | 類① `k=0` ⋀ 有側街 | `7` | `0` | {'不適用': 7} |
| `0m` | 類② `k=0` ⋀ 無側街 | `4` | `4` | {'不合格': 4} |
| `0m` | 類③ `k=1` ⋀ 有側街 | `6` | `3` | {'合格': 3, '不合格': 3} |
| `0m` | 類④ 其餘 | `26` | `11` | {'合格': 15, '不合格': 11} |
| `3.5m` | 類① `k=0` ⋀ 有側街 | `7` | `1` | {'不適用': 6, '不合格': 1} |
| `3.5m` | 類② `k=0` ⋀ 無側街 | `4` | `4` | {'不合格': 4} |
| `3.5m` | 類③ `k=1` ⋀ 有側街 | `5` | `3` | {'不合格': 3, '合格': 2} |
| `3.5m` | 類④ 其餘 | `29` | `12` | {'合格': 17, '不合格': 12} |

**`S_raw < W` 之列之全量** ＝ **38**
   · 情境 `0m`｜街廓 `R2`｜側 `right`｜`k` `0`｜`628-35(1)`｜`S_raw` `1.339058` < `W` `3.5`
   · 情境 `0m`｜街廓 `R6`｜側 `left`｜`k` `0`｜`628(2)+`｜`S_raw` `3.228600` < `W` `3.5`
   · 情境 `0m`｜街廓 `R5`｜側 `right`｜`k` `0`｜`628(3)`｜`S_raw` `3.119462` < `W` `3.5`
   · 情境 `0m`｜街廓 `R3`｜側 `left`｜`k` `0`｜`628(4)`｜`S_raw` `1.026535` < `W` `3.5`
   · 情境 `0m`｜街廓 `R1`｜側 `right`｜`k` `1`｜`628-34(3)`｜`S_raw` `2.394442` < `W` `3.5`
   · 情境 `0m`｜街廓 `R6`｜側 `right`｜`k` `1`｜`628-53(1)`｜`S_raw` `0.005874` < `W` `3.5`
   · 情境 `0m`｜街廓 `R3`｜側 `right`｜`k` `1`｜`628-42(2)`｜`S_raw` `0.321087` < `W` `3.5`
   · 情境 `0m`｜街廓 `R2`｜側 `left`｜`k` `2`｜`628-30(2)`｜`S_raw` `1.949621` < `W` `3.5`
   · 情境 `0m`｜街廓 `R2`｜側 `right`｜`k` `2`｜`628-49(1)`｜`S_raw` `1.483069` < `W` `3.5`
   · 情境 `0m`｜街廓 `R2`｜側 `right`｜`k` `3`｜`628-50(1)`｜`S_raw` `3.333581` < `W` `3.5`
   · 情境 `0m`｜街廓 `R2`｜側 `right`｜`k` `4`｜`628-51(1)`｜`S_raw` `3.317686` < `W` `3.5`
   · 情境 `0m`｜街廓 `R2`｜側 `right`｜`k` `5`｜`628-52(1)`｜`S_raw` `1.619537` < `W` `3.5`
   · 情境 `0m`｜街廓 `R6`｜側 `right`｜`k` `2`｜`628-38(1)`｜`S_raw` `2.696036` < `W` `3.5`
   · 情境 `0m`｜街廓 `R5`｜側 `left`｜`k` `3`｜`628-31(1)`｜`S_raw` `0.240347` < `W` `3.5`
   · 情境 `0m`｜街廓 `R5`｜側 `left`｜`k` `4`｜`628-32(1)`｜`S_raw` `0.070694` < `W` `3.5`
   · 情境 `0m`｜街廓 `R3`｜側 `left`｜`k` `2`｜`628-46(1)`｜`S_raw` `1.660874` < `W` `3.5`
   · 情境 `0m`｜街廓 `R3`｜側 `right`｜`k` `2`｜`628-27(2)`｜`S_raw` `0.594122` < `W` `3.5`
   · 情境 `0m`｜街廓 `R3`｜側 `right`｜`k` `3`｜`628-29(1)+`｜`S_raw` `2.947387` < `W` `3.5`
   · 情境 `3.5m`｜街廓 `R2`｜側 `left`｜`k` `0`｜`628-42(1)`｜`S_raw` `0.106262` < `W` `3.5`
   · 情境 `3.5m`｜街廓 `R2`｜側 `right`｜`k` `0`｜`628-35(1)`｜`S_raw` `1.339233` < `W` `3.5`
   · 情境 `3.5m`｜街廓 `R6`｜側 `left`｜`k` `0`｜`628(2)+`｜`S_raw` `3.228600` < `W` `3.5`
   · 情境 `3.5m`｜街廓 `R5`｜側 `right`｜`k` `0`｜`628(3)`｜`S_raw` `3.119505` < `W` `3.5`
   · 情境 `3.5m`｜街廓 `R3`｜側 `left`｜`k` `0`｜`628(4)`｜`S_raw` `1.026535` < `W` `3.5`
   · 情境 `3.5m`｜街廓 `R1`｜側 `right`｜`k` `1`｜`628-34(3)`｜`S_raw` `2.394664` < `W` `3.5`
   · 情境 `3.5m`｜街廓 `R6`｜側 `right`｜`k` `1`｜`628-53(1)`｜`S_raw` `0.005874` < `W` `3.5`
   · 情境 `3.5m`｜街廓 `R3`｜側 `right`｜`k` `1`｜`628-42(2)`｜`S_raw` `0.321087` < `W` `3.5`
   · 情境 `3.5m`｜街廓 `R2`｜側 `left`｜`k` `2`｜`628-27(1)`｜`S_raw` `0.660192` < `W` `3.5`
   · 情境 `3.5m`｜街廓 `R2`｜側 `left`｜`k` `4`｜`628-30(2)`｜`S_raw` `2.009141` < `W` `3.5`
   · 情境 `3.5m`｜街廓 `R2`｜側 `right`｜`k` `2`｜`628-49(1)`｜`S_raw` `1.483090` < `W` `3.5`
   · 情境 `3.5m`｜街廓 `R2`｜側 `right`｜`k` `3`｜`628-50(1)`｜`S_raw` `3.333327` < `W` `3.5`
   · 情境 `3.5m`｜街廓 `R2`｜側 `right`｜`k` `4`｜`628-51(1)`｜`S_raw` `3.317521` < `W` `3.5`
   · 情境 `3.5m`｜街廓 `R2`｜側 `right`｜`k` `5`｜`628-52(1)`｜`S_raw` `1.619398` < `W` `3.5`
   · 情境 `3.5m`｜街廓 `R6`｜側 `right`｜`k` `2`｜`628-38(1)`｜`S_raw` `2.696036` < `W` `3.5`
   · 情境 `3.5m`｜街廓 `R5`｜側 `left`｜`k` `3`｜`628-31(1)`｜`S_raw` `0.240269` < `W` `3.5`
   · 情境 `3.5m`｜街廓 `R5`｜側 `left`｜`k` `4`｜`628-32(1)`｜`S_raw` `0.070671` < `W` `3.5`
   · 情境 `3.5m`｜街廓 `R3`｜側 `left`｜`k` `2`｜`628-46(1)`｜`S_raw` `1.660874` < `W` `3.5`
   · 情境 `3.5m`｜街廓 `R3`｜側 `right`｜`k` `2`｜`628-27(2)`｜`S_raw` `0.594122` < `W` `3.5`
   · 情境 `3.5m`｜街廓 `R3`｜側 `right`｜`k` `3`｜`628-29(1)+`｜`S_raw` `2.947387` < `W` `3.5`

**自證 ①**（款 `3` 之 `(甲′)` 真之格，其「該側有無側街」皆 ＝ 有）
   不合者 ＝ **0** ⇒ ✅
**自證 ②**（母體列數 ＋ 其餘之列數 ＝ 款 `2` 之每情境筆數）
   88 ＋ 27 ＝ 115 ／ 款 `2` 合計 115 ⇒ ✅
**自證 ③**（判別力[必非空]：類① 與類② 於每一情境皆 `> 0`）⇒ 類① {'0m': 7, '3.5m': 7}／類② {'0m': 4, '3.5m': 4} ⇒ ✅
**自證 ④**（配對 `res` 之 `S` 之 `round(·, 2)` 與 CSV 之 `S(m)` 之 `_norm` 相等）⇒ 相異 ＝ **0** ⇒ ✅

🛑 **⛔ 判**：`S` 是否為截角前之寬、任一宗之合格與否、類④ 之列是否屬 `K-9-33` 之受詞。

====================================================================================================================
── `§六-8`　器紅之判──
🛑 **器紅** ⇒ 🔴 **成就 ⇒ 停、上呈**：款 `4` 之列數 ≠ 強制呼叫總數
🔒 款 `2` ⑤ 之零命中、款 `3`〜`7` 之任何結果——**⛔ 停**，逐項照實具名，**裁屬發單側**。

── 🛑 loud 之全量 ──
   （無記錄）**⛔ 讀為「無異常」**

====================================================================================================================
【本器⛔ 判改法·⛔ 判可施與否·⛔ 擬任何 diff·⛔ 開分支·⛔ 動用 KL 之放行】
====================================================================================================================
